"../../../Engine/Plugins/2D/Paper2D/Content/PlaceholderTextures/DummySpriteTexture.ubulk" 0
"../../../Engine/Plugins/2D/Paper2D/Content/PlaceholderTextures/DummySpriteTexture.uasset" 1
"../../../Engine/Plugins/2D/Paper2D/Content/PlaceholderTextures/DummySpriteTexture.uexp" 2
"../../../Engine/Plugins/2D/Paper2D/Content/DummySprite.uasset" 3
"../../../Engine/Plugins/2D/Paper2D/Content/DummySprite.uexp" 4
"../../../Engine/Plugins/2D/Paper2D/Content/DefaultPaperTerrainMaterial.uasset" 5
"../../../Engine/Plugins/2D/Paper2D/Content/DefaultPaperTerrainMaterial.uexp" 6
"../../../Engine/Content/Animation/DefaultRecorderBoneCompression.uasset" 7
"../../../Engine/Content/Animation/DefaultRecorderBoneCompression.uexp" 8
"../../../Engine/Plugins/Animation/ControlRig/Content/Controls/DefaultGizmoLibraryNormalized.uasset" 9
"../../../Engine/Plugins/Animation/ControlRig/Content/Controls/DefaultGizmoLibraryNormalized.uexp" 10
"../../../Engine/Content/EngineSounds/Master.uasset" 11
"../../../Engine/Content/EngineSounds/Master.uexp" 12
"../../../Engine/Content/EngineMaterials/DefaultPhysicalMaterial.uasset" 13
"../../../Engine/Content/EngineMaterials/DefaultPhysicalMaterial.uexp" 14
"../../../Engine/Content/EngineMaterials/DefaultDestructiblePhysicalMaterial.uasset" 15
"../../../Engine/Content/EngineMaterials/DefaultDestructiblePhysicalMaterial.uexp" 16
"../../../Engine/Content/EngineFonts/Faces/DroidSansFallback.uexp" 17
"../../../Engine/Content/EngineFonts/Faces/DroidSansFallback.uasset" 18
"../../../Engine/Content/EngineFonts/Faces/DroidSansFallback.ufont" 19
"../../../Engine/Content/EngineFonts/Faces/RobotoBold.uexp" 20
"../../../Engine/Content/EngineFonts/Faces/RobotoBold.uasset" 21
"../../../Engine/Content/EngineFonts/Faces/RobotoBold.ufont" 22
"../../../Engine/Content/EngineFonts/Faces/RobotoBoldItalic.uexp" 23
"../../../Engine/Content/EngineFonts/Faces/RobotoBoldItalic.uasset" 24
"../../../Engine/Content/EngineFonts/Faces/RobotoBoldItalic.ufont" 25
"../../../Engine/Content/EngineFonts/Faces/RobotoItalic.uexp" 26
"../../../Engine/Content/EngineFonts/Faces/RobotoItalic.uasset" 27
"../../../Engine/Content/EngineFonts/Faces/RobotoItalic.ufont" 28
"../../../Engine/Content/EngineFonts/Faces/RobotoLight.uexp" 29
"../../../Engine/Content/EngineFonts/Faces/RobotoLight.uasset" 30
"../../../Engine/Content/EngineFonts/Faces/RobotoLight.ufont" 31
"../../../Engine/Content/EngineFonts/Faces/RobotoRegular.uexp" 32
"../../../Engine/Content/EngineFonts/Faces/RobotoRegular.uasset" 33
"../../../Engine/Content/EngineFonts/Faces/RobotoRegular.ufont" 34
"../../../Engine/Content/EngineFonts/Roboto.uasset" 35
"../../../Engine/Content/EngineFonts/Roboto.uexp" 36
"../../../Engine/Content/EngineFonts/Faces/DroidSansMono.uexp" 37
"../../../Engine/Content/EngineFonts/Faces/DroidSansMono.uasset" 38
"../../../Engine/Content/EngineFonts/Faces/DroidSansMono.ufont" 39
"../../../Engine/Content/EngineFonts/DroidSansMono.uasset" 40
"../../../Engine/Content/EngineFonts/DroidSansMono.uexp" 41
"../../../Engine/Plugins/Interchange/Runtime/Content/Pipelines/DefaultTexturePipeline.uasset" 42
"../../../Engine/Plugins/Interchange/Runtime/Content/Pipelines/DefaultTexturePipeline.uexp" 43
"../../../Engine/Plugins/Interchange/Runtime/Content/Pipelines/DefaultSceneLevelPipeline.uasset" 44
"../../../Engine/Plugins/Interchange/Runtime/Content/Pipelines/DefaultSceneLevelPipeline.uexp" 45
"../../../Engine/Plugins/Interchange/Runtime/Content/Pipelines/DefaultSceneAssetsPipeline.uasset" 46
"../../../Engine/Plugins/Interchange/Runtime/Content/Pipelines/DefaultSceneAssetsPipeline.uexp" 47
"../../../Engine/Plugins/Interchange/Runtime/Content/Pipelines/DefaultMaterialXPipeline.uasset" 48
"../../../Engine/Plugins/Interchange/Runtime/Content/Pipelines/DefaultMaterialXPipeline.uexp" 49
"../../../Engine/Plugins/Interchange/Runtime/Content/Pipelines/DefaultMaterialPipeline.uasset" 50
"../../../Engine/Plugins/Interchange/Runtime/Content/Pipelines/DefaultMaterialPipeline.uexp" 51
"../../../Engine/Plugins/Interchange/Runtime/Content/Pipelines/DefaultGLTFSceneAssetsPipeline.uasset" 52
"../../../Engine/Plugins/Interchange/Runtime/Content/Pipelines/DefaultGLTFSceneAssetsPipeline.uexp" 53
"../../../Engine/Plugins/Interchange/Runtime/Content/Pipelines/DefaultGLTFPipeline.uasset" 54
"../../../Engine/Plugins/Interchange/Runtime/Content/Pipelines/DefaultGLTFPipeline.uexp" 55
"../../../Engine/Plugins/Interchange/Runtime/Content/Pipelines/DefaultGLTFAssetsPipeline.uasset" 56
"../../../Engine/Plugins/Interchange/Runtime/Content/Pipelines/DefaultGLTFAssetsPipeline.uexp" 57
"../../../Engine/Plugins/Interchange/Runtime/Content/Pipelines/DefaultAssetsPipeline.uasset" 58
"../../../Engine/Plugins/Interchange/Runtime/Content/Pipelines/DefaultAssetsPipeline.uexp" 59
"../../../Engine/Content/MobileResources/HUD/VirtualJoystick_Thumb.uasset" 60
"../../../Engine/Content/MobileResources/HUD/VirtualJoystick_Thumb.uexp" 61
"../../../Engine/Content/MobileResources/HUD/VirtualJoystick_Background.uasset" 62
"../../../Engine/Content/MobileResources/HUD/VirtualJoystick_Background.uexp" 63
"../../../Engine/Content/MobileResources/HUD/DefaultVirtualJoysticks.uasset" 64
"../../../Engine/Content/MobileResources/HUD/DefaultVirtualJoysticks.uexp" 65
"../../../Engine/Content/EngineResources/GradientTexture0.uasset" 66
"../../../Engine/Content/EngineResources/GradientTexture0.uexp" 67
"../../../Engine/Content/EngineResources/Black.uasset" 68
"../../../Engine/Content/EngineResources/Black.uexp" 69
"../../../Engine/Content/EditorResources/S_Actor.ubulk" 70
"../../../Engine/Content/EditorResources/S_Actor.uasset" 71
"../../../Engine/Content/EditorResources/S_Actor.uexp" 72
"../../../Engine/Content/EditorResources/S_Trigger.ubulk" 73
"../../../Engine/Content/EditorResources/S_Trigger.uasset" 74
"../../../Engine/Content/EditorResources/S_Trigger.uexp" 75
"../../../Engine/Content/EditorResources/S_BoxReflectionCapture.uasset" 76
"../../../Engine/Content/EditorResources/S_BoxReflectionCapture.uexp" 77
"../../../Engine/Content/EditorResources/S_TriggerBox.uasset" 78
"../../../Engine/Content/EditorResources/S_TriggerBox.uexp" 79
"../../../Engine/Content/EditorResources/S_TriggerCapsule.uasset" 80
"../../../Engine/Content/EditorResources/S_TriggerCapsule.uexp" 81
"../../../Engine/Content/EditorResources/S_TriggerSphere.uasset" 82
"../../../Engine/Content/EditorResources/S_TriggerSphere.uexp" 83
"../../../Engine/Content/EngineMeshes/Sphere.ubulk" 84
"../../../Engine/Content/EngineMeshes/Sphere.uasset" 85
"../../../Engine/Content/EngineMeshes/Sphere.uexp" 86
"../../../Engine/Content/EngineResources/DefaultTextureCube.uasset" 87
"../../../Engine/Content/EngineResources/DefaultTextureCube.uexp" 88
"../../../Engine/Plugins/2D/Paper2D/Content/DefaultSpriteMaterial.uasset" 89
"../../../Engine/Plugins/2D/Paper2D/Content/DefaultSpriteMaterial.uexp" 90
"../../../Engine/Plugins/2D/Paper2D/Content/OpaqueUnlitSpriteMaterial.uasset" 91
"../../../Engine/Plugins/2D/Paper2D/Content/OpaqueUnlitSpriteMaterial.uexp" 92
"../../../Engine/Plugins/2D/Paper2D/Content/MaskedUnlitSpriteMaterial.uasset" 93
"../../../Engine/Plugins/2D/Paper2D/Content/MaskedUnlitSpriteMaterial.uexp" 94
"../../../Engine/Plugins/NNE/NNEDenoiser/Content/NNE_oidn2-3-0_rt_hdr_calb_cnrm_large__dyn__fp16_opset11_ForwardAlpha.uasset" 95
"../../../Engine/Plugins/NNE/NNEDenoiser/Content/NNE_oidn2-3-0_rt_hdr_calb_cnrm_large__dyn__fp16_opset11_ForwardAlpha.uexp" 96
"../../../Engine/Plugins/NNE/NNEDenoiser/Content/NNE_oidn2-3-0_rt_hdr_calb_cnrm_large__dyn__fp16_opset11_DenoiseAlpha.uasset" 97
"../../../Engine/Plugins/NNE/NNEDenoiser/Content/NNE_oidn2-3-0_rt_hdr_calb_cnrm_large__dyn__fp16_opset11_DenoiseAlpha.uexp" 98
"../../../Engine/Plugins/NNE/NNEDenoiser/Content/NNE_oidn2-3-0_rt_hdr_alb_nrm__dyn__fp16_opset11_ForwardAlpha.uasset" 99
"../../../Engine/Plugins/NNE/NNEDenoiser/Content/NNE_oidn2-3-0_rt_hdr_alb_nrm__dyn__fp16_opset11_ForwardAlpha.uexp" 100
"../../../Engine/Plugins/NNE/NNEDenoiser/Content/NNE_oidn2-3-0_rt_hdr_alb_nrm__dyn__fp16_opset11_DenoiseAlpha.uasset" 101
"../../../Engine/Plugins/NNE/NNEDenoiser/Content/NNE_oidn2-3-0_rt_hdr_alb_nrm__dyn__fp16_opset11_DenoiseAlpha.uexp" 102
"../../../Engine/Plugins/NNE/NNEDenoiser/Content/NNE_oidn2-3-0_rt_hdr_alb_nrm_small__dyn__fp16_opset11_ForwardAlpha.uasset" 103
"../../../Engine/Plugins/NNE/NNEDenoiser/Content/NNE_oidn2-3-0_rt_hdr_alb_nrm_small__dyn__fp16_opset11_ForwardAlpha.uexp" 104
"../../../Engine/Plugins/NNE/NNEDenoiser/Content/NNE_oidn2-3-0_rt_hdr_alb_nrm_small__dyn__fp16_opset11_DenoiseAlpha.uasset" 105
"../../../Engine/Plugins/NNE/NNEDenoiser/Content/NNE_oidn2-3-0_rt_hdr_alb_nrm_small__dyn__fp16_opset11_DenoiseAlpha.uexp" 106
"../../../Engine/Plugins/NNE/NNEDenoiser/Content/NNEDTOM_Output_Default.uasset" 107
"../../../Engine/Plugins/NNE/NNEDenoiser/Content/NNEDTOM_Output_Default.uexp" 108
"../../../Engine/Plugins/NNE/NNEDenoiser/Content/NNEDTOM_Output_Alpha.uasset" 109
"../../../Engine/Plugins/NNE/NNEDenoiser/Content/NNEDTOM_Output_Alpha.uexp" 110
"../../../Engine/Plugins/NNE/NNEDenoiser/Content/NNEDTIM_ColorAlbedoNormal_Default.uasset" 111
"../../../Engine/Plugins/NNE/NNEDenoiser/Content/NNEDTIM_ColorAlbedoNormal_Default.uexp" 112
"../../../Engine/Plugins/NNE/NNEDenoiser/Content/NNEDTIM_ColorAlbedoNormal_Alpha.uasset" 113
"../../../Engine/Plugins/NNE/NNEDenoiser/Content/NNEDTIM_ColorAlbedoNormal_Alpha.uexp" 114
"../../../Engine/Plugins/NNE/NNEDenoiser/Content/NNEDOM_Output_Default.uasset" 115
"../../../Engine/Plugins/NNE/NNEDenoiser/Content/NNEDOM_Output_Default.uexp" 116
"../../../Engine/Plugins/NNE/NNEDenoiser/Content/NNEDOM_Output_Alpha.uasset" 117
"../../../Engine/Plugins/NNE/NNEDenoiser/Content/NNEDOM_Output_Alpha.uexp" 118
"../../../Engine/Plugins/NNE/NNEDenoiser/Content/NNEDIM_HighQuality_Default.uasset" 119
"../../../Engine/Plugins/NNE/NNEDenoiser/Content/NNEDIM_HighQuality_Default.uexp" 120
"../../../Engine/Plugins/NNE/NNEDenoiser/Content/NNEDIM_HighQuality_Alpha.uasset" 121
"../../../Engine/Plugins/NNE/NNEDenoiser/Content/NNEDIM_HighQuality_Alpha.uexp" 122
"../../../Engine/Plugins/NNE/NNEDenoiser/Content/NNEDIM_ColorAlbedoNormal_Default.uasset" 123
"../../../Engine/Plugins/NNE/NNEDenoiser/Content/NNEDIM_ColorAlbedoNormal_Default.uexp" 124
"../../../Engine/Plugins/NNE/NNEDenoiser/Content/NNEDIM_ColorAlbedoNormal_Alpha.uasset" 125
"../../../Engine/Plugins/NNE/NNEDenoiser/Content/NNEDIM_ColorAlbedoNormal_Alpha.uexp" 126
"../../../Engine/Content/EngineMaterials/T_Default_Material_Grid_M.ubulk" 127
"../../../Engine/Content/EngineMaterials/T_Default_Material_Grid_M.uasset" 128
"../../../Engine/Content/EngineMaterials/T_Default_Material_Grid_M.uexp" 129
"../../../Engine/Content/Functions/Engine_MaterialFunctions01/Opacity/CameraDepthFade.uasset" 130
"../../../Engine/Content/Functions/Engine_MaterialFunctions01/Opacity/CameraDepthFade.uexp" 131
"../../../Engine/Content/EngineMaterials/T_Default_Material_Grid_N.ubulk" 132
"../../../Engine/Content/EngineMaterials/T_Default_Material_Grid_N.uasset" 133
"../../../Engine/Content/EngineMaterials/T_Default_Material_Grid_N.uexp" 134
"../../../Engine/Content/EngineMaterials/WorldGridMaterial.uasset" 135
"../../../Engine/Content/EngineMaterials/WorldGridMaterial.uexp" 136
"../../../Engine/Plugins/Media/MediaPlate/Content/SM_MediaPlateScreen.ubulk" 137
"../../../Engine/Plugins/Media/MediaPlate/Content/SM_MediaPlateScreen.uasset" 138
"../../../Engine/Plugins/Media/MediaPlate/Content/SM_MediaPlateScreen.uexp" 139
"../../../Engine/Content/Functions/Engine_MaterialFunctions02/WorldPositionOffset/CameraOffset.uasset" 140
"../../../Engine/Content/Functions/Engine_MaterialFunctions02/WorldPositionOffset/CameraOffset.uexp" 141
"../../../Engine/Plugins/Animation/ControlRig/Content/M_Manip.uasset" 142
"../../../Engine/Plugins/Animation/ControlRig/Content/M_Manip.uexp" 143
"../../../Engine/Content/EngineMaterials/DefaultMaterial.uasset" 144
"../../../Engine/Content/EngineMaterials/DefaultMaterial.uexp" 145
"../../../Engine/Content/BasicShapes/Sphere.ubulk" 146
"../../../Engine/Content/BasicShapes/Sphere.uasset" 147
"../../../Engine/Content/BasicShapes/Sphere.uexp" 148
"../../../Engine/Content/BasicShapes/Plane.ubulk" 149
"../../../Engine/Content/BasicShapes/Plane.uasset" 150
"../../../Engine/Content/BasicShapes/Plane.uexp" 151
"../../../Engine/Content/BasicShapes/Cylinder.ubulk" 152
"../../../Engine/Content/BasicShapes/Cylinder.uasset" 153
"../../../Engine/Content/BasicShapes/Cylinder.uexp" 154
"../../../Engine/Content/BasicShapes/Cube.ubulk" 155
"../../../Engine/Content/BasicShapes/Cube.uasset" 156
"../../../Engine/Content/BasicShapes/Cube.uexp" 157
"../../../Engine/Content/BasicShapes/Cone.ubulk" 158
"../../../Engine/Content/BasicShapes/Cone.uasset" 159
"../../../Engine/Content/BasicShapes/Cone.uexp" 160
"../../../Engine/Content/BasicShapes/BasicShapeMaterial.uasset" 161
"../../../Engine/Content/BasicShapes/BasicShapeMaterial.uexp" 162
"../../../Engine/Content/EditorResources/S_Terrain.ubulk" 163
"../../../Engine/Content/EditorResources/S_Terrain.uasset" 164
"../../../Engine/Content/EditorResources/S_Terrain.uexp" 165
"../../../Engine/Content/EditorResources/S_Solver.ubulk" 166
"../../../Engine/Content/EditorResources/S_Solver.uasset" 167
"../../../Engine/Content/EditorResources/S_Solver.uexp" 168
"../../../Engine/Content/EditorResources/BSPVertex.uasset" 169
"../../../Engine/Content/EditorResources/BSPVertex.uexp" 170
"../../../Engine/Content/EditorMaterials/PreviewShadowIndicator.ubulk" 171
"../../../Engine/Content/EditorMaterials/PreviewShadowIndicator.uasset" 172
"../../../Engine/Content/EditorMaterials/PreviewShadowIndicator.uexp" 173
"../../../Engine/Content/EditorMaterials/PreviewShadowIndicatorMaterial.uasset" 174
"../../../Engine/Content/EditorMaterials/PreviewShadowIndicatorMaterial.uexp" 175
"../../../Engine/Content/EditorMaterials/PhAT_UnselectedMaterial.uasset" 176
"../../../Engine/Content/EditorMaterials/PhAT_UnselectedMaterial.uexp" 177
"../../../Engine/Content/EditorMaterials/PhAT_NoCollisionMaterial.uasset" 178
"../../../Engine/Content/EditorMaterials/PhAT_NoCollisionMaterial.uexp" 179
"../../../Engine/Content/EditorLandscapeResources/SplineEditorMeshMat.uasset" 180
"../../../Engine/Content/EditorLandscapeResources/SplineEditorMeshMat.uexp" 181
"../../../Engine/Content/EditorLandscapeResources/SplineEditorMesh.ubulk" 182
"../../../Engine/Content/EditorLandscapeResources/SplineEditorMesh.uasset" 183
"../../../Engine/Content/EditorLandscapeResources/SplineEditorMesh.uexp" 184
"../../../Engine/Content/EditorLandscapeResources/WhiteSquareTexture.uasset" 185
"../../../Engine/Content/EditorLandscapeResources/WhiteSquareTexture.uexp" 186
"../../../Engine/Content/EditorLandscapeResources/DefaultAlphaTexture.uasset" 187
"../../../Engine/Content/EditorLandscapeResources/DefaultAlphaTexture.uexp" 188
"../../../Engine/Content/Functions/Engine_MaterialFunctions03/Math/WithinRangeFloat2.uasset" 189
"../../../Engine/Content/Functions/Engine_MaterialFunctions03/Math/WithinRangeFloat2.uexp" 190
"../../../Engine/Content/EditorLandscapeResources/SelectBrushMaterial.uasset" 191
"../../../Engine/Content/EditorLandscapeResources/SelectBrushMaterial.uexp" 192
"../../../Engine/Content/EditorLandscapeResources/SelectBrushMaterial_SelectedRegion.uasset" 193
"../../../Engine/Content/EditorLandscapeResources/SelectBrushMaterial_SelectedRegion.uexp" 194
"../../../Engine/Content/EditorLandscapeResources/SelectBrushMaterial_Selected.uasset" 195
"../../../Engine/Content/EditorLandscapeResources/SelectBrushMaterial_Selected.uexp" 196
"../../../Engine/Content/Functions/Engine_MaterialFunctions02/Utility/MakeFloat3.uasset" 197
"../../../Engine/Content/Functions/Engine_MaterialFunctions02/Utility/MakeFloat3.uexp" 198
"../../../Engine/Content/EditorLandscapeResources/MaskBrushMaterial.uasset" 199
"../../../Engine/Content/EditorLandscapeResources/MaskBrushMaterial.uexp" 200
"../../../Engine/Content/EditorLandscapeResources/MaskBrushMaterial_MaskedRegion.uasset" 201
"../../../Engine/Content/EditorLandscapeResources/MaskBrushMaterial_MaskedRegion.uexp" 202
"../../../Engine/Content/EditorLandscapeResources/LayerVisMaterial.uasset" 203
"../../../Engine/Content/EditorLandscapeResources/LayerVisMaterial.uexp" 204
"../../../Engine/Content/Functions/Engine_MaterialFunctions02/Utility/BreakOutFloat2Components.uasset" 205
"../../../Engine/Content/Functions/Engine_MaterialFunctions02/Utility/BreakOutFloat2Components.uexp" 206
"../../../Engine/Content/Functions/Engine_MaterialFunctions01/Texturing/ScaleUVsByCenter.uasset" 207
"../../../Engine/Content/Functions/Engine_MaterialFunctions01/Texturing/ScaleUVsByCenter.uexp" 208
"../../../Engine/Content/Functions/Engine_MaterialFunctions02/WorldPositionOffset/LocalPosition.uasset" 209
"../../../Engine/Content/Functions/Engine_MaterialFunctions02/WorldPositionOffset/LocalPosition.uexp" 210
"../../../Engine/Content/EngineMaterials/DefaultDiffuse.ubulk" 211
"../../../Engine/Content/EngineMaterials/DefaultDiffuse.uasset" 212
"../../../Engine/Content/EngineMaterials/DefaultDiffuse.uexp" 213
"../../../Engine/Content/Functions/Engine_MaterialFunctions01/Texturing/TextureCropping.uasset" 214
"../../../Engine/Content/Functions/Engine_MaterialFunctions01/Texturing/TextureCropping.uexp" 215
"../../../Engine/Content/Functions/Engine_MaterialFunctions02/ExampleContent/DebugNumberStrip.uasset" 216
"../../../Engine/Content/Functions/Engine_MaterialFunctions02/ExampleContent/DebugNumberStrip.uexp" 217
"../../../Engine/Content/Functions/Engine_MaterialFunctions01/Debug/DebugIntValues.uasset" 218
"../../../Engine/Content/Functions/Engine_MaterialFunctions01/Debug/DebugIntValues.uexp" 219
"../../../Engine/Content/EditorLandscapeResources/LandscapeLayerUsageMaterial.uasset" 220
"../../../Engine/Content/EditorLandscapeResources/LandscapeLayerUsageMaterial.uexp" 221
"../../../Engine/Content/EditorLandscapeResources/LandscapeDirtyMaterial.uasset" 222
"../../../Engine/Content/EditorLandscapeResources/LandscapeDirtyMaterial.uexp" 223
"../../../Engine/Content/EditorLandscapeResources/ColorMaskBrushMaterial.uasset" 224
"../../../Engine/Content/EditorLandscapeResources/ColorMaskBrushMaterial.uexp" 225
"../../../Engine/Content/EditorLandscapeResources/ColorMaskBrushMaterial_MaskedRegion.uasset" 226
"../../../Engine/Content/EditorLandscapeResources/ColorMaskBrushMaterial_MaskedRegion.uexp" 227
"../../../Engine/Content/Functions/Engine_MaterialFunctions02/Utility/VectorLength.uasset" 228
"../../../Engine/Content/Functions/Engine_MaterialFunctions02/Utility/VectorLength.uexp" 229
"../../../Engine/Content/Functions/Engine_MaterialFunctions02/Utility/BreakOutFloat3Components.uasset" 230
"../../../Engine/Content/Functions/Engine_MaterialFunctions02/Utility/BreakOutFloat3Components.uexp" 231
"../../../Engine/Content/Functions/Engine_MaterialFunctions02/WorldPositionOffset/ObjectScale.uasset" 232
"../../../Engine/Content/Functions/Engine_MaterialFunctions02/WorldPositionOffset/ObjectScale.uexp" 233
"../../../Engine/Content/Functions/Engine_MaterialFunctions02/SafeNormalize.uasset" 234
"../../../Engine/Content/Functions/Engine_MaterialFunctions02/SafeNormalize.uexp" 235
"../../../Engine/Plugins/Editor/SpeedTreeImporter/Content/SpeedTree9/UnpackInteger3.uasset" 236
"../../../Engine/Plugins/Editor/SpeedTreeImporter/Content/SpeedTree9/UnpackInteger3.uexp" 237
"../../../Engine/Plugins/Editor/SpeedTreeImporter/Content/SpeedTree9/UnpackDirection.uasset" 238
"../../../Engine/Plugins/Editor/SpeedTreeImporter/Content/SpeedTree9/UnpackDirection.uexp" 239
"../../../Engine/Plugins/Editor/SpeedTreeImporter/Content/SpeedTree9/game_wind_noise.ubulk" 240
"../../../Engine/Plugins/Editor/SpeedTreeImporter/Content/SpeedTree9/game_wind_noise.uasset" 241
"../../../Engine/Plugins/Editor/SpeedTreeImporter/Content/SpeedTree9/game_wind_noise.uexp" 242
"../../../Engine/Plugins/Editor/SpeedTreeImporter/Content/SpeedTree9/SpeedTreeWindMotion.uasset" 243
"../../../Engine/Plugins/Editor/SpeedTreeImporter/Content/SpeedTree9/SpeedTreeWindMotion.uexp" 244
"../../../Engine/Plugins/Editor/SpeedTreeImporter/Content/SpeedTree9/SpeedTreeBranchMotion.uasset" 245
"../../../Engine/Plugins/Editor/SpeedTreeImporter/Content/SpeedTree9/SpeedTreeBranchMotion.uexp" 246
"../../../Engine/Content/Functions/Engine_MaterialFunctions02/ObjectLocalBounds.uasset" 247
"../../../Engine/Content/Functions/Engine_MaterialFunctions02/ObjectLocalBounds.uexp" 248
"../../../Engine/Content/Functions/Engine_MaterialFunctions02/UVs/BoundingBoxBased_0-1_UVW.uasset" 249
"../../../Engine/Content/Functions/Engine_MaterialFunctions02/UVs/BoundingBoxBased_0-1_UVW.uexp" 250
"../../../Engine/Plugins/Editor/SpeedTreeImporter/Content/SpeedTree9/SpeedTreeWind.uasset" 251
"../../../Engine/Plugins/Editor/SpeedTreeImporter/Content/SpeedTree9/SpeedTreeWind.uexp" 252
"../../../Engine/Plugins/Editor/SpeedTreeImporter/Content/SpeedTree9/SpeedTreeCameraFacing.uasset" 253
"../../../Engine/Plugins/Editor/SpeedTreeImporter/Content/SpeedTree9/SpeedTreeCameraFacing.uexp" 254
"../../../Engine/Plugins/Editor/SpeedTreeImporter/Content/SpeedTree9/EmptyNormal.uasset" 255
"../../../Engine/Plugins/Editor/SpeedTreeImporter/Content/SpeedTree9/EmptyNormal.uexp" 256
"../../../Engine/Plugins/Editor/SpeedTreeImporter/Content/SpeedTree9/Empty.uasset" 257
"../../../Engine/Plugins/Editor/SpeedTreeImporter/Content/SpeedTree9/Empty.uexp" 258
"../../../Engine/Plugins/Editor/SpeedTreeImporter/Content/SpeedTree9/SpeedTreeMaster.uasset" 259
"../../../Engine/Plugins/Editor/SpeedTreeImporter/Content/SpeedTree9/SpeedTreeMaster.uexp" 260
"../../../Engine/Plugins/Editor/SpeedTreeImporter/Content/SpeedTree9/SpeedTreeBillboard.uasset" 261
"../../../Engine/Plugins/Editor/SpeedTreeImporter/Content/SpeedTree9/SpeedTreeBillboard.uexp" 262
"../../../Engine/Plugins/Editor/SpeedTreeImporter/Content/SpeedTree9/SpeedTreeBillboardMaster.uasset" 263
"../../../Engine/Plugins/Editor/SpeedTreeImporter/Content/SpeedTree9/SpeedTreeBillboardMaster.uexp" 264
"../../../Engine/Plugins/Animation/ControlRig/Content/Controls/ControlRig_Wedge_solid.ubulk" 265
"../../../Engine/Plugins/Animation/ControlRig/Content/Controls/ControlRig_Wedge_solid.uasset" 266
"../../../Engine/Plugins/Animation/ControlRig/Content/Controls/ControlRig_Wedge_solid.uexp" 267
"../../../Engine/Plugins/Animation/ControlRig/Content/Controls/ControlRig_Wedge_3mm.ubulk" 268
"../../../Engine/Plugins/Animation/ControlRig/Content/Controls/ControlRig_Wedge_3mm.uasset" 269
"../../../Engine/Plugins/Animation/ControlRig/Content/Controls/ControlRig_Wedge_3mm.uexp" 270
"../../../Engine/Plugins/Animation/ControlRig/Content/Controls/ControlRig_Wedge_1mm.ubulk" 271
"../../../Engine/Plugins/Animation/ControlRig/Content/Controls/ControlRig_Wedge_1mm.uasset" 272
"../../../Engine/Plugins/Animation/ControlRig/Content/Controls/ControlRig_Wedge_1mm.uexp" 273
"../../../Engine/Plugins/Animation/ControlRig/Content/Controls/ControlRig_Triangle_solid.ubulk" 274
"../../../Engine/Plugins/Animation/ControlRig/Content/Controls/ControlRig_Triangle_solid.uasset" 275
"../../../Engine/Plugins/Animation/ControlRig/Content/Controls/ControlRig_Triangle_solid.uexp" 276
"../../../Engine/Plugins/Animation/ControlRig/Content/Controls/ControlRig_Triangle_3mm.ubulk" 277
"../../../Engine/Plugins/Animation/ControlRig/Content/Controls/ControlRig_Triangle_3mm.uasset" 278
"../../../Engine/Plugins/Animation/ControlRig/Content/Controls/ControlRig_Triangle_3mm.uexp" 279
"../../../Engine/Plugins/Animation/ControlRig/Content/Controls/ControlRig_Triangle_1mm.ubulk" 280
"../../../Engine/Plugins/Animation/ControlRig/Content/Controls/ControlRig_Triangle_1mm.uasset" 281
"../../../Engine/Plugins/Animation/ControlRig/Content/Controls/ControlRig_Triangle_1mm.uexp" 282
"../../../Engine/Plugins/Animation/ControlRig/Content/Controls/ControlRig_Star4_solid.ubulk" 283
"../../../Engine/Plugins/Animation/ControlRig/Content/Controls/ControlRig_Star4_solid.uasset" 284
"../../../Engine/Plugins/Animation/ControlRig/Content/Controls/ControlRig_Star4_solid.uexp" 285
"../../../Engine/Plugins/Animation/ControlRig/Content/Controls/ControlRig_Star4_3mm.ubulk" 286
"../../../Engine/Plugins/Animation/ControlRig/Content/Controls/ControlRig_Star4_3mm.uasset" 287
"../../../Engine/Plugins/Animation/ControlRig/Content/Controls/ControlRig_Star4_3mm.uexp" 288
"../../../Engine/Plugins/Animation/ControlRig/Content/Controls/ControlRig_Star4_1mm.ubulk" 289
"../../../Engine/Plugins/Animation/ControlRig/Content/Controls/ControlRig_Star4_1mm.uasset" 290
"../../../Engine/Plugins/Animation/ControlRig/Content/Controls/ControlRig_Star4_1mm.uexp" 291
"../../../Engine/Plugins/Animation/ControlRig/Content/Controls/ControlRig_Square_solid.ubulk" 292
"../../../Engine/Plugins/Animation/ControlRig/Content/Controls/ControlRig_Square_solid.uasset" 293
"../../../Engine/Plugins/Animation/ControlRig/Content/Controls/ControlRig_Square_solid.uexp" 294
"../../../Engine/Plugins/Animation/ControlRig/Content/Controls/ControlRig_Square_3mm.ubulk" 295
"../../../Engine/Plugins/Animation/ControlRig/Content/Controls/ControlRig_Square_3mm.uasset" 296
"../../../Engine/Plugins/Animation/ControlRig/Content/Controls/ControlRig_Square_3mm.uexp" 297
"../../../Engine/Plugins/Animation/ControlRig/Content/Controls/ControlRig_Square_1mm.ubulk" 298
"../../../Engine/Plugins/Animation/ControlRig/Content/Controls/ControlRig_Square_1mm.uasset" 299
"../../../Engine/Plugins/Animation/ControlRig/Content/Controls/ControlRig_Square_1mm.uexp" 300
"../../../Engine/Plugins/Animation/ControlRig/Content/Controls/ControlRig_Sphere_solid.ubulk" 301
"../../../Engine/Plugins/Animation/ControlRig/Content/Controls/ControlRig_Sphere_solid.uasset" 302
"../../../Engine/Plugins/Animation/ControlRig/Content/Controls/ControlRig_Sphere_solid.uexp" 303
"../../../Engine/Plugins/Animation/ControlRig/Content/Controls/ControlRig_Sphere_3mm.ubulk" 304
"../../../Engine/Plugins/Animation/ControlRig/Content/Controls/ControlRig_Sphere_3mm.uasset" 305
"../../../Engine/Plugins/Animation/ControlRig/Content/Controls/ControlRig_Sphere_3mm.uexp" 306
"../../../Engine/Plugins/Animation/ControlRig/Content/Controls/ControlRig_Sphere_1mm.ubulk" 307
"../../../Engine/Plugins/Animation/ControlRig/Content/Controls/ControlRig_Sphere_1mm.uasset" 308
"../../../Engine/Plugins/Animation/ControlRig/Content/Controls/ControlRig_Sphere_1mm.uexp" 309
"../../../Engine/Plugins/Animation/ControlRig/Content/Controls/ControlRig_RoundedTriangle_solid.ubulk" 310
"../../../Engine/Plugins/Animation/ControlRig/Content/Controls/ControlRig_RoundedTriangle_solid.uasset" 311
"../../../Engine/Plugins/Animation/ControlRig/Content/Controls/ControlRig_RoundedTriangle_solid.uexp" 312
"../../../Engine/Plugins/Animation/ControlRig/Content/Controls/ControlRig_RoundedTriangle_3mm.ubulk" 313
"../../../Engine/Plugins/Animation/ControlRig/Content/Controls/ControlRig_RoundedTriangle_3mm.uasset" 314
"../../../Engine/Plugins/Animation/ControlRig/Content/Controls/ControlRig_RoundedTriangle_3mm.uexp" 315
"../../../Engine/Plugins/Animation/ControlRig/Content/Controls/ControlRig_RoundedTriangle_1mm.ubulk" 316
"../../../Engine/Plugins/Animation/ControlRig/Content/Controls/ControlRig_RoundedTriangle_1mm.uasset" 317
"../../../Engine/Plugins/Animation/ControlRig/Content/Controls/ControlRig_RoundedTriangle_1mm.uexp" 318
"../../../Engine/Plugins/Animation/ControlRig/Content/Controls/ControlRig_RoundedSquare_solid.ubulk" 319
"../../../Engine/Plugins/Animation/ControlRig/Content/Controls/ControlRig_RoundedSquare_solid.uasset" 320
"../../../Engine/Plugins/Animation/ControlRig/Content/Controls/ControlRig_RoundedSquare_solid.uexp" 321
"../../../Engine/Plugins/Animation/ControlRig/Content/Controls/ControlRig_RoundedSquare_3mm.ubulk" 322
"../../../Engine/Plugins/Animation/ControlRig/Content/Controls/ControlRig_RoundedSquare_3mm.uasset" 323
"../../../Engine/Plugins/Animation/ControlRig/Content/Controls/ControlRig_RoundedSquare_3mm.uexp" 324
"../../../Engine/Plugins/Animation/ControlRig/Content/Controls/ControlRig_RoundedSquare_1mm.ubulk" 325
"../../../Engine/Plugins/Animation/ControlRig/Content/Controls/ControlRig_RoundedSquare_1mm.uasset" 326
"../../../Engine/Plugins/Animation/ControlRig/Content/Controls/ControlRig_RoundedSquare_1mm.uexp" 327
"../../../Engine/Plugins/Animation/ControlRig/Content/Controls/ControlRig_QuarterCircle_solid.ubulk" 328
"../../../Engine/Plugins/Animation/ControlRig/Content/Controls/ControlRig_QuarterCircle_solid.uasset" 329
"../../../Engine/Plugins/Animation/ControlRig/Content/Controls/ControlRig_QuarterCircle_solid.uexp" 330
"../../../Engine/Plugins/Animation/ControlRig/Content/Controls/ControlRig_QuarterCircle_3mm.ubulk" 331
"../../../Engine/Plugins/Animation/ControlRig/Content/Controls/ControlRig_QuarterCircle_3mm.uasset" 332
"../../../Engine/Plugins/Animation/ControlRig/Content/Controls/ControlRig_QuarterCircle_3mm.uexp" 333
"../../../Engine/Plugins/Animation/ControlRig/Content/Controls/ControlRig_QuarterCircle_1mm.ubulk" 334
"../../../Engine/Plugins/Animation/ControlRig/Content/Controls/ControlRig_QuarterCircle_1mm.uasset" 335
"../../../Engine/Plugins/Animation/ControlRig/Content/Controls/ControlRig_QuarterCircle_1mm.uexp" 336
"../../../Engine/Plugins/Animation/ControlRig/Content/Controls/ControlRig_Pyramid_solid.ubulk" 337
"../../../Engine/Plugins/Animation/ControlRig/Content/Controls/ControlRig_Pyramid_solid.uasset" 338
"../../../Engine/Plugins/Animation/ControlRig/Content/Controls/ControlRig_Pyramid_solid.uexp" 339
"../../../Engine/Plugins/Animation/ControlRig/Content/Controls/ControlRig_Pyramid_3mm.ubulk" 340
"../../../Engine/Plugins/Animation/ControlRig/Content/Controls/ControlRig_Pyramid_3mm.uasset" 341
"../../../Engine/Plugins/Animation/ControlRig/Content/Controls/ControlRig_Pyramid_3mm.uexp" 342
"../../../Engine/Plugins/Animation/ControlRig/Content/Controls/ControlRig_Pyramid_1mm.ubulk" 343
"../../../Engine/Plugins/Animation/ControlRig/Content/Controls/ControlRig_Pyramid_1mm.uasset" 344
"../../../Engine/Plugins/Animation/ControlRig/Content/Controls/ControlRig_Pyramid_1mm.uexp" 345
"../../../Engine/Plugins/Animation/ControlRig/Content/Controls/ControlRig_Octagon_solid.ubulk" 346
"../../../Engine/Plugins/Animation/ControlRig/Content/Controls/ControlRig_Octagon_solid.uasset" 347
"../../../Engine/Plugins/Animation/ControlRig/Content/Controls/ControlRig_Octagon_solid.uexp" 348
"../../../Engine/Plugins/Animation/ControlRig/Content/Controls/ControlRig_Octagon_3mm.ubulk" 349
"../../../Engine/Plugins/Animation/ControlRig/Content/Controls/ControlRig_Octagon_3mm.uasset" 350
"../../../Engine/Plugins/Animation/ControlRig/Content/Controls/ControlRig_Octagon_3mm.uexp" 351
"../../../Engine/Plugins/Animation/ControlRig/Content/Controls/ControlRig_Octagon_1mm.ubulk" 352
"../../../Engine/Plugins/Animation/ControlRig/Content/Controls/ControlRig_Octagon_1mm.uasset" 353
"../../../Engine/Plugins/Animation/ControlRig/Content/Controls/ControlRig_Octagon_1mm.uexp" 354
"../../../Engine/Plugins/Animation/ControlRig/Content/Controls/ControlRig_Hexagon_solid.ubulk" 355
"../../../Engine/Plugins/Animation/ControlRig/Content/Controls/ControlRig_Hexagon_solid.uasset" 356
"../../../Engine/Plugins/Animation/ControlRig/Content/Controls/ControlRig_Hexagon_solid.uexp" 357
"../../../Engine/Plugins/Animation/ControlRig/Content/Controls/ControlRig_Hexagon_3mm.ubulk" 358
"../../../Engine/Plugins/Animation/ControlRig/Content/Controls/ControlRig_Hexagon_3mm.uasset" 359
"../../../Engine/Plugins/Animation/ControlRig/Content/Controls/ControlRig_Hexagon_3mm.uexp" 360
"../../../Engine/Plugins/Animation/ControlRig/Content/Controls/ControlRig_Hexagon_1mm.ubulk" 361
"../../../Engine/Plugins/Animation/ControlRig/Content/Controls/ControlRig_Hexagon_1mm.uasset" 362
"../../../Engine/Plugins/Animation/ControlRig/Content/Controls/ControlRig_Hexagon_1mm.uexp" 363
"../../../Engine/Plugins/Animation/ControlRig/Content/Controls/ControlRig_HalfCircle_solid.ubulk" 364
"../../../Engine/Plugins/Animation/ControlRig/Content/Controls/ControlRig_HalfCircle_solid.uasset" 365
"../../../Engine/Plugins/Animation/ControlRig/Content/Controls/ControlRig_HalfCircle_solid.uexp" 366
"../../../Engine/Plugins/Animation/ControlRig/Content/Controls/ControlRig_HalfCircle_3mm.ubulk" 367
"../../../Engine/Plugins/Animation/ControlRig/Content/Controls/ControlRig_HalfCircle_3mm.uasset" 368
"../../../Engine/Plugins/Animation/ControlRig/Content/Controls/ControlRig_HalfCircle_3mm.uexp" 369
"../../../Engine/Plugins/Animation/ControlRig/Content/Controls/ControlRig_HalfCircle_1mm.ubulk" 370
"../../../Engine/Plugins/Animation/ControlRig/Content/Controls/ControlRig_HalfCircle_1mm.uasset" 371
"../../../Engine/Plugins/Animation/ControlRig/Content/Controls/ControlRig_HalfCircle_1mm.uexp" 372
"../../../Engine/Plugins/Animation/ControlRig/Content/Controls/ControlRig_Diamond_solid.ubulk" 373
"../../../Engine/Plugins/Animation/ControlRig/Content/Controls/ControlRig_Diamond_solid.uasset" 374
"../../../Engine/Plugins/Animation/ControlRig/Content/Controls/ControlRig_Diamond_solid.uexp" 375
"../../../Engine/Plugins/Animation/ControlRig/Content/Controls/ControlRig_Diamond_3mm.ubulk" 376
"../../../Engine/Plugins/Animation/ControlRig/Content/Controls/ControlRig_Diamond_3mm.uasset" 377
"../../../Engine/Plugins/Animation/ControlRig/Content/Controls/ControlRig_Diamond_3mm.uexp" 378
"../../../Engine/Plugins/Animation/ControlRig/Content/Controls/ControlRig_Diamond_1mm.ubulk" 379
"../../../Engine/Plugins/Animation/ControlRig/Content/Controls/ControlRig_Diamond_1mm.uasset" 380
"../../../Engine/Plugins/Animation/ControlRig/Content/Controls/ControlRig_Diamond_1mm.uexp" 381
"../../../Engine/Plugins/Animation/ControlRig/Content/Controls/ControlRig_Circle_solid.ubulk" 382
"../../../Engine/Plugins/Animation/ControlRig/Content/Controls/ControlRig_Circle_solid.uasset" 383
"../../../Engine/Plugins/Animation/ControlRig/Content/Controls/ControlRig_Circle_solid.uexp" 384
"../../../Engine/Plugins/Animation/ControlRig/Content/Controls/ControlRig_Circle_3mm.ubulk" 385
"../../../Engine/Plugins/Animation/ControlRig/Content/Controls/ControlRig_Circle_3mm.uasset" 386
"../../../Engine/Plugins/Animation/ControlRig/Content/Controls/ControlRig_Circle_3mm.uexp" 387
"../../../Engine/Plugins/Animation/ControlRig/Content/Controls/ControlRig_Circle_1mm.ubulk" 388
"../../../Engine/Plugins/Animation/ControlRig/Content/Controls/ControlRig_Circle_1mm.uasset" 389
"../../../Engine/Plugins/Animation/ControlRig/Content/Controls/ControlRig_Circle_1mm.uexp" 390
"../../../Engine/Plugins/Animation/ControlRig/Content/Controls/ControlRig_Box_solid.ubulk" 391
"../../../Engine/Plugins/Animation/ControlRig/Content/Controls/ControlRig_Box_solid.uasset" 392
"../../../Engine/Plugins/Animation/ControlRig/Content/Controls/ControlRig_Box_solid.uexp" 393
"../../../Engine/Plugins/Animation/ControlRig/Content/Controls/ControlRig_Box_3mm.ubulk" 394
"../../../Engine/Plugins/Animation/ControlRig/Content/Controls/ControlRig_Box_3mm.uasset" 395
"../../../Engine/Plugins/Animation/ControlRig/Content/Controls/ControlRig_Box_3mm.uexp" 396
"../../../Engine/Plugins/Animation/ControlRig/Content/Controls/ControlRig_Box_1mm.ubulk" 397
"../../../Engine/Plugins/Animation/ControlRig/Content/Controls/ControlRig_Box_1mm.uasset" 398
"../../../Engine/Plugins/Animation/ControlRig/Content/Controls/ControlRig_Box_1mm.uexp" 399
"../../../Engine/Plugins/Animation/ControlRig/Content/Controls/ControlRig_Arrow_solid.ubulk" 400
"../../../Engine/Plugins/Animation/ControlRig/Content/Controls/ControlRig_Arrow_solid.uasset" 401
"../../../Engine/Plugins/Animation/ControlRig/Content/Controls/ControlRig_Arrow_solid.uexp" 402
"../../../Engine/Plugins/Animation/ControlRig/Content/Controls/ControlRig_Arrow_3mm.ubulk" 403
"../../../Engine/Plugins/Animation/ControlRig/Content/Controls/ControlRig_Arrow_3mm.uasset" 404
"../../../Engine/Plugins/Animation/ControlRig/Content/Controls/ControlRig_Arrow_3mm.uexp" 405
"../../../Engine/Plugins/Animation/ControlRig/Content/Controls/ControlRig_Arrow_1mm.ubulk" 406
"../../../Engine/Plugins/Animation/ControlRig/Content/Controls/ControlRig_Arrow_1mm.uasset" 407
"../../../Engine/Plugins/Animation/ControlRig/Content/Controls/ControlRig_Arrow_1mm.uexp" 408
"../../../Engine/Plugins/Animation/ControlRig/Content/Controls/ControlRig_Arrow4_solid.ubulk" 409
"../../../Engine/Plugins/Animation/ControlRig/Content/Controls/ControlRig_Arrow4_solid.uasset" 410
"../../../Engine/Plugins/Animation/ControlRig/Content/Controls/ControlRig_Arrow4_solid.uexp" 411
"../../../Engine/Plugins/Animation/ControlRig/Content/Controls/ControlRig_Arrow4_3mm.ubulk" 412
"../../../Engine/Plugins/Animation/ControlRig/Content/Controls/ControlRig_Arrow4_3mm.uasset" 413
"../../../Engine/Plugins/Animation/ControlRig/Content/Controls/ControlRig_Arrow4_3mm.uexp" 414
"../../../Engine/Plugins/Animation/ControlRig/Content/Controls/ControlRig_Arrow4_1mm.ubulk" 415
"../../../Engine/Plugins/Animation/ControlRig/Content/Controls/ControlRig_Arrow4_1mm.uasset" 416
"../../../Engine/Plugins/Animation/ControlRig/Content/Controls/ControlRig_Arrow4_1mm.uexp" 417
"../../../Engine/Plugins/Animation/ControlRig/Content/Controls/ControlRig_Arrow2_solid.ubulk" 418
"../../../Engine/Plugins/Animation/ControlRig/Content/Controls/ControlRig_Arrow2_solid.uasset" 419
"../../../Engine/Plugins/Animation/ControlRig/Content/Controls/ControlRig_Arrow2_solid.uexp" 420
"../../../Engine/Plugins/Animation/ControlRig/Content/Controls/ControlRig_Arrow2_3mm.ubulk" 421
"../../../Engine/Plugins/Animation/ControlRig/Content/Controls/ControlRig_Arrow2_3mm.uasset" 422
"../../../Engine/Plugins/Animation/ControlRig/Content/Controls/ControlRig_Arrow2_3mm.uexp" 423
"../../../Engine/Plugins/Animation/ControlRig/Content/Controls/ControlRig_Arrow2_1mm.ubulk" 424
"../../../Engine/Plugins/Animation/ControlRig/Content/Controls/ControlRig_Arrow2_1mm.uasset" 425
"../../../Engine/Plugins/Animation/ControlRig/Content/Controls/ControlRig_Arrow2_1mm.uexp" 426
"../../../Engine/Plugins/Animation/ControlRig/Content/Controls/ControlRigXRayMaterial.uasset" 427
"../../../Engine/Plugins/Animation/ControlRig/Content/Controls/ControlRigXRayMaterial.uexp" 428
"../../../Engine/Plugins/Animation/ControlRig/Content/Controls/ControlRigGizmoMaterial.uasset" 429
"../../../Engine/Plugins/Animation/ControlRig/Content/Controls/ControlRigGizmoMaterial.uexp" 430
"../../../Engine/Content/EngineSky/T_Sky_Stars.ubulk" 431
"../../../Engine/Content/EngineSky/T_Sky_Stars.uasset" 432
"../../../Engine/Content/EngineSky/T_Sky_Stars.uexp" 433
"../../../Engine/Content/EngineSky/T_Sky_Clouds_M.ubulk" 434
"../../../Engine/Content/EngineSky/T_Sky_Clouds_M.uasset" 435
"../../../Engine/Content/EngineSky/T_Sky_Clouds_M.uexp" 436
"../../../Engine/Content/EngineSky/T_Sky_Blue.ubulk" 437
"../../../Engine/Content/EngineSky/T_Sky_Blue.uasset" 438
"../../../Engine/Content/EngineSky/T_Sky_Blue.uexp" 439
"../../../Engine/Content/EngineSky/M_Sky_Panning_Clouds2.uasset" 440
"../../../Engine/Content/EngineSky/M_Sky_Panning_Clouds2.uexp" 441
"../../../Engine/Content/EngineSky/SM_SkySphere.ubulk" 442
"../../../Engine/Content/EngineSky/SM_SkySphere.uasset" 443
"../../../Engine/Content/EngineSky/SM_SkySphere.uexp" 444
"../../../Engine/Content/EngineSky/M_SimpleSkyDome.uasset" 445
"../../../Engine/Content/EngineSky/M_SimpleSkyDome.uexp" 446
"../../../Engine/Content/EngineResources/WhiteSquareTexture.uasset" 447
"../../../Engine/Content/EngineResources/WhiteSquareTexture.uexp" 448
"../../../Engine/Content/EngineMaterials/Widget3DPassThrough.uasset" 449
"../../../Engine/Content/EngineMaterials/Widget3DPassThrough.uexp" 450
"../../../Engine/Content/EngineMaterials/Widget3DPassThrough_Translucent.uasset" 451
"../../../Engine/Content/EngineMaterials/Widget3DPassThrough_Translucent.uexp" 452
"../../../Engine/Content/EngineMaterials/Widget3DPassThrough_Translucent_OneSided.uasset" 453
"../../../Engine/Content/EngineMaterials/Widget3DPassThrough_Translucent_OneSided.uexp" 454
"../../../Engine/Content/EngineMaterials/Widget3DPassThrough_Opaque.uasset" 455
"../../../Engine/Content/EngineMaterials/Widget3DPassThrough_Opaque.uexp" 456
"../../../Engine/Content/EngineMaterials/Widget3DPassThrough_Opaque_OneSided.uasset" 457
"../../../Engine/Content/EngineMaterials/Widget3DPassThrough_Opaque_OneSided.uexp" 458
"../../../Engine/Content/EngineMaterials/Widget3DPassThrough_Masked_OneSided.uasset" 459
"../../../Engine/Content/EngineMaterials/Widget3DPassThrough_Masked_OneSided.uexp" 460
"../../../Engine/Content/EngineMaterials/Widget3DPassThrough_Masked.uasset" 461
"../../../Engine/Content/EngineMaterials/Widget3DPassThrough_Masked.uexp" 462
"../../../Engine/Content/EngineMaterials/WeightMapPlaceholderTexture.uasset" 463
"../../../Engine/Content/EngineMaterials/WeightMapPlaceholderTexture.uexp" 464
"../../../Engine/Content/EngineMaterials/WeightMapArrayPlaceholderTexture.uasset" 465
"../../../Engine/Content/EngineMaterials/WeightMapArrayPlaceholderTexture.uexp" 466
"../../../Engine/Content/EngineMaterials/RemoveSurfaceMaterial.uasset" 467
"../../../Engine/Content/EngineMaterials/RemoveSurfaceMaterial.uexp" 468
"../../../Engine/Content/EngineMaterials/PreintegratedSkinBRDF.uasset" 469
"../../../Engine/Content/EngineMaterials/PreintegratedSkinBRDF.uexp" 470
"../../../Engine/Content/EngineMaterials/DefaultCalibrationGrayscale.uasset" 471
"../../../Engine/Content/EngineMaterials/DefaultCalibrationGrayscale.uexp" 472
"../../../Engine/Content/EngineMaterials/PPM_DefaultCalibrationGrayscale.uasset" 473
"../../../Engine/Content/EngineMaterials/PPM_DefaultCalibrationGrayscale.uexp" 474
"../../../Engine/Content/EngineMaterials/DefaultCalibrationColor.uasset" 475
"../../../Engine/Content/EngineMaterials/DefaultCalibrationColor.uexp" 476
"../../../Engine/Content/EngineMaterials/PPM_DefaultCalibrationColor.uasset" 477
"../../../Engine/Content/EngineMaterials/PPM_DefaultCalibrationColor.uexp" 478
"../../../Engine/Content/EngineMaterials/PhAT_JointLimitMaterial.uasset" 479
"../../../Engine/Content/EngineMaterials/PhAT_JointLimitMaterial.uexp" 480
"../../../Engine/Content/EngineMaterials/NaniteHiddenSectionMaterial.uasset" 481
"../../../Engine/Content/EngineMaterials/NaniteHiddenSectionMaterial.uexp" 482
"../../../Engine/Content/EngineMaterials/InvalidLightmapSettings.ubulk" 483
"../../../Engine/Content/EngineMaterials/InvalidLightmapSettings.uasset" 484
"../../../Engine/Content/EngineMaterials/InvalidLightmapSettings.uexp" 485
"../../../Engine/Content/EngineMaterials/M_InvalidLightmapSettings.uasset" 486
"../../../Engine/Content/EngineMaterials/M_InvalidLightmapSettings.uexp" 487
"../../../Engine/Content/EngineMaterials/MiniFont.uasset" 488
"../../../Engine/Content/EngineMaterials/MiniFont.uexp" 489
"../../../Engine/Content/EngineMaterials/GizmoMaterial.uasset" 490
"../../../Engine/Content/EngineMaterials/GizmoMaterial.uexp" 491
"../../../Engine/Content/EngineMaterials/BaseFlattenDiffuseMap_VT.ubulk" 492
"../../../Engine/Content/EngineMaterials/BaseFlattenDiffuseMap_VT.uasset" 493
"../../../Engine/Content/EngineMaterials/BaseFlattenDiffuseMap_VT.uexp" 494
"../../../Engine/Content/EngineMaterials/BaseFlattenEmissiveMap_VT.ubulk" 495
"../../../Engine/Content/EngineMaterials/BaseFlattenEmissiveMap_VT.uasset" 496
"../../../Engine/Content/EngineMaterials/BaseFlattenEmissiveMap_VT.uexp" 497
"../../../Engine/Content/EngineMaterials/BaseFlattenGrayscaleMap_VT.ubulk" 498
"../../../Engine/Content/EngineMaterials/BaseFlattenGrayscaleMap_VT.uasset" 499
"../../../Engine/Content/EngineMaterials/BaseFlattenGrayscaleMap_VT.uexp" 500
"../../../Engine/Content/EngineMaterials/BaseFlattenLinearColor_VT.ubulk" 501
"../../../Engine/Content/EngineMaterials/BaseFlattenLinearColor_VT.uasset" 502
"../../../Engine/Content/EngineMaterials/BaseFlattenLinearColor_VT.uexp" 503
"../../../Engine/Content/EngineMaterials/BaseFlattenNormalMap_VT.ubulk" 504
"../../../Engine/Content/EngineMaterials/BaseFlattenNormalMap_VT.uasset" 505
"../../../Engine/Content/EngineMaterials/BaseFlattenNormalMap_VT.uexp" 506
"../../../Engine/Content/EngineMaterials/Black_1x1_EXR_Texture_VT.ubulk" 507
"../../../Engine/Content/EngineMaterials/Black_1x1_EXR_Texture_VT.uasset" 508
"../../../Engine/Content/EngineMaterials/Black_1x1_EXR_Texture_VT.uexp" 509
"../../../Engine/Content/EngineMaterials/FlattenMaterial_WS_Normal_VT.uasset" 510
"../../../Engine/Content/EngineMaterials/FlattenMaterial_WS_Normal_VT.uexp" 511
"../../../Engine/Content/EngineMaterials/FlattenMaterial_VT.uasset" 512
"../../../Engine/Content/EngineMaterials/FlattenMaterial_VT.uexp" 513
"../../../Engine/Content/EngineMaterials/BaseFlattenNormalMap.uasset" 514
"../../../Engine/Content/EngineMaterials/BaseFlattenNormalMap.uexp" 515
"../../../Engine/Content/EngineMaterials/BaseFlattenDiffuseMap.uasset" 516
"../../../Engine/Content/EngineMaterials/BaseFlattenDiffuseMap.uexp" 517
"../../../Engine/Content/EngineMaterials/BaseFlattenEmissiveMap.uasset" 518
"../../../Engine/Content/EngineMaterials/BaseFlattenEmissiveMap.uexp" 519
"../../../Engine/Content/EngineMaterials/BaseFlattenGrayscaleMap.uasset" 520
"../../../Engine/Content/EngineMaterials/BaseFlattenGrayscaleMap.uexp" 521
"../../../Engine/Content/EngineMaterials/BaseFlattenLinearColor.uasset" 522
"../../../Engine/Content/EngineMaterials/BaseFlattenLinearColor.uexp" 523
"../../../Engine/Content/Functions/Engine_MaterialFunctions02/PivotPainter2/Black_1x1_EXR_Texture.uasset" 524
"../../../Engine/Content/Functions/Engine_MaterialFunctions02/PivotPainter2/Black_1x1_EXR_Texture.uexp" 525
"../../../Engine/Content/EngineMaterials/FlattenMaterial.uasset" 526
"../../../Engine/Content/EngineMaterials/FlattenMaterial.uexp" 527
"../../../Engine/Content/EngineMaterials/FastBlueNoise_vec2_128x128x64.uasset" 528
"../../../Engine/Content/EngineMaterials/FastBlueNoise_vec2_128x128x64.uexp" 529
"../../../Engine/Content/EngineMaterials/FastBlueNoise_scalar_128x128x8.uasset" 530
"../../../Engine/Content/EngineMaterials/FastBlueNoise_scalar_128x128x8.uexp" 531
"../../../Engine/Content/EngineMaterials/FastBlueNoise_scalar_128x128x64.uasset" 532
"../../../Engine/Content/EngineMaterials/FastBlueNoise_scalar_128x128x64.uexp" 533
"../../../Engine/Content/EngineMaterials/DefaultWhiteGrid_Low.uasset" 534
"../../../Engine/Content/EngineMaterials/DefaultWhiteGrid_Low.uexp" 535
"../../../Engine/Content/EngineMaterials/EmissiveMeshMaterial.uasset" 536
"../../../Engine/Content/EngineMaterials/EmissiveMeshMaterial.uexp" 537
"../../../Engine/Content/EngineMaterials/DefaultWhiteGrid.ubulk" 538
"../../../Engine/Content/EngineMaterials/DefaultWhiteGrid.uasset" 539
"../../../Engine/Content/EngineMaterials/DefaultWhiteGrid.uexp" 540
"../../../Engine/Content/EngineFonts/RobotoDistanceField.uasset" 541
"../../../Engine/Content/EngineFonts/RobotoDistanceField.uexp" 542
"../../../Engine/Content/EngineMaterials/DefaultTextMaterialOpaque.uasset" 543
"../../../Engine/Content/EngineMaterials/DefaultTextMaterialOpaque.uexp" 544
"../../../Engine/Content/EngineMaterials/DefaultPostProcessMaterial.uasset" 545
"../../../Engine/Content/EngineMaterials/DefaultPostProcessMaterial.uexp" 546
"../../../Engine/Content/EngineMaterials/DefaultLightFunctionMaterial.uasset" 547
"../../../Engine/Content/EngineMaterials/DefaultLightFunctionMaterial.uexp" 548
"../../../Engine/Content/EngineMaterials/DefaultDeferredDecalMaterial.uasset" 549
"../../../Engine/Content/EngineMaterials/DefaultDeferredDecalMaterial.uexp" 550
"../../../Engine/Content/EngineMaterials/DefaultBokeh.uasset" 551
"../../../Engine/Content/EngineMaterials/DefaultBokeh.uexp" 552
"../../../Engine/Content/EngineMaterials/DefaultBloomKernel.uasset" 553
"../../../Engine/Content/EngineMaterials/DefaultBloomKernel.uexp" 554
"../../../Engine/Content/Functions/Engine_MaterialFunctions02/Utility/CameraDirectionVector.uasset" 555
"../../../Engine/Content/Functions/Engine_MaterialFunctions02/Utility/CameraDirectionVector.uexp" 556
"../../../Engine/Content/EngineDebugMaterials/VolumeToRender.uasset" 557
"../../../Engine/Content/EngineDebugMaterials/VolumeToRender.uexp" 558
"../../../Engine/Content/EngineDebugMaterials/M_VolumeRenderSphereTracePP.uasset" 559
"../../../Engine/Content/EngineDebugMaterials/M_VolumeRenderSphereTracePP.uexp" 560
"../../../Engine/Content/EngineDebugMaterials/M_SimpleUnlitTranslucent.uasset" 561
"../../../Engine/Content/EngineDebugMaterials/M_SimpleUnlitTranslucent.uexp" 562
"../../../Engine/Content/EngineDebugMaterials/DebugMeshMaterial.uasset" 563
"../../../Engine/Content/EngineDebugMaterials/DebugMeshMaterial.uexp" 564
"../../../Engine/Content/EngineDebugMaterials/DebugEditorMaterial.uasset" 565
"../../../Engine/Content/EngineDebugMaterials/DebugEditorMaterial.uexp" 566
"../../../Engine/Content/EngineDamageTypes/DmgTypeBP_Environmental.uasset" 567
"../../../Engine/Content/EngineDamageTypes/DmgTypeBP_Environmental.uexp" 568
"S:/Projects/MyProject2/Content/Game/BP_PlayerCamera.uasset" 569
"S:/Projects/MyProject2/Content/Game/BP_PlayerCamera.uexp" 570
"S:/Projects/MyProject2/Content/Game/Enums/E_DamageType.uasset" 571
"S:/Projects/MyProject2/Content/Game/Enums/E_DamageType.uexp" 572
"S:/Projects/MyProject2/Content/Game/Weapons/ST_Weapon.uasset" 573
"S:/Projects/MyProject2/Content/Game/Weapons/ST_Weapon.uexp" 574
"S:/Projects/MyProject2/Content/Game/Weapons/DT_Weapons.uasset" 575
"S:/Projects/MyProject2/Content/Game/Weapons/DT_Weapons.uexp" 576
"S:/Projects/MyProject2/Content/Game/Enums/E_Params.uasset" 577
"S:/Projects/MyProject2/Content/Game/Enums/E_Params.uexp" 578
"S:/Projects/MyProject2/Content/Game/ClassBuffs/Abilities/BP_BaseAbility.uasset" 579
"S:/Projects/MyProject2/Content/Game/ClassBuffs/Abilities/BP_BaseAbility.uexp" 580
"S:/Projects/MyProject2/Content/Game/Widgets/WBP_HPWidget.uasset" 581
"S:/Projects/MyProject2/Content/Game/Widgets/WBP_HPWidget.uexp" 582
"S:/Projects/MyProject2/Content/Game/BP_Fighter.uasset" 583
"S:/Projects/MyProject2/Content/Game/BP_Fighter.uexp" 584
"S:/Projects/MyProject2/Content/Game/Enums/E_Classes.uasset" 585
"S:/Projects/MyProject2/Content/Game/Enums/E_Classes.uexp" 586
"S:/Projects/MyProject2/Content/Game/ClassBuffs/DataTables/ClassInfo/ST_ClassInfo.uasset" 587
"S:/Projects/MyProject2/Content/Game/ClassBuffs/DataTables/ClassInfo/ST_ClassInfo.uexp" 588
"S:/Projects/MyProject2/Content/Game/ClassBuffs/DataTables/ClassInfo/ST_BuffPerLevel.uasset" 589
"S:/Projects/MyProject2/Content/Game/ClassBuffs/DataTables/ClassInfo/ST_BuffPerLevel.uexp" 590
"S:/Projects/MyProject2/Content/Game/ClassBuffs/Abilities/BP_Shield.uasset" 591
"S:/Projects/MyProject2/Content/Game/ClassBuffs/Abilities/BP_Shield.uexp" 592
"S:/Projects/MyProject2/Content/Game/ClassBuffs/Abilities/BP_RushAction.uasset" 593
"S:/Projects/MyProject2/Content/Game/ClassBuffs/Abilities/BP_RushAction.uexp" 594
"S:/Projects/MyProject2/Content/Game/ClassBuffs/DataTables/ClassInfo/DT_WarriorPerks.uasset" 595
"S:/Projects/MyProject2/Content/Game/ClassBuffs/DataTables/ClassInfo/DT_WarriorPerks.uexp" 596
"S:/Projects/MyProject2/Content/Game/ClassBuffs/Abilities/BP_StoneSkin.uasset" 597
"S:/Projects/MyProject2/Content/Game/ClassBuffs/Abilities/BP_StoneSkin.uexp" 598
"S:/Projects/MyProject2/Content/Game/ClassBuffs/Abilities/BP_Rage.uasset" 599
"S:/Projects/MyProject2/Content/Game/ClassBuffs/Abilities/BP_Rage.uexp" 600
"S:/Projects/MyProject2/Content/Game/ClassBuffs/DataTables/ClassInfo/DT_BarbarianPerks.uasset" 601
"S:/Projects/MyProject2/Content/Game/ClassBuffs/DataTables/ClassInfo/DT_BarbarianPerks.uexp" 602
"S:/Projects/MyProject2/Content/Game/ClassBuffs/Abilities/BP_SkeakyAtack.uasset" 603
"S:/Projects/MyProject2/Content/Game/ClassBuffs/Abilities/BP_SkeakyAtack.uexp" 604
"S:/Projects/MyProject2/Content/Game/ClassBuffs/Abilities/BP_PoisonAtack.uasset" 605
"S:/Projects/MyProject2/Content/Game/ClassBuffs/Abilities/BP_PoisonAtack.uexp" 606
"S:/Projects/MyProject2/Content/Game/ClassBuffs/DataTables/ClassInfo/DT_RoguePerks.uasset" 607
"S:/Projects/MyProject2/Content/Game/ClassBuffs/DataTables/ClassInfo/DT_RoguePerks.uexp" 608
"S:/Projects/MyProject2/Content/Game/ClassBuffs/DataTables/ClassInfo/DT_Classes.uasset" 609
"S:/Projects/MyProject2/Content/Game/ClassBuffs/DataTables/ClassInfo/DT_Classes.uexp" 610
"../../../Engine/Plugins/Interchange/Assets/Content/Functions/MF_PhongToMetalRoughness.uasset" 611
"../../../Engine/Plugins/Interchange/Assets/Content/Functions/MF_PhongToMetalRoughness.uexp" 612
"S:/Projects/MyProject2/Content/Game/Models/Warior/Paladin_specular.ubulk" 613
"S:/Projects/MyProject2/Content/Game/Models/Warior/Paladin_specular.uasset" 614
"S:/Projects/MyProject2/Content/Game/Models/Warior/Paladin_specular.uexp" 615
"S:/Projects/MyProject2/Content/Game/Models/Warior/Paladin_normal.ubulk" 616
"S:/Projects/MyProject2/Content/Game/Models/Warior/Paladin_normal.uasset" 617
"S:/Projects/MyProject2/Content/Game/Models/Warior/Paladin_normal.uexp" 618
"S:/Projects/MyProject2/Content/Game/Models/Warior/Paladin_diffuse.ubulk" 619
"S:/Projects/MyProject2/Content/Game/Models/Warior/Paladin_diffuse.uasset" 620
"S:/Projects/MyProject2/Content/Game/Models/Warior/Paladin_diffuse.uexp" 621
"S:/Projects/MyProject2/Content/Game/Models/Warior/Paladin_MAT.uasset" 622
"S:/Projects/MyProject2/Content/Game/Models/Warior/Paladin_MAT.uexp" 623
"S:/Projects/MyProject2/Content/Game/Models/Warior/Paladin_J_Nordstrom__1__Skeleton.uasset" 624
"S:/Projects/MyProject2/Content/Game/Models/Warior/Paladin_J_Nordstrom__1__Skeleton.uexp" 625
"S:/Projects/MyProject2/Content/Game/Models/Warior/Paladin_J_Nordstrom__1__PhysicsAsset.uasset" 626
"S:/Projects/MyProject2/Content/Game/Models/Warior/Paladin_J_Nordstrom__1__PhysicsAsset.uexp" 627
"S:/Projects/MyProject2/Content/Game/Models/Warior/Paladin_J_Nordstrom__1_.uasset" 628
"S:/Projects/MyProject2/Content/Game/Models/Warior/Paladin_J_Nordstrom__1_.uexp" 629
"S:/Projects/MyProject2/Content/Game/Models/Anims/ABP_Pal.uasset" 630
"S:/Projects/MyProject2/Content/Game/Models/Anims/ABP_Pal.uexp" 631
"../../../Engine/Plugins/Animation/ACLPlugin/Content/ACLAnimCurveCompressionSettings.uasset" 632
"../../../Engine/Plugins/Animation/ACLPlugin/Content/ACLAnimCurveCompressionSettings.uexp" 633
"../../../Engine/Plugins/Animation/ACLPlugin/Content/ACLAnimBoneCompressionSettings.uasset" 634
"../../../Engine/Plugins/Animation/ACLPlugin/Content/ACLAnimBoneCompressionSettings.uexp" 635
"../../../Engine/Content/Animation/DefaultVariableFrameStrippingSettings.uasset" 636
"../../../Engine/Content/Animation/DefaultVariableFrameStrippingSettings.uexp" 637
"S:/Projects/MyProject2/Content/Game/Models/Anims/Standing_Melee_Attack_Horizontal__2_.uasset" 638
"S:/Projects/MyProject2/Content/Game/Models/Anims/Standing_Melee_Attack_Horizontal__2_.uexp" 639
"S:/Projects/MyProject2/Content/Game/Models/Anims/AM_PaladinAtack.uasset" 640
"S:/Projects/MyProject2/Content/Game/Models/Anims/AM_PaladinAtack.uexp" 641
"S:/Projects/MyProject2/Content/Game/Widgets/WBP_LoseWidget.uasset" 642
"S:/Projects/MyProject2/Content/Game/Widgets/WBP_LoseWidget.uexp" 643
"S:/Projects/MyProject2/Content/Game/BP_PlayerFighter.uasset" 644
"S:/Projects/MyProject2/Content/Game/BP_PlayerFighter.uexp" 645
"S:/Projects/MyProject2/Content/Game/BP_TestForCClasses.uasset" 646
"S:/Projects/MyProject2/Content/Game/BP_TestForCClasses.uexp" 647
"S:/Projects/MyProject2/Content/Game/Widgets/WBP_Counter.uasset" 648
"S:/Projects/MyProject2/Content/Game/Widgets/WBP_Counter.uexp" 649
"../../../Engine/Content/EditorResources/Ai_Spawnpoint.ubulk" 650
"../../../Engine/Content/EditorResources/Ai_Spawnpoint.uasset" 651
"../../../Engine/Content/EditorResources/Ai_Spawnpoint.uexp" 652
"S:/Projects/MyProject2/Content/Game/Widgets/WBP_GetNewWeapob.uasset" 653
"S:/Projects/MyProject2/Content/Game/Widgets/WBP_GetNewWeapob.uexp" 654
"S:/Projects/MyProject2/Content/Game/Widgets/WBP_ParametersView.uasset" 655
"S:/Projects/MyProject2/Content/Game/Widgets/WBP_ParametersView.uexp" 656
"S:/Projects/MyProject2/Content/Game/Widgets/WBP_UpgradeWidget.uasset" 657
"S:/Projects/MyProject2/Content/Game/Widgets/WBP_UpgradeWidget.uexp" 658
"S:/Projects/MyProject2/Content/Game/BP_PlayerController.uasset" 659
"S:/Projects/MyProject2/Content/Game/BP_PlayerController.uexp" 660
"../../../Engine/Plugins/FX/Niagara/Content/DefaultAssets/DefaultSpriteMaterial.uasset" 661
"../../../Engine/Plugins/FX/Niagara/Content/DefaultAssets/DefaultSpriteMaterial.uexp" 662
"S:/Projects/MyProject2/Content/NS_Flame.uasset" 663
"S:/Projects/MyProject2/Content/NS_Flame.uexp" 664
"S:/Projects/MyProject2/Content/Game/ClassBuffs/DataTables/ST_MobInfo.uasset" 665
"S:/Projects/MyProject2/Content/Game/ClassBuffs/DataTables/ST_MobInfo.uexp" 666
"S:/Projects/MyProject2/Content/Game/Models/Mobs/Gobs/goblin_d_shareyko__1__Skeleton.uasset" 667
"S:/Projects/MyProject2/Content/Game/Models/Mobs/Gobs/goblin_d_shareyko__1__Skeleton.uexp" 668
"S:/Projects/MyProject2/Content/Game/Models/Mobs/Gobs/Idle__2__Anim_mixamo_com.uasset" 669
"S:/Projects/MyProject2/Content/Game/Models/Mobs/Gobs/Idle__2__Anim_mixamo_com.uexp" 670
"S:/Projects/MyProject2/Content/Game/Models/Mobs/Gobs/ABP_Gobs.uasset" 671
"S:/Projects/MyProject2/Content/Game/Models/Mobs/Gobs/ABP_Gobs.uexp" 672
"S:/Projects/MyProject2/Content/FourEvilDragonsPBR/Meshes/DragonTheUsurper/DragonTheUsurper_Skeleton.uasset" 673
"S:/Projects/MyProject2/Content/FourEvilDragonsPBR/Meshes/DragonTheUsurper/DragonTheUsurper_Skeleton.uexp" 674
"S:/Projects/MyProject2/Content/FourEvilDragonsPBR/Meshes/DragonTheUsurper/DragonTheUsurper_Physics.uasset" 675
"S:/Projects/MyProject2/Content/FourEvilDragonsPBR/Meshes/DragonTheUsurper/DragonTheUsurper_Physics.uexp" 676
"S:/Projects/MyProject2/Content/FourEvilDragonsPBR/Textures/DragonTheUsurper/Red/Red_BCTex.ubulk" 677
"S:/Projects/MyProject2/Content/FourEvilDragonsPBR/Textures/DragonTheUsurper/Red/Red_BCTex.uasset" 678
"S:/Projects/MyProject2/Content/FourEvilDragonsPBR/Textures/DragonTheUsurper/Red/Red_BCTex.uexp" 679
"S:/Projects/MyProject2/Content/FourEvilDragonsPBR/Textures/DragonTheUsurper/Red/Red_ETex.ubulk" 680
"S:/Projects/MyProject2/Content/FourEvilDragonsPBR/Textures/DragonTheUsurper/Red/Red_ETex.uasset" 681
"S:/Projects/MyProject2/Content/FourEvilDragonsPBR/Textures/DragonTheUsurper/Red/Red_ETex.uexp" 682
"S:/Projects/MyProject2/Content/FourEvilDragonsPBR/Textures/DragonTheUsurper/Red/Red_NTex.ubulk" 683
"S:/Projects/MyProject2/Content/FourEvilDragonsPBR/Textures/DragonTheUsurper/Red/Red_NTex.uasset" 684
"S:/Projects/MyProject2/Content/FourEvilDragonsPBR/Textures/DragonTheUsurper/Red/Red_NTex.uexp" 685
"S:/Projects/MyProject2/Content/FourEvilDragonsPBR/Textures/DragonTheUsurper/Red/Red_R_AO_MTTex.ubulk" 686
"S:/Projects/MyProject2/Content/FourEvilDragonsPBR/Textures/DragonTheUsurper/Red/Red_R_AO_MTTex.uasset" 687
"S:/Projects/MyProject2/Content/FourEvilDragonsPBR/Textures/DragonTheUsurper/Red/Red_R_AO_MTTex.uexp" 688
"S:/Projects/MyProject2/Content/FourEvilDragonsPBR/Materials/DragonTheUsurper/RedMat.uasset" 689
"S:/Projects/MyProject2/Content/FourEvilDragonsPBR/Materials/DragonTheUsurper/RedMat.uexp" 690
"S:/Projects/MyProject2/Content/FourEvilDragonsPBR/Meshes/DragonTheUsurper/DragonTheUsurperSK.uasset" 691
"S:/Projects/MyProject2/Content/FourEvilDragonsPBR/Meshes/DragonTheUsurper/DragonTheUsurperSK.uexp" 692
"S:/Projects/MyProject2/Content/Game/Models/Mobs/Golem/Rock_Guardian__4_.ubulk" 693
"S:/Projects/MyProject2/Content/Game/Models/Mobs/Golem/Rock_Guardian__4_.uasset" 694
"S:/Projects/MyProject2/Content/Game/Models/Mobs/Golem/Rock_Guardian__4_.uexp" 695
"S:/Projects/MyProject2/Content/Game/Models/Mobs/Golem/Rock_Guardian__3_.ubulk" 696
"S:/Projects/MyProject2/Content/Game/Models/Mobs/Golem/Rock_Guardian__3_.uasset" 697
"S:/Projects/MyProject2/Content/Game/Models/Mobs/Golem/Rock_Guardian__3_.uexp" 698
"S:/Projects/MyProject2/Content/Game/Models/Mobs/Golem/Rock_Guardian__2_.ubulk" 699
"S:/Projects/MyProject2/Content/Game/Models/Mobs/Golem/Rock_Guardian__2_.uasset" 700
"S:/Projects/MyProject2/Content/Game/Models/Mobs/Golem/Rock_Guardian__2_.uexp" 701
"S:/Projects/MyProject2/Content/Game/Models/Mobs/Golem/Rock_Guardian.ubulk" 702
"S:/Projects/MyProject2/Content/Game/Models/Mobs/Golem/Rock_Guardian.uasset" 703
"S:/Projects/MyProject2/Content/Game/Models/Mobs/Golem/Rock_Guardian.uexp" 704
"S:/Projects/MyProject2/Content/Game/Models/Mobs/Golem/M_Golem.uasset" 705
"S:/Projects/MyProject2/Content/Game/Models/Mobs/Golem/M_Golem.uexp" 706
"S:/Projects/MyProject2/Content/Game/Models/Mobs/Golem/Rock_Guardian_Skeleton.uasset" 707
"S:/Projects/MyProject2/Content/Game/Models/Mobs/Golem/Rock_Guardian_Skeleton.uexp" 708
"S:/Projects/MyProject2/Content/Game/Models/Mobs/Rock_Guardian.uasset" 709
"S:/Projects/MyProject2/Content/Game/Models/Mobs/Rock_Guardian.uexp" 710
"S:/Projects/MyProject2/Content/FourEvilDragonsPBR/Animations/DragonTheUsurper/AttackMouthAnim.uasset" 711
"S:/Projects/MyProject2/Content/FourEvilDragonsPBR/Animations/DragonTheUsurper/AttackMouthAnim.uexp" 712
"S:/Projects/MyProject2/Content/Game/Models/Mobs/AM_DragonAtack.uasset" 713
"S:/Projects/MyProject2/Content/Game/Models/Mobs/AM_DragonAtack.uexp" 714
"S:/Projects/MyProject2/Content/FourEvilDragonsPBR/Animations/DragonTheUsurper/Idle01Anim.uasset" 715
"S:/Projects/MyProject2/Content/FourEvilDragonsPBR/Animations/DragonTheUsurper/Idle01Anim.uexp" 716
"S:/Projects/MyProject2/Content/Game/Models/Mobs/ABP_Dragon.uasset" 717
"S:/Projects/MyProject2/Content/Game/Models/Mobs/ABP_Dragon.uexp" 718
"S:/Projects/MyProject2/Content/Fab/Cute_Enemy_-_Slime/cute_enemy_slime/StaticMeshes/SK_cute_enemy_slime.uasset" 719
"S:/Projects/MyProject2/Content/Fab/Cute_Enemy_-_Slime/cute_enemy_slime/StaticMeshes/SK_cute_enemy_slime.uexp" 720
"../../../Engine/Plugins/Interchange/Assets/Content/Utilities/New_LUT.uasset" 721
"../../../Engine/Plugins/Interchange/Assets/Content/Utilities/New_LUT.uexp" 722
"../../../Engine/Content/Functions/Engine_MaterialFunctions03/Math/RemapValueRange.uasset" 723
"../../../Engine/Content/Functions/Engine_MaterialFunctions03/Math/RemapValueRange.uexp" 724
"../../../Engine/Plugins/Interchange/Assets/Content/Functions/MF_Iridescence.uasset" 725
"../../../Engine/Plugins/Interchange/Assets/Content/Functions/MF_Iridescence.uexp" 726
"../../../Engine/Plugins/Interchange/Assets/Content/gltf/Textures/T_White_srgb.uasset" 727
"../../../Engine/Plugins/Interchange/Assets/Content/gltf/Textures/T_White_srgb.uexp" 728
"../../../Engine/Plugins/Interchange/Assets/Content/gltf/MaterialFunctions/MF_BaseColor.uasset" 729
"../../../Engine/Plugins/Interchange/Assets/Content/gltf/MaterialFunctions/MF_BaseColor.uexp" 730
"../../../Engine/Plugins/Interchange/Assets/Content/gltf/MaterialFunctions/MF_RotateV2.uasset" 731
"../../../Engine/Plugins/Interchange/Assets/Content/gltf/MaterialFunctions/MF_RotateV2.uexp" 732
"../../../Engine/Plugins/Interchange/Assets/Content/gltf/MaterialFunctions/MF_TransformUVs.uasset" 733
"../../../Engine/Plugins/Interchange/Assets/Content/gltf/MaterialFunctions/MF_TransformUVs.uexp" 734
"../../../Engine/Plugins/Interchange/Assets/Content/gltf/MaterialFunctions/MF_IOR.uasset" 735
"../../../Engine/Plugins/Interchange/Assets/Content/gltf/MaterialFunctions/MF_IOR.uexp" 736
"../../../Engine/Plugins/Interchange/Assets/Content/Functions/MF_IridescenceNoLUT.uasset" 737
"../../../Engine/Plugins/Interchange/Assets/Content/Functions/MF_IridescenceNoLUT.uexp" 738
"../../../Engine/Plugins/Interchange/Assets/Content/gltf/MaterialFunctions/MF_Iridescence.uasset" 739
"../../../Engine/Plugins/Interchange/Assets/Content/gltf/MaterialFunctions/MF_Iridescence.uexp" 740
"../../../Engine/Plugins/Interchange/Assets/Content/gltf/Textures/T_White_Linear.uasset" 741
"../../../Engine/Plugins/Interchange/Assets/Content/gltf/Textures/T_White_Linear.uexp" 742
"../../../Engine/Plugins/Interchange/Assets/Content/gltf/MaterialFunctions/MF_MetallicRoughness.uasset" 743
"../../../Engine/Plugins/Interchange/Assets/Content/gltf/MaterialFunctions/MF_MetallicRoughness.uexp" 744
"../../../Engine/Content/Functions/Engine_MaterialFunctions02/Math/Transform3x3Matrix.uasset" 745
"../../../Engine/Content/Functions/Engine_MaterialFunctions02/Math/Transform3x3Matrix.uexp" 746
"../../../Engine/Plugins/Interchange/Assets/Content/gltf/MaterialFunctions/MF_RotateNormals_TS.uasset" 747
"../../../Engine/Plugins/Interchange/Assets/Content/gltf/MaterialFunctions/MF_RotateNormals_TS.uexp" 748
"../../../Engine/Plugins/Interchange/Assets/Content/gltf/MaterialFunctions/MF_ScaleNormal.uasset" 749
"../../../Engine/Plugins/Interchange/Assets/Content/gltf/MaterialFunctions/MF_ScaleNormal.uexp" 750
"../../../Engine/Plugins/Interchange/Assets/Content/gltf/Textures/T_Generic_N.uasset" 751
"../../../Engine/Plugins/Interchange/Assets/Content/gltf/Textures/T_Generic_N.uexp" 752
"../../../Engine/Plugins/Interchange/Assets/Content/gltf/MaterialFunctions/MF_Normals.uasset" 753
"../../../Engine/Plugins/Interchange/Assets/Content/gltf/MaterialFunctions/MF_Normals.uexp" 754
"../../../Engine/Plugins/Interchange/Assets/Content/gltf/MaterialFunctions/MF_Occlusion.uasset" 755
"../../../Engine/Plugins/Interchange/Assets/Content/gltf/MaterialFunctions/MF_Occlusion.uexp" 756
"../../../Engine/Plugins/Interchange/Assets/Content/gltf/MaterialFunctions/MF_Specular.uasset" 757
"../../../Engine/Plugins/Interchange/Assets/Content/gltf/MaterialFunctions/MF_Specular.uexp" 758
"../../../Engine/Plugins/Interchange/Assets/Content/gltf/Textures/T_Anisotropy_Direction_Linear.uasset" 759
"../../../Engine/Plugins/Interchange/Assets/Content/gltf/Textures/T_Anisotropy_Direction_Linear.uexp" 760
"../../../Engine/Plugins/Interchange/Assets/Content/gltf/MaterialFunctions/MF_SpecularAnisotropy.uasset" 761
"../../../Engine/Plugins/Interchange/Assets/Content/gltf/MaterialFunctions/MF_SpecularAnisotropy.uexp" 762
"../../../Engine/Plugins/Interchange/Assets/Content/gltf/MaterialFunctions/MF_Emissive.uasset" 763
"../../../Engine/Plugins/Interchange/Assets/Content/gltf/MaterialFunctions/MF_Emissive.uexp" 764
"../../../Engine/Plugins/Interchange/Assets/Content/gltf/MaterialBodies/MF_Default_Body.uasset" 765
"../../../Engine/Plugins/Interchange/Assets/Content/gltf/MaterialBodies/MF_Default_Body.uexp" 766
"../../../Engine/Plugins/Interchange/Assets/Content/gltf/M_Default.uasset" 767
"../../../Engine/Plugins/Interchange/Assets/Content/gltf/M_Default.uexp" 768
"../../../Engine/Plugins/Interchange/Assets/Content/gltf/MaterialInstances/MI_Default_Opaque_DS.uasset" 769
"../../../Engine/Plugins/Interchange/Assets/Content/gltf/MaterialInstances/MI_Default_Opaque_DS.uexp" 770
"S:/Projects/MyProject2/Content/Fab/Cute_Enemy_-_Slime/cute_enemy_slime/Textures/cute_enemy_slime_texture_4.ubulk" 771
"S:/Projects/MyProject2/Content/Fab/Cute_Enemy_-_Slime/cute_enemy_slime/Textures/cute_enemy_slime_texture_4.uasset" 772
"S:/Projects/MyProject2/Content/Fab/Cute_Enemy_-_Slime/cute_enemy_slime/Textures/cute_enemy_slime_texture_4.uexp" 773
"S:/Projects/MyProject2/Content/Fab/Cute_Enemy_-_Slime/cute_enemy_slime/Textures/cute_enemy_slime_texture_5.ubulk" 774
"S:/Projects/MyProject2/Content/Fab/Cute_Enemy_-_Slime/cute_enemy_slime/Textures/cute_enemy_slime_texture_5.uasset" 775
"S:/Projects/MyProject2/Content/Fab/Cute_Enemy_-_Slime/cute_enemy_slime/Textures/cute_enemy_slime_texture_5.uexp" 776
"S:/Projects/MyProject2/Content/Fab/Cute_Enemy_-_Slime/cute_enemy_slime/Textures/cute_enemy_slime_texture_6.ubulk" 777
"S:/Projects/MyProject2/Content/Fab/Cute_Enemy_-_Slime/cute_enemy_slime/Textures/cute_enemy_slime_texture_6.uasset" 778
"S:/Projects/MyProject2/Content/Fab/Cute_Enemy_-_Slime/cute_enemy_slime/Textures/cute_enemy_slime_texture_6.uexp" 779
"S:/Projects/MyProject2/Content/Fab/Cute_Enemy_-_Slime/cute_enemy_slime/Textures/cute_enemy_slime_texture_7.ubulk" 780
"S:/Projects/MyProject2/Content/Fab/Cute_Enemy_-_Slime/cute_enemy_slime/Textures/cute_enemy_slime_texture_7.uasset" 781
"S:/Projects/MyProject2/Content/Fab/Cute_Enemy_-_Slime/cute_enemy_slime/Textures/cute_enemy_slime_texture_7.uexp" 782
"S:/Projects/MyProject2/Content/Fab/Cute_Enemy_-_Slime/cute_enemy_slime/Materials/SmallSlime1.uasset" 783
"S:/Projects/MyProject2/Content/Fab/Cute_Enemy_-_Slime/cute_enemy_slime/Materials/SmallSlime1.uexp" 784
"../../../Engine/Plugins/Interchange/Assets/Content/gltf/MaterialInstances/MI_Default_Blend_DS.uasset" 785
"../../../Engine/Plugins/Interchange/Assets/Content/gltf/MaterialInstances/MI_Default_Blend_DS.uexp" 786
"S:/Projects/MyProject2/Content/Fab/Cute_Enemy_-_Slime/cute_enemy_slime/Textures/cute_enemy_slime_texture_0.ubulk" 787
"S:/Projects/MyProject2/Content/Fab/Cute_Enemy_-_Slime/cute_enemy_slime/Textures/cute_enemy_slime_texture_0.uasset" 788
"S:/Projects/MyProject2/Content/Fab/Cute_Enemy_-_Slime/cute_enemy_slime/Textures/cute_enemy_slime_texture_0.uexp" 789
"S:/Projects/MyProject2/Content/Fab/Cute_Enemy_-_Slime/cute_enemy_slime/Textures/cute_enemy_slime_texture_1.ubulk" 790
"S:/Projects/MyProject2/Content/Fab/Cute_Enemy_-_Slime/cute_enemy_slime/Textures/cute_enemy_slime_texture_1.uasset" 791
"S:/Projects/MyProject2/Content/Fab/Cute_Enemy_-_Slime/cute_enemy_slime/Textures/cute_enemy_slime_texture_1.uexp" 792
"S:/Projects/MyProject2/Content/Fab/Cute_Enemy_-_Slime/cute_enemy_slime/Textures/cute_enemy_slime_texture_2.ubulk" 793
"S:/Projects/MyProject2/Content/Fab/Cute_Enemy_-_Slime/cute_enemy_slime/Textures/cute_enemy_slime_texture_2.uasset" 794
"S:/Projects/MyProject2/Content/Fab/Cute_Enemy_-_Slime/cute_enemy_slime/Textures/cute_enemy_slime_texture_2.uexp" 795
"S:/Projects/MyProject2/Content/Fab/Cute_Enemy_-_Slime/cute_enemy_slime/Textures/cute_enemy_slime_texture_3.ubulk" 796
"S:/Projects/MyProject2/Content/Fab/Cute_Enemy_-_Slime/cute_enemy_slime/Textures/cute_enemy_slime_texture_3.uasset" 797
"S:/Projects/MyProject2/Content/Fab/Cute_Enemy_-_Slime/cute_enemy_slime/Textures/cute_enemy_slime_texture_3.uexp" 798
"S:/Projects/MyProject2/Content/Fab/Cute_Enemy_-_Slime/cute_enemy_slime/Materials/BigSlime1.uasset" 799
"S:/Projects/MyProject2/Content/Fab/Cute_Enemy_-_Slime/cute_enemy_slime/Materials/BigSlime1.uexp" 800
"S:/Projects/MyProject2/Content/Fab/Cute_Enemy_-_Slime/cute_enemy_slime/StaticMeshes/SKM_cute_enemy_slime.uasset" 801
"S:/Projects/MyProject2/Content/Fab/Cute_Enemy_-_Slime/cute_enemy_slime/StaticMeshes/SKM_cute_enemy_slime.uexp" 802
"S:/Projects/MyProject2/Content/Game/Models/Mobs/Skeleton/uploads_files_4558133_Skellytonfighter_Skeleton.uasset" 803
"S:/Projects/MyProject2/Content/Game/Models/Mobs/Skeleton/uploads_files_4558133_Skellytonfighter_Skeleton.uexp" 804
"S:/Projects/MyProject2/Content/Game/Models/Mobs/Skeleton/uploads_files_4558133_Skellytonfighter.uasset" 805
"S:/Projects/MyProject2/Content/Game/Models/Mobs/Skeleton/uploads_files_4558133_Skellytonfighter.uexp" 806
"S:/Projects/MyProject2/Content/Fab/Cute_Enemy_-_Slime/cute_enemy_slime/SK_cute_enemy_slime_Sequence.uasset" 807
"S:/Projects/MyProject2/Content/Fab/Cute_Enemy_-_Slime/cute_enemy_slime/SK_cute_enemy_slime_Sequence.uexp" 808
"S:/Projects/MyProject2/Content/Fab/Cute_Enemy_-_Slime/cute_enemy_slime/StaticMeshes/AM_SlimeAtack.uasset" 809
"S:/Projects/MyProject2/Content/Fab/Cute_Enemy_-_Slime/cute_enemy_slime/StaticMeshes/AM_SlimeAtack.uexp" 810
"S:/Projects/MyProject2/Content/Game/Models/Mobs/Skeleton/uploads_files_4558133_Skellytonfighter_Anim.uasset" 811
"S:/Projects/MyProject2/Content/Game/Models/Mobs/Skeleton/uploads_files_4558133_Skellytonfighter_Anim.uexp" 812
"S:/Projects/MyProject2/Content/Game/Models/Mobs/Skeleton/AM_SkullAtack.uasset" 813
"S:/Projects/MyProject2/Content/Game/Models/Mobs/Skeleton/AM_SkullAtack.uexp" 814
"../../../Engine/Content/EngineResources/DefaultTexture.ubulk" 815
"../../../Engine/Content/EngineResources/DefaultTexture.uasset" 816
"../../../Engine/Content/EngineResources/DefaultTexture.uexp" 817
"S:/Projects/MyProject2/Content/Game/Models/Mobs/Gobs/goblin_specular.ubulk" 818
"S:/Projects/MyProject2/Content/Game/Models/Mobs/Gobs/goblin_specular.uasset" 819
"S:/Projects/MyProject2/Content/Game/Models/Mobs/Gobs/goblin_specular.uexp" 820
"S:/Projects/MyProject2/Content/Game/Models/Mobs/Gobs/goblin_normal.ubulk" 821
"S:/Projects/MyProject2/Content/Game/Models/Mobs/Gobs/goblin_normal.uasset" 822
"S:/Projects/MyProject2/Content/Game/Models/Mobs/Gobs/goblin_normal.uexp" 823
"S:/Projects/MyProject2/Content/Game/Models/Mobs/Gobs/goblin_diffuse.ubulk" 824
"S:/Projects/MyProject2/Content/Game/Models/Mobs/Gobs/goblin_diffuse.uasset" 825
"S:/Projects/MyProject2/Content/Game/Models/Mobs/Gobs/goblin_diffuse.uexp" 826
"S:/Projects/MyProject2/Content/Game/Models/Mobs/Gobs/phong1.uasset" 827
"S:/Projects/MyProject2/Content/Game/Models/Mobs/Gobs/phong1.uexp" 828
"S:/Projects/MyProject2/Content/Game/Models/Mobs/Gobs/eyes_lambert.uasset" 829
"S:/Projects/MyProject2/Content/Game/Models/Mobs/Gobs/eyes_lambert.uexp" 830
"S:/Projects/MyProject2/Content/Game/Models/Mobs/Gobs/goblin_d_shareyko__1_.uasset" 831
"S:/Projects/MyProject2/Content/Game/Models/Mobs/Gobs/goblin_d_shareyko__1_.uexp" 832
"S:/Projects/MyProject2/Content/Game/Models/Mobs/Golem/Golem_Atack.uasset" 833
"S:/Projects/MyProject2/Content/Game/Models/Mobs/Golem/Golem_Atack.uexp" 834
"S:/Projects/MyProject2/Content/Game/Models/Mobs/Golem/AM_GolemAtack.uasset" 835
"S:/Projects/MyProject2/Content/Game/Models/Mobs/Golem/AM_GolemAtack.uexp" 836
"S:/Projects/MyProject2/Content/Game/Models/Mobs/Gobs/Standing_Melee_Attack_Horizontal.uasset" 837
"S:/Projects/MyProject2/Content/Game/Models/Mobs/Gobs/Standing_Melee_Attack_Horizontal.uexp" 838
"S:/Projects/MyProject2/Content/Game/Models/Mobs/Gobs/AM_AtackGoblin.uasset" 839
"S:/Projects/MyProject2/Content/Game/Models/Mobs/Gobs/AM_AtackGoblin.uexp" 840
"S:/Projects/MyProject2/Content/Game/Models/Mobs/Golem/ABP_Golem.uasset" 841
"S:/Projects/MyProject2/Content/Game/Models/Mobs/Golem/ABP_Golem.uexp" 842
"S:/Projects/MyProject2/Content/Game/Models/Mobs/Skeleton/ABP_skelly.uasset" 843
"S:/Projects/MyProject2/Content/Game/Models/Mobs/Skeleton/ABP_skelly.uexp" 844
"S:/Projects/MyProject2/Content/Game/Models/Mobs/Slime/ABP_Slime.uasset" 845
"S:/Projects/MyProject2/Content/Game/Models/Mobs/Slime/ABP_Slime.uexp" 846
"S:/Projects/MyProject2/Content/Game/ClassBuffs/Abilities/BP_DragonFlame.uasset" 847
"S:/Projects/MyProject2/Content/Game/ClassBuffs/Abilities/BP_DragonFlame.uexp" 848
"S:/Projects/MyProject2/Content/Game/ClassBuffs/Abilities/BP_SlashDamageResist.uasset" 849
"S:/Projects/MyProject2/Content/Game/ClassBuffs/Abilities/BP_SlashDamageResist.uexp" 850
"S:/Projects/MyProject2/Content/Game/ClassBuffs/Abilities/BP_fragility.uasset" 851
"S:/Projects/MyProject2/Content/Game/ClassBuffs/Abilities/BP_fragility.uexp" 852
"S:/Projects/MyProject2/Content/Game/ClassBuffs/DataTables/DT_Mobs.uasset" 853
"S:/Projects/MyProject2/Content/Game/ClassBuffs/DataTables/DT_Mobs.uexp" 854
"S:/Projects/MyProject2/Content/Game/BP_MobFighter.uasset" 855
"S:/Projects/MyProject2/Content/Game/BP_MobFighter.uexp" 856
"S:/Projects/MyProject2/Content/Game/Widgets/WBP_WinWidget1.uasset" 857
"S:/Projects/MyProject2/Content/Game/Widgets/WBP_WinWidget1.uexp" 858
"S:/Projects/MyProject2/Content/Game/BP_GameState.uasset" 859
"S:/Projects/MyProject2/Content/Game/BP_GameState.uexp" 860
"S:/Projects/MyProject2/Content/Game/BP_MyGamemode.uasset" 861
"S:/Projects/MyProject2/Content/Game/BP_MyGamemode.uexp" 862
"../../../Engine/Plugins/VirtualProduction/CameraCalibrationCore/Content/Materials/M_DefaultOddSquare.uasset" 863
"../../../Engine/Plugins/VirtualProduction/CameraCalibrationCore/Content/Materials/M_DefaultOddSquare.uexp" 864
"../../../Engine/Plugins/VirtualProduction/CameraCalibrationCore/Content/Materials/M_DefaultEvenSquare.uasset" 865
"../../../Engine/Plugins/VirtualProduction/CameraCalibrationCore/Content/Materials/M_DefaultEvenSquare.uexp" 866
"../../../Engine/Plugins/Runtime/HairStrands/Content/Materials/HairMeshesDefaultMaterial.uasset" 867
"../../../Engine/Plugins/Runtime/HairStrands/Content/Materials/HairMeshesDefaultMaterial.uexp" 868
"../../../Engine/Plugins/Runtime/HairStrands/Content/Materials/HairDefaultMaterial.uasset" 869
"../../../Engine/Plugins/Runtime/HairStrands/Content/Materials/HairDefaultMaterial.uexp" 870
"../../../Engine/Content/Functions/Engine_MaterialFunctions02/Utility/MakeFloat2.uasset" 871
"../../../Engine/Content/Functions/Engine_MaterialFunctions02/Utility/MakeFloat2.uexp" 872
"../../../Engine/Content/EngineMaterials/HairDebugColor.uasset" 873
"../../../Engine/Content/EngineMaterials/HairDebugColor.uexp" 874
"../../../Engine/Content/EngineMaterials/HairColorMap.uasset" 875
"../../../Engine/Content/EngineMaterials/HairColorMap.uexp" 876
"../../../Engine/Plugins/Runtime/HairStrands/Content/Materials/HairGroupColors.uasset" 877
"../../../Engine/Plugins/Runtime/HairStrands/Content/Materials/HairGroupColors.uexp" 878
"../../../Engine/Plugins/Runtime/HairStrands/Content/Materials/HairDebugMaterial.uasset" 879
"../../../Engine/Plugins/Runtime/HairStrands/Content/Materials/HairDebugMaterial.uexp" 880
"../../../Engine/Plugins/Runtime/HairStrands/Content/Materials/HairCardsDefaultMaterial.uasset" 881
"../../../Engine/Plugins/Runtime/HairStrands/Content/Materials/HairCardsDefaultMaterial.uexp" 882
"../../../Engine/Plugins/Runtime/AudioWidgets/Content/Resources/ScrubHandleDown_Clamped.uasset" 883
"../../../Engine/Plugins/Runtime/AudioWidgets/Content/Resources/ScrubHandleDown_Clamped.uexp" 884
"../../../Engine/Plugins/Interchange/Assets/Content/Functions/MX_UsdPreviewSurface.uasset" 885
"../../../Engine/Plugins/Interchange/Assets/Content/Functions/MX_UsdPreviewSurface.uexp" 886
"../../../Engine/Plugins/Interchange/Assets/Content/Functions/MX_UniformEDF.uasset" 887
"../../../Engine/Plugins/Interchange/Assets/Content/Functions/MX_UniformEDF.uexp" 888
"../../../Engine/Plugins/Interchange/Assets/Content/Functions/MX_TranslucentBSDF.uasset" 889
"../../../Engine/Plugins/Interchange/Assets/Content/Functions/MX_TranslucentBSDF.uexp" 890
"../../../Engine/Plugins/Interchange/Assets/Content/Functions/MX_ThinFilmBSDF.uasset" 891
"../../../Engine/Plugins/Interchange/Assets/Content/Functions/MX_ThinFilmBSDF.uexp" 892
"../../../Engine/Plugins/Interchange/Assets/Content/Functions/MX_SurfaceUnlit.uasset" 893
"../../../Engine/Plugins/Interchange/Assets/Content/Functions/MX_SurfaceUnlit.uexp" 894
"../../../Engine/Plugins/Interchange/Assets/Content/Functions/MX_Surface.uasset" 895
"../../../Engine/Plugins/Interchange/Assets/Content/Functions/MX_Surface.uexp" 896
"../../../Engine/Plugins/Interchange/Assets/Content/Functions/MX_SubsurfaceBSDF.uasset" 897
"../../../Engine/Plugins/Interchange/Assets/Content/Functions/MX_SubsurfaceBSDF.uexp" 898
"../../../Engine/Plugins/Interchange/Assets/Content/Functions/MX_SheenBSDF.uasset" 899
"../../../Engine/Plugins/Interchange/Assets/Content/Functions/MX_SheenBSDF.uexp" 900
"../../../Engine/Plugins/Interchange/Assets/Content/Functions/MX_OrenNayarBSDF.uasset" 901
"../../../Engine/Plugins/Interchange/Assets/Content/Functions/MX_OrenNayarBSDF.uexp" 902
"../../../Engine/Plugins/Interchange/Assets/Content/Functions/MX_StandardSurface.uasset" 903
"../../../Engine/Plugins/Interchange/Assets/Content/Functions/MX_StandardSurface.uexp" 904
"../../../Engine/Plugins/Interchange/Assets/Content/Functions/MX_TransmissionSurface.uasset" 905
"../../../Engine/Plugins/Interchange/Assets/Content/Functions/MX_TransmissionSurface.uexp" 906
"../../../Engine/Plugins/Interchange/Assets/Content/Functions/MX_OpenPBR_Translucent.uasset" 907
"../../../Engine/Plugins/Interchange/Assets/Content/Functions/MX_OpenPBR_Translucent.uexp" 908
"../../../Engine/Plugins/Interchange/Assets/Content/Functions/MX_OpenPBR_Opaque.uasset" 909
"../../../Engine/Plugins/Interchange/Assets/Content/Functions/MX_OpenPBR_Opaque.uexp" 910
"../../../Engine/Plugins/Interchange/Assets/Content/Functions/MX_MeasuredEDF.uasset" 911
"../../../Engine/Plugins/Interchange/Assets/Content/Functions/MX_MeasuredEDF.uexp" 912
"../../../Engine/Plugins/Interchange/Assets/Content/Functions/MX_GeneralizedSchlickBSDF.uasset" 913
"../../../Engine/Plugins/Interchange/Assets/Content/Functions/MX_GeneralizedSchlickBSDF.uexp" 914
"../../../Engine/Plugins/Interchange/Assets/Content/Functions/MX_Displacement.uasset" 915
"../../../Engine/Plugins/Interchange/Assets/Content/Functions/MX_Displacement.uexp" 916
"../../../Engine/Plugins/Interchange/Assets/Content/Functions/MX_DielectricBSDF.uasset" 917
"../../../Engine/Plugins/Interchange/Assets/Content/Functions/MX_DielectricBSDF.uexp" 918
"../../../Engine/Plugins/Interchange/Assets/Content/Functions/MX_ConicalEDF.uasset" 919
"../../../Engine/Plugins/Interchange/Assets/Content/Functions/MX_ConicalEDF.uexp" 920
"../../../Engine/Plugins/Interchange/Assets/Content/Functions/MX_ConductorBSDF.uasset" 921
"../../../Engine/Plugins/Interchange/Assets/Content/Functions/MX_ConductorBSDF.uexp" 922
"../../../Engine/Plugins/Interchange/Assets/Content/Functions/MX_BurleyDiffuseBSDF.uasset" 923
"../../../Engine/Plugins/Interchange/Assets/Content/Functions/MX_BurleyDiffuseBSDF.uexp" 924
"../../../Engine/Plugins/Interchange/Assets/Content/Functions/MX_AnisotropicVDF.uasset" 925
"../../../Engine/Plugins/Interchange/Assets/Content/Functions/MX_AnisotropicVDF.uexp" 926
"../../../Engine/Plugins/Interchange/Assets/Content/Functions/MX_AbsorptionVDF.uasset" 927
"../../../Engine/Plugins/Interchange/Assets/Content/Functions/MX_AbsorptionVDF.uexp" 928
"../../../Engine/Content/EditorMaterials/Camera/CineMat.uasset" 929
"../../../Engine/Content/EditorMaterials/Camera/CineMat.uexp" 930
"../../../Engine/Content/EditorMaterials/Camera/MI_CineMat_Rig.uasset" 931
"../../../Engine/Content/EditorMaterials/Camera/MI_CineMat_Rig.uexp" 932
"../../../Engine/Content/EditorMeshes/Camera/SM_RailRig_Track.ubulk" 933
"../../../Engine/Content/EditorMeshes/Camera/SM_RailRig_Track.uasset" 934
"../../../Engine/Content/EditorMeshes/Camera/SM_RailRig_Track.uexp" 935
"../../../Engine/Content/EditorMeshes/Camera/SM_RailRig_Mount.ubulk" 936
"../../../Engine/Content/EditorMeshes/Camera/SM_RailRig_Mount.uasset" 937
"../../../Engine/Content/EditorMeshes/Camera/SM_RailRig_Mount.uexp" 938
"../../../Engine/Content/EditorMeshes/Camera/SM_CraneRig_Mount.ubulk" 939
"../../../Engine/Content/EditorMeshes/Camera/SM_CraneRig_Mount.uasset" 940
"../../../Engine/Content/EditorMeshes/Camera/SM_CraneRig_Mount.uexp" 941
"../../../Engine/Content/EditorMeshes/Camera/SM_CraneRig_Body.ubulk" 942
"../../../Engine/Content/EditorMeshes/Camera/SM_CraneRig_Body.uasset" 943
"../../../Engine/Content/EditorMeshes/Camera/SM_CraneRig_Body.uexp" 944
"../../../Engine/Content/EditorMeshes/Camera/SM_CraneRig_Base.ubulk" 945
"../../../Engine/Content/EditorMeshes/Camera/SM_CraneRig_Base.uasset" 946
"../../../Engine/Content/EditorMeshes/Camera/SM_CraneRig_Base.uexp" 947
"../../../Engine/Content/EditorMeshes/Camera/SM_CraneRig_Arm.ubulk" 948
"../../../Engine/Content/EditorMeshes/Camera/SM_CraneRig_Arm.uasset" 949
"../../../Engine/Content/EditorMeshes/Camera/SM_CraneRig_Arm.uexp" 950
"../../../Engine/Content/EditorMaterials/ParticleSystems/PSysThumbnail_OOD.ubulk" 951
"../../../Engine/Content/EditorMaterials/ParticleSystems/PSysThumbnail_OOD.uasset" 952
"../../../Engine/Content/EditorMaterials/ParticleSystems/PSysThumbnail_OOD.uexp" 953
"../../../Engine/Content/EditorMaterials/ParticleSystems/PSysThumbnail_NoImage.ubulk" 954
"../../../Engine/Content/EditorMaterials/ParticleSystems/PSysThumbnail_NoImage.uasset" 955
"../../../Engine/Content/EditorMaterials/ParticleSystems/PSysThumbnail_NoImage.uexp" 956
"../../../Engine/Content/EditorMaterials/Dataflow/DataflowVertexMaterial.uasset" 957
"../../../Engine/Content/EditorMaterials/Dataflow/DataflowVertexMaterial.uexp" 958
"../../../Engine/Content/EditorMaterials/Dataflow/DataflowTwoSidedVertexMaterial.uasset" 959
"../../../Engine/Content/EditorMaterials/Dataflow/DataflowTwoSidedVertexMaterial.uexp" 960
"../../../Engine/Content/EngineMaterials/BlendFunc_DefBlend.uasset" 961
"../../../Engine/Content/EngineMaterials/BlendFunc_DefBlend.uexp" 962
"../../../Engine/Content/EngineMaterials/BlendFunc_DefBase.uasset" 963
"../../../Engine/Content/EngineMaterials/BlendFunc_DefBase.uexp" 964
"../../../Engine/Content/Functions/Engine_MaterialFunctions03/Blends/Blend_Overlay.uasset" 965
"../../../Engine/Content/Functions/Engine_MaterialFunctions03/Blends/Blend_Overlay.uexp" 966
"../../../Engine/Content/Functions/Engine_MaterialFunctions01/Gradient/LinearGradient.uasset" 967
"../../../Engine/Content/Functions/Engine_MaterialFunctions01/Gradient/LinearGradient.uexp" 968
"../../../Engine/Content/Functions/Engine_MaterialFunctions01/ImageAdjustment/CheapContrast.uasset" 969
"../../../Engine/Content/Functions/Engine_MaterialFunctions01/ImageAdjustment/CheapContrast.uexp" 970
"../../../Engine/Content/OpenWorldTemplate/LandscapeMaterial/T_GridChecker_A.ubulk" 971
"../../../Engine/Content/OpenWorldTemplate/LandscapeMaterial/T_GridChecker_A.uasset" 972
"../../../Engine/Content/OpenWorldTemplate/LandscapeMaterial/T_GridChecker_A.uexp" 973
"../../../Engine/Content/OpenWorldTemplate/LandscapeMaterial/MF_ProcGrid.uasset" 974
"../../../Engine/Content/OpenWorldTemplate/LandscapeMaterial/MF_ProcGrid.uexp" 975
"../../../Engine/Content/OpenWorldTemplate/LandscapeMaterial/M_ProcGrid.uasset" 976
"../../../Engine/Content/OpenWorldTemplate/LandscapeMaterial/M_ProcGrid.uexp" 977
"../../../Engine/Content/EngineSky/VolumetricClouds/VT_PerlinWorley_Balanced.uasset" 978
"../../../Engine/Content/EngineSky/VolumetricClouds/VT_PerlinWorley_Balanced.uexp" 979
"../../../Engine/Content/EngineSky/VolumetricClouds/T_Profile_08.ubulk" 980
"../../../Engine/Content/EngineSky/VolumetricClouds/T_Profile_08.uasset" 981
"../../../Engine/Content/EngineSky/VolumetricClouds/T_Profile_08.uexp" 982
"../../../Engine/Content/EngineSky/VolumetricClouds/T_CloudPattern.ubulk" 983
"../../../Engine/Content/EngineSky/VolumetricClouds/T_CloudPattern.uasset" 984
"../../../Engine/Content/EngineSky/VolumetricClouds/T_CloudPattern.uexp" 985
"../../../Engine/Content/EngineSky/VolumetricClouds/T_CloudMask.ubulk" 986
"../../../Engine/Content/EngineSky/VolumetricClouds/T_CloudMask.uasset" 987
"../../../Engine/Content/EngineSky/VolumetricClouds/T_CloudMask.uexp" 988
"../../../Engine/Content/Functions/Engine_MaterialFunctions02/Utility/BreakOutFloat4Components.uasset" 989
"../../../Engine/Content/Functions/Engine_MaterialFunctions02/Utility/BreakOutFloat4Components.uexp" 990
"../../../Engine/Content/Functions/Engine_MaterialFunctions02/Utility/MakeFloat4.uasset" 991
"../../../Engine/Content/Functions/Engine_MaterialFunctions02/Utility/MakeFloat4.uexp" 992
"../../../Engine/Content/EngineResources/DefaultVolumeTexture2D.uasset" 993
"../../../Engine/Content/EngineResources/DefaultVolumeTexture2D.uexp" 994
"../../../Engine/Content/EngineResources/DefaultVolumeTexture.uasset" 995
"../../../Engine/Content/EngineResources/DefaultVolumeTexture.uexp" 996
"../../../Engine/Content/EngineSky/VolumetricClouds/VT_Lightning.uasset" 997
"../../../Engine/Content/EngineSky/VolumetricClouds/VT_Lightning.uexp" 998
"../../../Engine/Content/Functions/Engine_MaterialFunctions01/Units/Km-to-Cm.uasset" 999
"../../../Engine/Content/Functions/Engine_MaterialFunctions01/Units/Km-to-Cm.uexp" 1000
"../../../Engine/Content/EngineSky/VolumetricClouds/m_SimpleVolumetricCloud.uasset" 1001
"../../../Engine/Content/EngineSky/VolumetricClouds/m_SimpleVolumetricCloud.uexp" 1002
"../../../Engine/Content/EngineSky/VolumetricClouds/m_SimpleVolumetricCloud_Inst.uasset" 1003
"../../../Engine/Content/EngineSky/VolumetricClouds/m_SimpleVolumetricCloud_Inst.uexp" 1004
"../../../Engine/Content/EngineResources/FilmGrains/Marcie_Grain_v3_128_M2_000.uasset" 1005
"../../../Engine/Content/EngineResources/FilmGrains/Marcie_Grain_v3_128_M2_000.uexp" 1006
"../../../Engine/Content/EngineResources/Development/ZenLogo_64.uasset" 1007
"../../../Engine/Content/EngineResources/Development/ZenLogo_64.uexp" 1008
"../../../Engine/Content/EngineMaterials/LTC/Sheen_LTC.uasset" 1009
"../../../Engine/Content/EngineMaterials/LTC/Sheen_LTC.uexp" 1010
"../../../Engine/Content/EngineMaterials/LTC/GGX_LTCMat.uasset" 1011
"../../../Engine/Content/EngineMaterials/LTC/GGX_LTCMat.uexp" 1012
"../../../Engine/Content/EngineMaterials/LTC/GGX_LTCAmp.uasset" 1013
"../../../Engine/Content/EngineMaterials/LTC/GGX_LTCAmp.uexp" 1014
"../../../Engine/Content/EngineMaterials/EnergyConservation/Sheen_Energy.uasset" 1015
"../../../Engine/Content/EngineMaterials/EnergyConservation/Sheen_Energy.uexp" 1016
"../../../Engine/Content/EngineMaterials/EnergyConservation/SheenLegacy_Energy.uasset" 1017
"../../../Engine/Content/EngineMaterials/EnergyConservation/SheenLegacy_Energy.uexp" 1018
"../../../Engine/Content/EngineMaterials/EnergyConservation/GGX_TransmissionEnergyArray.uasset" 1019
"../../../Engine/Content/EngineMaterials/EnergyConservation/GGX_TransmissionEnergyArray.uexp" 1020
"../../../Engine/Content/EngineMaterials/EnergyConservation/GGX_ReflectionEnergy.uasset" 1021
"../../../Engine/Content/EngineMaterials/EnergyConservation/GGX_ReflectionEnergy.uexp" 1022
"../../../Engine/Content/EngineMaterials/EnergyConservation/Diffuse_Energy.uasset" 1023
"../../../Engine/Content/EngineMaterials/EnergyConservation/Diffuse_Energy.uexp" 1024
"../../../Engine/Content/EditorResources/SequenceRecorder/RecordingIndicator.uasset" 1025
"../../../Engine/Content/EditorResources/SequenceRecorder/RecordingIndicator.uexp" 1026
"../../../Engine/Content/EditorResources/SequenceRecorder/Countdown.uasset" 1027
"../../../Engine/Content/EditorResources/SequenceRecorder/Countdown.uexp" 1028
"S:/Projects/MyProject2/Content/HiperShader/Textures/T_Dots.uasset" 1029
"S:/Projects/MyProject2/Content/HiperShader/Textures/T_Dots.uexp" 1030
"../../../Engine/Content/MapTemplates/TilingNoise05.ubulk" 1031
"../../../Engine/Content/MapTemplates/TilingNoise05.uasset" 1032
"../../../Engine/Content/MapTemplates/TilingNoise05.uexp" 1033
"../../../Engine/Content/Functions/Engine_MaterialFunctions02/Math/AddComponents.uasset" 1034
"../../../Engine/Content/Functions/Engine_MaterialFunctions02/Math/AddComponents.uexp" 1035
"../../../Engine/Content/Functions/Engine_MaterialFunctions01/Texturing/WorldAlignedTexture.uasset" 1036
"../../../Engine/Content/Functions/Engine_MaterialFunctions01/Texturing/WorldAlignedTexture.uexp" 1037
"S:/Projects/MyProject2/Content/HiperShader/Textures/T_Watercolor.uasset" 1038
"S:/Projects/MyProject2/Content/HiperShader/Textures/T_Watercolor.uexp" 1039
"S:/Projects/MyProject2/Content/HiperShader/Textures/T_Hatching1.ubulk" 1040
"S:/Projects/MyProject2/Content/HiperShader/Textures/T_Hatching1.uasset" 1041
"S:/Projects/MyProject2/Content/HiperShader/Textures/T_Hatching1.uexp" 1042
"../../../Engine/Content/Functions/Engine_MaterialFunctions01/ImageAdjustment/SCurve.uasset" 1043
"../../../Engine/Content/Functions/Engine_MaterialFunctions01/ImageAdjustment/SCurve.uexp" 1044
"../../../Engine/Content/Functions/Engine_MaterialFunctions01/Texturing/TriplanarCameraVector.uasset" 1045
"../../../Engine/Content/Functions/Engine_MaterialFunctions01/Texturing/TriplanarCameraVector.uexp" 1046
"S:/Projects/MyProject2/Content/HiperShader/MaterialFunctions/MF_OutlineNormals.uasset" 1047
"S:/Projects/MyProject2/Content/HiperShader/MaterialFunctions/MF_OutlineNormals.uexp" 1048
"S:/Projects/MyProject2/Content/HiperShader/MaterialFunctions/MF_Outline.uasset" 1049
"S:/Projects/MyProject2/Content/HiperShader/MaterialFunctions/MF_Outline.uexp" 1050
"S:/Projects/MyProject2/Content/HiperShader/MaterialFunctions/MF_CustomRotator.uasset" 1051
"S:/Projects/MyProject2/Content/HiperShader/MaterialFunctions/MF_CustomRotator.uexp" 1052
"S:/Projects/MyProject2/Content/HiperShader/Gradients/CC_BW.uasset" 1053
"S:/Projects/MyProject2/Content/HiperShader/Gradients/CC_BW.uexp" 1054
"S:/Projects/MyProject2/Content/HiperShader/Gradients/CC_Blue.uasset" 1055
"S:/Projects/MyProject2/Content/HiperShader/Gradients/CC_Blue.uexp" 1056
"S:/Projects/MyProject2/Content/HiperShader/Gradients/CC_BW1.uasset" 1057
"S:/Projects/MyProject2/Content/HiperShader/Gradients/CC_BW1.uexp" 1058
"S:/Projects/MyProject2/Content/HiperShader/Gradients/CurveAtlas.uasset" 1059
"S:/Projects/MyProject2/Content/HiperShader/Gradients/CurveAtlas.uexp" 1060
"S:/Projects/MyProject2/Content/HiperShader/Materials/M_HiperShader.uasset" 1061
"S:/Projects/MyProject2/Content/HiperShader/Materials/M_HiperShader.uexp" 1062
"S:/Projects/MyProject2/Content/HiperShader/MaterialInstances/MI_Preset_Comic1.uasset" 1063
"S:/Projects/MyProject2/Content/HiperShader/MaterialInstances/MI_Preset_Comic1.uexp" 1064
"S:/Projects/MyProject2/Content/HiperShader/Textures/T_Hatching.ubulk" 1065
"S:/Projects/MyProject2/Content/HiperShader/Textures/T_Hatching.uasset" 1066
"S:/Projects/MyProject2/Content/HiperShader/Textures/T_Hatching.uexp" 1067
"S:/Projects/MyProject2/Content/HiperShader/MaterialInstances/MI_Preset_Comic.uasset" 1068
"S:/Projects/MyProject2/Content/HiperShader/MaterialInstances/MI_Preset_Comic.uexp" 1069
"../../../Engine/Plugins/Interchange/Assets/Content/gltf/MaterialBodies/MF_Unlit_Body.uasset" 1070
"../../../Engine/Plugins/Interchange/Assets/Content/gltf/MaterialBodies/MF_Unlit_Body.uexp" 1071
"../../../Engine/Plugins/Interchange/Assets/Content/gltf/M_Unlit.uasset" 1072
"../../../Engine/Plugins/Interchange/Assets/Content/gltf/M_Unlit.uexp" 1073
"../../../Engine/Plugins/Interchange/Assets/Content/gltf/MaterialInstances/MI_Unlit_Opaque_DS.uasset" 1074
"../../../Engine/Plugins/Interchange/Assets/Content/gltf/MaterialInstances/MI_Unlit_Opaque_DS.uexp" 1075
"../../../Engine/Plugins/Interchange/Assets/Content/gltf/MaterialInstances/MI_Unlit_Opaque.uasset" 1076
"../../../Engine/Plugins/Interchange/Assets/Content/gltf/MaterialInstances/MI_Unlit_Opaque.uexp" 1077
"../../../Engine/Plugins/Interchange/Assets/Content/gltf/MaterialInstances/MI_Unlit_Mask_DS.uasset" 1078
"../../../Engine/Plugins/Interchange/Assets/Content/gltf/MaterialInstances/MI_Unlit_Mask_DS.uexp" 1079
"../../../Engine/Plugins/Interchange/Assets/Content/gltf/MaterialInstances/MI_Unlit_Mask.uasset" 1080
"../../../Engine/Plugins/Interchange/Assets/Content/gltf/MaterialInstances/MI_Unlit_Mask.uexp" 1081
"../../../Engine/Plugins/Interchange/Assets/Content/gltf/MaterialInstances/MI_Unlit_Blend_DS.uasset" 1082
"../../../Engine/Plugins/Interchange/Assets/Content/gltf/MaterialInstances/MI_Unlit_Blend_DS.uexp" 1083
"../../../Engine/Plugins/Interchange/Assets/Content/gltf/MaterialInstances/MI_Unlit_Blend.uasset" 1084
"../../../Engine/Plugins/Interchange/Assets/Content/gltf/MaterialInstances/MI_Unlit_Blend.uexp" 1085
"../../../Engine/Content/EngineMaterials/Good64x64TilingNoiseHighFreq.uasset" 1086
"../../../Engine/Content/EngineMaterials/Good64x64TilingNoiseHighFreq.uexp" 1087
"../../../Engine/Content/Functions/Engine_MaterialFunctions02/Texturing/ScreenAlignedPixelToPixelUVs.uasset" 1088
"../../../Engine/Content/Functions/Engine_MaterialFunctions02/Texturing/ScreenAlignedPixelToPixelUVs.uexp" 1089
"../../../Engine/Plugins/Interchange/Assets/Content/gltf/MaterialFunctions/MF_Fresnel_DS.uasset" 1090
"../../../Engine/Plugins/Interchange/Assets/Content/gltf/MaterialFunctions/MF_Fresnel_DS.uexp" 1091
"../../../Engine/Plugins/Interchange/Assets/Content/gltf/MaterialFunctions/MF_Temporal_Blur.uasset" 1092
"../../../Engine/Plugins/Interchange/Assets/Content/gltf/MaterialFunctions/MF_Temporal_Blur.uexp" 1093
"../../../Engine/Plugins/Interchange/Assets/Content/gltf/MaterialFunctions/MF_Transmission.uasset" 1094
"../../../Engine/Plugins/Interchange/Assets/Content/gltf/MaterialFunctions/MF_Transmission.uexp" 1095
"../../../Engine/Plugins/Interchange/Assets/Content/gltf/MaterialBodies/MF_Transmission_Body.uasset" 1096
"../../../Engine/Plugins/Interchange/Assets/Content/gltf/MaterialBodies/MF_Transmission_Body.uexp" 1097
"../../../Engine/Plugins/Interchange/Assets/Content/gltf/M_Transmission.uasset" 1098
"../../../Engine/Plugins/Interchange/Assets/Content/gltf/M_Transmission.uexp" 1099
"../../../Engine/Plugins/Interchange/Assets/Content/gltf/MaterialInstances/MI_Transmission_DS.uasset" 1100
"../../../Engine/Plugins/Interchange/Assets/Content/gltf/MaterialInstances/MI_Transmission_DS.uexp" 1101
"../../../Engine/Plugins/Interchange/Assets/Content/gltf/MaterialInstances/MI_Transmission.uasset" 1102
"../../../Engine/Plugins/Interchange/Assets/Content/gltf/MaterialInstances/MI_Transmission.uexp" 1103
"../../../Engine/Plugins/Interchange/Assets/Content/gltf/MaterialFunctions/MF_DiffuseSpecGloss.uasset" 1104
"../../../Engine/Plugins/Interchange/Assets/Content/gltf/MaterialFunctions/MF_DiffuseSpecGloss.uexp" 1105
"../../../Engine/Plugins/Interchange/Assets/Content/gltf/MaterialFunctions/MF_MaxComponentValue.uasset" 1106
"../../../Engine/Plugins/Interchange/Assets/Content/gltf/MaterialFunctions/MF_MaxComponentValue.uexp" 1107
"../../../Engine/Plugins/Interchange/Assets/Content/gltf/MaterialFunctions/MF_PerceivedBrightness.uasset" 1108
"../../../Engine/Plugins/Interchange/Assets/Content/gltf/MaterialFunctions/MF_PerceivedBrightness.uexp" 1109
"../../../Engine/Plugins/Interchange/Assets/Content/gltf/MaterialFunctions/MF_SpecGlossToMetalRoughness.uasset" 1110
"../../../Engine/Plugins/Interchange/Assets/Content/gltf/MaterialFunctions/MF_SpecGlossToMetalRoughness.uexp" 1111
"../../../Engine/Plugins/Interchange/Assets/Content/gltf/MaterialBodies/MF_SpecularGlossiness_Body.uasset" 1112
"../../../Engine/Plugins/Interchange/Assets/Content/gltf/MaterialBodies/MF_SpecularGlossiness_Body.uexp" 1113
"../../../Engine/Plugins/Interchange/Assets/Content/gltf/M_SpecularGlossiness.uasset" 1114
"../../../Engine/Plugins/Interchange/Assets/Content/gltf/M_SpecularGlossiness.uexp" 1115
"../../../Engine/Plugins/Interchange/Assets/Content/gltf/MaterialInstances/MI_SpecularGlossiness_Opaque_DS.uasset" 1116
"../../../Engine/Plugins/Interchange/Assets/Content/gltf/MaterialInstances/MI_SpecularGlossiness_Opaque_DS.uexp" 1117
"../../../Engine/Plugins/Interchange/Assets/Content/gltf/MaterialInstances/MI_SpecularGlossiness_Opaque.uasset" 1118
"../../../Engine/Plugins/Interchange/Assets/Content/gltf/MaterialInstances/MI_SpecularGlossiness_Opaque.uexp" 1119
"../../../Engine/Plugins/Interchange/Assets/Content/gltf/MaterialInstances/MI_SpecularGlossiness_Mask_DS.uasset" 1120
"../../../Engine/Plugins/Interchange/Assets/Content/gltf/MaterialInstances/MI_SpecularGlossiness_Mask_DS.uexp" 1121
"../../../Engine/Plugins/Interchange/Assets/Content/gltf/MaterialInstances/MI_SpecularGlossiness_Mask.uasset" 1122
"../../../Engine/Plugins/Interchange/Assets/Content/gltf/MaterialInstances/MI_SpecularGlossiness_Mask.uexp" 1123
"../../../Engine/Plugins/Interchange/Assets/Content/gltf/MaterialInstances/MI_SpecularGlossiness_Blend_DS.uasset" 1124
"../../../Engine/Plugins/Interchange/Assets/Content/gltf/MaterialInstances/MI_SpecularGlossiness_Blend_DS.uexp" 1125
"../../../Engine/Plugins/Interchange/Assets/Content/gltf/MaterialInstances/MI_SpecularGlossiness_Blend.uasset" 1126
"../../../Engine/Plugins/Interchange/Assets/Content/gltf/MaterialInstances/MI_SpecularGlossiness_Blend.uexp" 1127
"../../../Engine/Plugins/Interchange/Assets/Content/gltf/MaterialFunctions/MF_Sheen.uasset" 1128
"../../../Engine/Plugins/Interchange/Assets/Content/gltf/MaterialFunctions/MF_Sheen.uexp" 1129
"../../../Engine/Plugins/Interchange/Assets/Content/gltf/MaterialBodies/MF_Sheen_Body.uasset" 1130
"../../../Engine/Plugins/Interchange/Assets/Content/gltf/MaterialBodies/MF_Sheen_Body.uexp" 1131
"../../../Engine/Plugins/Interchange/Assets/Content/gltf/M_Sheen.uasset" 1132
"../../../Engine/Plugins/Interchange/Assets/Content/gltf/M_Sheen.uexp" 1133
"../../../Engine/Plugins/Interchange/Assets/Content/gltf/MaterialInstances/MI_Sheen_Opaque_DS.uasset" 1134
"../../../Engine/Plugins/Interchange/Assets/Content/gltf/MaterialInstances/MI_Sheen_Opaque_DS.uexp" 1135
"../../../Engine/Plugins/Interchange/Assets/Content/gltf/MaterialInstances/MI_Sheen_Opaque.uasset" 1136
"../../../Engine/Plugins/Interchange/Assets/Content/gltf/MaterialInstances/MI_Sheen_Opaque.uexp" 1137
"../../../Engine/Plugins/Interchange/Assets/Content/gltf/MaterialInstances/MI_Sheen_Mask_DS.uasset" 1138
"../../../Engine/Plugins/Interchange/Assets/Content/gltf/MaterialInstances/MI_Sheen_Mask_DS.uexp" 1139
"../../../Engine/Plugins/Interchange/Assets/Content/gltf/MaterialInstances/MI_Sheen_Mask.uasset" 1140
"../../../Engine/Plugins/Interchange/Assets/Content/gltf/MaterialInstances/MI_Sheen_Mask.uexp" 1141
"../../../Engine/Plugins/Interchange/Assets/Content/gltf/MaterialInstances/MI_Sheen_Blend_DS.uasset" 1142
"../../../Engine/Plugins/Interchange/Assets/Content/gltf/MaterialInstances/MI_Sheen_Blend_DS.uexp" 1143
"../../../Engine/Plugins/Interchange/Assets/Content/gltf/MaterialInstances/MI_Sheen_Blend.uasset" 1144
"../../../Engine/Plugins/Interchange/Assets/Content/gltf/MaterialInstances/MI_Sheen_Blend.uexp" 1145
"../../../Engine/Plugins/Interchange/Assets/Content/gltf/MaterialInstances/MI_Default_Opaque.uasset" 1146
"../../../Engine/Plugins/Interchange/Assets/Content/gltf/MaterialInstances/MI_Default_Opaque.uexp" 1147
"../../../Engine/Plugins/Interchange/Assets/Content/gltf/MaterialInstances/MI_Default_Mask_DS.uasset" 1148
"../../../Engine/Plugins/Interchange/Assets/Content/gltf/MaterialInstances/MI_Default_Mask_DS.uexp" 1149
"../../../Engine/Plugins/Interchange/Assets/Content/gltf/MaterialInstances/MI_Default_Mask.uasset" 1150
"../../../Engine/Plugins/Interchange/Assets/Content/gltf/MaterialInstances/MI_Default_Mask.uexp" 1151
"../../../Engine/Plugins/Interchange/Assets/Content/gltf/MaterialInstances/MI_Default_Blend.uasset" 1152
"../../../Engine/Plugins/Interchange/Assets/Content/gltf/MaterialInstances/MI_Default_Blend.uexp" 1153
"../../../Engine/Content/Functions/Engine_MaterialFunctions01/Texturing/FlattenNormal.uasset" 1154
"../../../Engine/Content/Functions/Engine_MaterialFunctions01/Texturing/FlattenNormal.uexp" 1155
"../../../Engine/Plugins/Interchange/Assets/Content/gltf/MaterialFunctions/MF_Clearcoat.uasset" 1156
"../../../Engine/Plugins/Interchange/Assets/Content/gltf/MaterialFunctions/MF_Clearcoat.uexp" 1157
"../../../Engine/Plugins/Interchange/Assets/Content/gltf/MaterialBodies/MF_ClearCoat_Body.uasset" 1158
"../../../Engine/Plugins/Interchange/Assets/Content/gltf/MaterialBodies/MF_ClearCoat_Body.uexp" 1159
"../../../Engine/Plugins/Interchange/Assets/Content/gltf/M_ClearCoat.uasset" 1160
"../../../Engine/Plugins/Interchange/Assets/Content/gltf/M_ClearCoat.uexp" 1161
"../../../Engine/Plugins/Interchange/Assets/Content/gltf/MaterialInstances/MI_ClearCoat_Opaque_DS.uasset" 1162
"../../../Engine/Plugins/Interchange/Assets/Content/gltf/MaterialInstances/MI_ClearCoat_Opaque_DS.uexp" 1163
"../../../Engine/Plugins/Interchange/Assets/Content/gltf/MaterialInstances/MI_ClearCoat_Opaque.uasset" 1164
"../../../Engine/Plugins/Interchange/Assets/Content/gltf/MaterialInstances/MI_ClearCoat_Opaque.uexp" 1165
"../../../Engine/Plugins/Interchange/Assets/Content/gltf/MaterialInstances/MI_ClearCoat_Mask_DS.uasset" 1166
"../../../Engine/Plugins/Interchange/Assets/Content/gltf/MaterialInstances/MI_ClearCoat_Mask_DS.uexp" 1167
"../../../Engine/Plugins/Interchange/Assets/Content/gltf/MaterialInstances/MI_ClearCoat_Mask.uasset" 1168
"../../../Engine/Plugins/Interchange/Assets/Content/gltf/MaterialInstances/MI_ClearCoat_Mask.uexp" 1169
"../../../Engine/Plugins/Interchange/Assets/Content/gltf/MaterialInstances/MI_ClearCoat_Blend_DS.uasset" 1170
"../../../Engine/Plugins/Interchange/Assets/Content/gltf/MaterialInstances/MI_ClearCoat_Blend_DS.uexp" 1171
"../../../Engine/Plugins/Interchange/Assets/Content/gltf/MaterialInstances/MI_ClearCoat_Blend.uasset" 1172
"../../../Engine/Plugins/Interchange/Assets/Content/gltf/MaterialInstances/MI_ClearCoat_Blend.uexp" 1173
"../../../Engine/Content/VREditor/TransformGizmo/Xray.uasset" 1174
"../../../Engine/Content/VREditor/TransformGizmo/Xray.uexp" 1175
"../../../Engine/Content/VREditor/TransformGizmo/Main.uasset" 1176
"../../../Engine/Content/VREditor/TransformGizmo/Main.uexp" 1177
"../../../Engine/Content/VREditor/TransformGizmo/SM_Sequencer_Node.ubulk" 1178
"../../../Engine/Content/VREditor/TransformGizmo/SM_Sequencer_Node.uasset" 1179
"../../../Engine/Content/VREditor/TransformGizmo/SM_Sequencer_Node.uexp" 1180
"../../../Engine/Content/VREditor/TransformGizmo/TranslucentTransformGizmoMaterial.uasset" 1181
"../../../Engine/Content/VREditor/TransformGizmo/TranslucentTransformGizmoMaterial.uexp" 1182
"../../../Engine/Content/VREditor/LaserPointer/VR_LaserPower_01.ubulk" 1183
"../../../Engine/Content/VREditor/LaserPointer/VR_LaserPower_01.uasset" 1184
"../../../Engine/Content/VREditor/LaserPointer/VR_LaserPower_01.uexp" 1185
"../../../Engine/Content/VREditor/TransformGizmo/TransformGizmoMaterial.uasset" 1186
"../../../Engine/Content/VREditor/TransformGizmo/TransformGizmoMaterial.uexp" 1187
"../../../Engine/Content/VREditor/TransformGizmo/BoundingBoxEdge.ubulk" 1188
"../../../Engine/Content/VREditor/TransformGizmo/BoundingBoxEdge.uasset" 1189
"../../../Engine/Content/VREditor/TransformGizmo/BoundingBoxEdge.uexp" 1190
"../../../Engine/Content/VREditor/TransformGizmo/BoundingBoxCorner.ubulk" 1191
"../../../Engine/Content/VREditor/TransformGizmo/BoundingBoxCorner.uasset" 1192
"../../../Engine/Content/VREditor/TransformGizmo/BoundingBoxCorner.uexp" 1193
"../../../Engine/Content/EngineMaterials/Substrate/Volume/SubstrateSimpleVolumeLUT3D.uasset" 1194
"../../../Engine/Content/EngineMaterials/Substrate/Volume/SubstrateSimpleVolumeLUT3D.uexp" 1195
"../../../Engine/Content/EngineMaterials/Substrate/Volume/SubstrateSimpleVolumeEnvLUT3D.uasset" 1196
"../../../Engine/Content/EngineMaterials/Substrate/Volume/SubstrateSimpleVolumeEnvLUT3D.uexp" 1197
"../../../Engine/Content/EngineMaterials/Substrate/Glints2/AGlintTex2dArray2.uasset" 1198
"../../../Engine/Content/EngineMaterials/Substrate/Glints2/AGlintTex2dArray2.uexp" 1199
"../../../Engine/Content/EngineMaterials/Substrate/GLints/AGlintTex2dArray.uasset" 1200
"../../../Engine/Content/EngineMaterials/Substrate/GLints/AGlintTex2dArray.uexp" 1201
"../../../Engine/Content/ArtTools/RenderToTexture/Meshes/S_1_Unit_Plane.ubulk" 1202
"../../../Engine/Content/ArtTools/RenderToTexture/Meshes/S_1_Unit_Plane.uasset" 1203
"../../../Engine/Content/ArtTools/RenderToTexture/Meshes/S_1_Unit_Plane.uexp" 1204
"../../../Engine/Content/Functions/Engine_MaterialFunctions01/Shading/PowerToRoughness.uasset" 1205
"../../../Engine/Content/Functions/Engine_MaterialFunctions01/Shading/PowerToRoughness.uexp" 1206
"../../../Engine/Content/Functions/Engine_MaterialFunctions01/Shading/ConvertFromDiffSpec.uasset" 1207
"../../../Engine/Content/Functions/Engine_MaterialFunctions01/Shading/ConvertFromDiffSpec.uexp" 1208
"../../../Engine/Content/EngineResources/LandscapeVisibilityLayerInfo.uasset" 1209
"../../../Engine/Content/EngineResources/LandscapeVisibilityLayerInfo.uexp" 1210
"../../../Engine/Content/VREditor/Sounds/UI/Drop_Item_From_ContentBrowser.ubulk" 1211
"../../../Engine/Content/VREditor/Sounds/UI/Drop_Item_From_ContentBrowser.uasset" 1212
"../../../Engine/Content/VREditor/Sounds/UI/Drop_Item_From_ContentBrowser.uexp" 1213
"../../../Engine/Content/VREditor/TransformGizmo/TransformGizmoMaterial_Inst.uasset" 1214
"../../../Engine/Content/VREditor/TransformGizmo/TransformGizmoMaterial_Inst.uexp" 1215
"../../../Engine/Content/VREditor/TransformGizmo/TranslucentTransformGizmoMaterial_Inst.uasset" 1216
"../../../Engine/Content/VREditor/TransformGizmo/TranslucentTransformGizmoMaterial_Inst.uexp" 1217
"../../../Engine/Content/Functions/Engine_MaterialFunctions02/SplitComponents.uasset" 1218
"../../../Engine/Content/Functions/Engine_MaterialFunctions02/SplitComponents.uexp" 1219
"../../../Engine/Content/VREditor/SnapGrid/SnapGridMaterial.uasset" 1220
"../../../Engine/Content/VREditor/SnapGrid/SnapGridMaterial.uexp" 1221
"../../../Engine/Content/VREditor/SnapGrid/SnapGridPlaneMesh.ubulk" 1222
"../../../Engine/Content/VREditor/SnapGrid/SnapGridPlaneMesh.uasset" 1223
"../../../Engine/Content/VREditor/SnapGrid/SnapGridPlaneMesh.uexp" 1224
"../../../Engine/Content/VREditor/Sounds/UI/Gizmo_Handle_Clicked.ubulk" 1225
"../../../Engine/Content/VREditor/Sounds/UI/Gizmo_Handle_Clicked.uasset" 1226
"../../../Engine/Content/VREditor/Sounds/UI/Gizmo_Handle_Clicked.uexp" 1227
"../../../Engine/Content/VREditor/Sounds/UI/Object_PickUp.ubulk" 1228
"../../../Engine/Content/VREditor/Sounds/UI/Object_PickUp.uasset" 1229
"../../../Engine/Content/VREditor/Sounds/UI/Object_PickUp.uexp" 1230
"../../../Engine/Content/VREditor/Sounds/UI/Object_Snaps_To_Another_Actor.ubulk" 1231
"../../../Engine/Content/VREditor/Sounds/UI/Object_Snaps_To_Another_Actor.uasset" 1232
"../../../Engine/Content/VREditor/Sounds/UI/Object_Snaps_To_Another_Actor.uexp" 1233
"../../../Engine/Content/VREditor/Sounds/UI/Object_Snaps_To_Grid.ubulk" 1234
"../../../Engine/Content/VREditor/Sounds/UI/Object_Snaps_To_Grid.uasset" 1235
"../../../Engine/Content/VREditor/Sounds/UI/Object_Snaps_To_Grid.uexp" 1236
"../../../Engine/Content/VREditor/Sounds/UI/Scaling_Down.ubulk" 1237
"../../../Engine/Content/VREditor/Sounds/UI/Scaling_Down.uasset" 1238
"../../../Engine/Content/VREditor/Sounds/UI/Scaling_Down.uexp" 1239
"../../../Engine/Content/VREditor/Sounds/UI/Scaling_Up.ubulk" 1240
"../../../Engine/Content/VREditor/Sounds/UI/Scaling_Up.uasset" 1241
"../../../Engine/Content/VREditor/Sounds/UI/Scaling_Up.uexp" 1242
"../../../Engine/Content/VREditor/Sounds/UI/Selection_Changes.ubulk" 1243
"../../../Engine/Content/VREditor/Sounds/UI/Selection_Changes.uasset" 1244
"../../../Engine/Content/VREditor/Sounds/UI/Selection_Changes.uexp" 1245
"../../../Engine/Content/VREditor/TransformGizmo/PlaneTranslationHandle.ubulk" 1246
"../../../Engine/Content/VREditor/TransformGizmo/PlaneTranslationHandle.uasset" 1247
"../../../Engine/Content/VREditor/TransformGizmo/PlaneTranslationHandle.uexp" 1248
"../../../Engine/Content/VREditor/TransformGizmo/RotationHandleFull.ubulk" 1249
"../../../Engine/Content/VREditor/TransformGizmo/RotationHandleFull.uasset" 1250
"../../../Engine/Content/VREditor/TransformGizmo/RotationHandleFull.uexp" 1251
"../../../Engine/Content/VREditor/TransformGizmo/RotationHandleIndicator.ubulk" 1252
"../../../Engine/Content/VREditor/TransformGizmo/RotationHandleIndicator.uasset" 1253
"../../../Engine/Content/VREditor/TransformGizmo/RotationHandleIndicator.uexp" 1254
"../../../Engine/Content/VREditor/TransformGizmo/RotationHandleQuarter.ubulk" 1255
"../../../Engine/Content/VREditor/TransformGizmo/RotationHandleQuarter.uasset" 1256
"../../../Engine/Content/VREditor/TransformGizmo/RotationHandleQuarter.uexp" 1257
"../../../Engine/Content/VREditor/TransformGizmo/StartRotationHandleIndicator.ubulk" 1258
"../../../Engine/Content/VREditor/TransformGizmo/StartRotationHandleIndicator.uasset" 1259
"../../../Engine/Content/VREditor/TransformGizmo/StartRotationHandleIndicator.uexp" 1260
"../../../Engine/Content/VREditor/TransformGizmo/TransformGizmoFreeRotation.ubulk" 1261
"../../../Engine/Content/VREditor/TransformGizmo/TransformGizmoFreeRotation.uasset" 1262
"../../../Engine/Content/VREditor/TransformGizmo/TransformGizmoFreeRotation.uexp" 1263
"../../../Engine/Content/VREditor/TransformGizmo/TranslateArrowHandle.ubulk" 1264
"../../../Engine/Content/VREditor/TransformGizmo/TranslateArrowHandle.uasset" 1265
"../../../Engine/Content/VREditor/TransformGizmo/TranslateArrowHandle.uexp" 1266
"../../../Engine/Content/VREditor/TransformGizmo/UniformScaleHandle.ubulk" 1267
"../../../Engine/Content/VREditor/TransformGizmo/UniformScaleHandle.uasset" 1268
"../../../Engine/Content/VREditor/TransformGizmo/UniformScaleHandle.uexp" 1269
"../../../Engine/Plugins/Animation/DeformerGraph/Content/DeformerFunctions/DG_Function_LinearBlendSkin_Morph_Cloth.uasset" 1270
"../../../Engine/Plugins/Animation/DeformerGraph/Content/DeformerFunctions/DG_Function_LinearBlendSkin_Morph_Cloth.uexp" 1271
"../../../Engine/Plugins/Animation/DeformerGraph/Content/Deformers/DG_LinearBlendSkin_Morph_Cloth.uasset" 1272
"../../../Engine/Plugins/Animation/DeformerGraph/Content/Deformers/DG_LinearBlendSkin_Morph_Cloth.uexp" 1273
"../../../Engine/Plugins/Animation/DeformerGraph/Content/DeformerFunctions/DG_Function_LinearBlendSkin_Morph_Cloth_PositionOnly.uasset" 1274
"../../../Engine/Plugins/Animation/DeformerGraph/Content/DeformerFunctions/DG_Function_LinearBlendSkin_Morph_Cloth_PositionOnly.uexp" 1275
"../../../Engine/Plugins/Animation/DeformerGraph/Content/DeformerFunctions/DG_Function_ComputeNormalsTangents.uasset" 1276
"../../../Engine/Plugins/Animation/DeformerGraph/Content/DeformerFunctions/DG_Function_ComputeNormalsTangents.uexp" 1277
"../../../Engine/Plugins/Animation/DeformerGraph/Content/Deformers/DG_LinearBlendSkin_Morph_Cloth_RecomputeNormals.uasset" 1278
"../../../Engine/Plugins/Animation/DeformerGraph/Content/Deformers/DG_LinearBlendSkin_Morph_Cloth_RecomputeNormals.uexp" 1279
"../../../Engine/Plugins/NNE/NNEDenoiser/Content/NNEDT_Oidn2-3_Balanced.uasset" 1280
"../../../Engine/Plugins/NNE/NNEDenoiser/Content/NNEDT_Oidn2-3_Balanced.uexp" 1281
"../../../Engine/Plugins/NNE/NNEDenoiser/Content/NNEDT_Oidn2-3_Balanced_Alpha.uasset" 1282
"../../../Engine/Plugins/NNE/NNEDenoiser/Content/NNEDT_Oidn2-3_Balanced_Alpha.uexp" 1283
"../../../Engine/Plugins/NNE/NNEDenoiser/Content/NNED_Oidn2-3_Balanced.uasset" 1284
"../../../Engine/Plugins/NNE/NNEDenoiser/Content/NNED_Oidn2-3_Balanced.uexp" 1285
"../../../Engine/Plugins/NNE/NNEDenoiser/Content/NNED_Oidn2-3_Balanced_Alpha.uasset" 1286
"../../../Engine/Plugins/NNE/NNEDenoiser/Content/NNED_Oidn2-3_Balanced_Alpha.uexp" 1287
"../../../Engine/Plugins/NNE/NNEDenoiser/Content/NNED_Oidn2-3_Fast.uasset" 1288
"../../../Engine/Plugins/NNE/NNEDenoiser/Content/NNED_Oidn2-3_Fast.uexp" 1289
"../../../Engine/Plugins/NNE/NNEDenoiser/Content/NNED_Oidn2-3_Fast_Alpha.uasset" 1290
"../../../Engine/Plugins/NNE/NNEDenoiser/Content/NNED_Oidn2-3_Fast_Alpha.uexp" 1291
"../../../Engine/Plugins/NNE/NNEDenoiser/Content/NNED_Oidn2-3_HighQuality.uasset" 1292
"../../../Engine/Plugins/NNE/NNEDenoiser/Content/NNED_Oidn2-3_HighQuality.uexp" 1293
"../../../Engine/Plugins/NNE/NNEDenoiser/Content/NNED_Oidn2-3_HighQuality_Alpha.uasset" 1294
"../../../Engine/Plugins/NNE/NNEDenoiser/Content/NNED_Oidn2-3_HighQuality_Alpha.uexp" 1295
"S:/Projects/MyProject2/Content/Untitled.uexp" 1296
"S:/Projects/MyProject2/Content/Untitled.ubulk" 1297
"S:/Projects/MyProject2/Content/Untitled.umap" 1298
"../../../Engine/Content/Maps/Entry_BuiltData.uasset" 1299
"../../../Engine/Content/Maps/Entry_BuiltData.uexp" 1300
"../../../Engine/Content/Maps/Entry.uexp" 1301
"../../../Engine/Content/Maps/Entry.umap" 1302
"S:/Projects/MyProject2/Content/Untitled/_Generated_/B50PGK2HMD5I5XHLSQX865WKG.uexp" 1303
"S:/Projects/MyProject2/Content/Untitled/_Generated_/B50PGK2HMD5I5XHLSQX865WKG.ubulk" 1304
"S:/Projects/MyProject2/Content/Untitled/_Generated_/B50PGK2HMD5I5XHLSQX865WKG.umap" 1305
"S:/Projects/MyProject2/Content/Untitled/_Generated_/BOZ6IR5OOW1VAB504OHA887HT.uexp" 1306
"S:/Projects/MyProject2/Content/Untitled/_Generated_/BOZ6IR5OOW1VAB504OHA887HT.ubulk" 1307
"S:/Projects/MyProject2/Content/Untitled/_Generated_/BOZ6IR5OOW1VAB504OHA887HT.umap" 1308
"S:/Projects/MyProject2/Content/Untitled/_Generated_/DEK9MCTAP7QU4OL7Y9ADC33CR.uexp" 1309
"S:/Projects/MyProject2/Content/Untitled/_Generated_/DEK9MCTAP7QU4OL7Y9ADC33CR.ubulk" 1310
"S:/Projects/MyProject2/Content/Untitled/_Generated_/DEK9MCTAP7QU4OL7Y9ADC33CR.umap" 1311
"S:/Projects/MyProject2/Content/Untitled/_Generated_/5BREH1E23XEKDWP1ZTDY2S1GE.uexp" 1312
"S:/Projects/MyProject2/Content/Untitled/_Generated_/5BREH1E23XEKDWP1ZTDY2S1GE.ubulk" 1313
"S:/Projects/MyProject2/Content/Untitled/_Generated_/5BREH1E23XEKDWP1ZTDY2S1GE.umap" 1314
"S:/Projects/MyProject2/Content/Untitled/_Generated_/1J6XLL68P615F9ALN5VZLWL8Y.uexp" 1315
"S:/Projects/MyProject2/Content/Untitled/_Generated_/1J6XLL68P615F9ALN5VZLWL8Y.ubulk" 1316
"S:/Projects/MyProject2/Content/Untitled/_Generated_/1J6XLL68P615F9ALN5VZLWL8Y.umap" 1317
"S:/Projects/MyProject2/Content/Untitled/_Generated_/9K0IXL5S9XE3LQZXMR52M94CE.uexp" 1318
"S:/Projects/MyProject2/Content/Untitled/_Generated_/9K0IXL5S9XE3LQZXMR52M94CE.ubulk" 1319
"S:/Projects/MyProject2/Content/Untitled/_Generated_/9K0IXL5S9XE3LQZXMR52M94CE.umap" 1320
"S:/Projects/MyProject2/Content/Untitled/_Generated_/5HCDK8HA2VRHC3F6URY3QT59O.uexp" 1321
"S:/Projects/MyProject2/Content/Untitled/_Generated_/5HCDK8HA2VRHC3F6URY3QT59O.ubulk" 1322
"S:/Projects/MyProject2/Content/Untitled/_Generated_/5HCDK8HA2VRHC3F6URY3QT59O.umap" 1323
"S:/Projects/MyProject2/Content/Untitled/_Generated_/41LRE3TMOTKX045SEC3LJDXZ8.uexp" 1324
"S:/Projects/MyProject2/Content/Untitled/_Generated_/41LRE3TMOTKX045SEC3LJDXZ8.ubulk" 1325
"S:/Projects/MyProject2/Content/Untitled/_Generated_/41LRE3TMOTKX045SEC3LJDXZ8.umap" 1326
"S:/Projects/MyProject2/Content/Untitled/_Generated_/7D2P0CJMQN48CQBGEM2R20D84.uexp" 1327
"S:/Projects/MyProject2/Content/Untitled/_Generated_/7D2P0CJMQN48CQBGEM2R20D84.ubulk" 1328
"S:/Projects/MyProject2/Content/Untitled/_Generated_/7D2P0CJMQN48CQBGEM2R20D84.umap" 1329
"S:/Projects/MyProject2/Content/Untitled/_Generated_/EXGVDNUN1F47MURWDDFTBFASU.uexp" 1330
"S:/Projects/MyProject2/Content/Untitled/_Generated_/EXGVDNUN1F47MURWDDFTBFASU.ubulk" 1331
"S:/Projects/MyProject2/Content/Untitled/_Generated_/EXGVDNUN1F47MURWDDFTBFASU.umap" 1332
"S:/Projects/MyProject2/Content/Untitled/_Generated_/6YISH2WIXS02N83KWT1WYXJYP.uexp" 1333
"S:/Projects/MyProject2/Content/Untitled/_Generated_/6YISH2WIXS02N83KWT1WYXJYP.ubulk" 1334
"S:/Projects/MyProject2/Content/Untitled/_Generated_/6YISH2WIXS02N83KWT1WYXJYP.umap" 1335
"S:/Projects/MyProject2/Content/Untitled/_Generated_/4SX36SX744Q3RRBCNRM2XRVDF.uexp" 1336
"S:/Projects/MyProject2/Content/Untitled/_Generated_/4SX36SX744Q3RRBCNRM2XRVDF.ubulk" 1337
"S:/Projects/MyProject2/Content/Untitled/_Generated_/4SX36SX744Q3RRBCNRM2XRVDF.umap" 1338
"S:/Projects/MyProject2/Content/Untitled/_Generated_/BNO6FC3J4DIK8D7ZZH52LC8HX.uexp" 1339
"S:/Projects/MyProject2/Content/Untitled/_Generated_/BNO6FC3J4DIK8D7ZZH52LC8HX.ubulk" 1340
"S:/Projects/MyProject2/Content/Untitled/_Generated_/BNO6FC3J4DIK8D7ZZH52LC8HX.umap" 1341
"S:/Projects/MyProject2/Content/Untitled/_Generated_/8B4OZPXB4CZDH4GQ48MVY3P0N.uexp" 1342
"S:/Projects/MyProject2/Content/Untitled/_Generated_/8B4OZPXB4CZDH4GQ48MVY3P0N.ubulk" 1343
"S:/Projects/MyProject2/Content/Untitled/_Generated_/8B4OZPXB4CZDH4GQ48MVY3P0N.umap" 1344
"S:/Projects/MyProject2/Content/Untitled/_Generated_/6NHR69G6J1RMKUR1XTELXAWJJ.uexp" 1345
"S:/Projects/MyProject2/Content/Untitled/_Generated_/6NHR69G6J1RMKUR1XTELXAWJJ.ubulk" 1346
"S:/Projects/MyProject2/Content/Untitled/_Generated_/6NHR69G6J1RMKUR1XTELXAWJJ.umap" 1347
"S:/Projects/MyProject2/Content/Untitled/_Generated_/D4XM4UJ4GIHEMIS2DGJXFQ5AQ.uexp" 1348
"S:/Projects/MyProject2/Content/Untitled/_Generated_/D4XM4UJ4GIHEMIS2DGJXFQ5AQ.ubulk" 1349
"S:/Projects/MyProject2/Content/Untitled/_Generated_/D4XM4UJ4GIHEMIS2DGJXFQ5AQ.umap" 1350
"S:/Projects/MyProject2/Content/Untitled/_Generated_/0CL7QPFSHLAGDB1F6C26RKDOF.uexp" 1351
"S:/Projects/MyProject2/Content/Untitled/_Generated_/0CL7QPFSHLAGDB1F6C26RKDOF.ubulk" 1352
"S:/Projects/MyProject2/Content/Untitled/_Generated_/0CL7QPFSHLAGDB1F6C26RKDOF.umap" 1353
"S:/Projects/MyProject2/Content/Untitled/_Generated_/05ULFAQQN6636GW8I33N0LBJX.uexp" 1354
"S:/Projects/MyProject2/Content/Untitled/_Generated_/05ULFAQQN6636GW8I33N0LBJX.ubulk" 1355
"S:/Projects/MyProject2/Content/Untitled/_Generated_/05ULFAQQN6636GW8I33N0LBJX.umap" 1356
"S:/Projects/MyProject2/Content/Untitled/_Generated_/A5VXRKUJCFTFVBN91WKSNEX8M.uexp" 1357
"S:/Projects/MyProject2/Content/Untitled/_Generated_/A5VXRKUJCFTFVBN91WKSNEX8M.ubulk" 1358
"S:/Projects/MyProject2/Content/Untitled/_Generated_/A5VXRKUJCFTFVBN91WKSNEX8M.umap" 1359
"S:/Projects/MyProject2/Content/Untitled/_Generated_/BV6WJOCRMFNTY9LH6ADNRZQ30.uexp" 1360
"S:/Projects/MyProject2/Content/Untitled/_Generated_/BV6WJOCRMFNTY9LH6ADNRZQ30.ubulk" 1361
"S:/Projects/MyProject2/Content/Untitled/_Generated_/BV6WJOCRMFNTY9LH6ADNRZQ30.umap" 1362
"S:/Projects/MyProject2/Content/Untitled/_Generated_/A585LEMJNARAW8NAULNJO4HN7.uexp" 1363
"S:/Projects/MyProject2/Content/Untitled/_Generated_/A585LEMJNARAW8NAULNJO4HN7.ubulk" 1364
"S:/Projects/MyProject2/Content/Untitled/_Generated_/A585LEMJNARAW8NAULNJO4HN7.umap" 1365
"S:/Projects/MyProject2/Content/Untitled/_Generated_/61PA6ZJSFMFXQ428CPDNDG9QB.uexp" 1366
"S:/Projects/MyProject2/Content/Untitled/_Generated_/61PA6ZJSFMFXQ428CPDNDG9QB.ubulk" 1367
"S:/Projects/MyProject2/Content/Untitled/_Generated_/61PA6ZJSFMFXQ428CPDNDG9QB.umap" 1368
"S:/Projects/MyProject2/Content/Untitled/_Generated_/2FXOJBC5F0PSKFCFVJ4FO8P4N.uexp" 1369
"S:/Projects/MyProject2/Content/Untitled/_Generated_/2FXOJBC5F0PSKFCFVJ4FO8P4N.ubulk" 1370
"S:/Projects/MyProject2/Content/Untitled/_Generated_/2FXOJBC5F0PSKFCFVJ4FO8P4N.umap" 1371
"S:/Projects/MyProject2/Content/Untitled/_Generated_/C9FBSHBMZY1UVPT8M9TN5NEG4.uexp" 1372
"S:/Projects/MyProject2/Content/Untitled/_Generated_/C9FBSHBMZY1UVPT8M9TN5NEG4.ubulk" 1373
"S:/Projects/MyProject2/Content/Untitled/_Generated_/C9FBSHBMZY1UVPT8M9TN5NEG4.umap" 1374
"S:/Projects/MyProject2/Content/Untitled/_Generated_/7E7S72QB8MDR7YX32GDL7UUU4.uexp" 1375
"S:/Projects/MyProject2/Content/Untitled/_Generated_/7E7S72QB8MDR7YX32GDL7UUU4.ubulk" 1376
"S:/Projects/MyProject2/Content/Untitled/_Generated_/7E7S72QB8MDR7YX32GDL7UUU4.umap" 1377
"S:/Projects/MyProject2/Content/Untitled/_Generated_/BPM3V54U1YBBWF97JECZYX3I2.uexp" 1378
"S:/Projects/MyProject2/Content/Untitled/_Generated_/BPM3V54U1YBBWF97JECZYX3I2.ubulk" 1379
"S:/Projects/MyProject2/Content/Untitled/_Generated_/BPM3V54U1YBBWF97JECZYX3I2.umap" 1380
"S:/Projects/MyProject2/Content/Untitled/_Generated_/AW9TQMWD6HL0E1FHDNNMQUIQ1.uexp" 1381
"S:/Projects/MyProject2/Content/Untitled/_Generated_/AW9TQMWD6HL0E1FHDNNMQUIQ1.ubulk" 1382
"S:/Projects/MyProject2/Content/Untitled/_Generated_/AW9TQMWD6HL0E1FHDNNMQUIQ1.umap" 1383
"S:/Projects/MyProject2/Content/Untitled/_Generated_/BEKA3M38YBCR8PLARSTNX3M5H.uexp" 1384
"S:/Projects/MyProject2/Content/Untitled/_Generated_/BEKA3M38YBCR8PLARSTNX3M5H.ubulk" 1385
"S:/Projects/MyProject2/Content/Untitled/_Generated_/BEKA3M38YBCR8PLARSTNX3M5H.umap" 1386
"S:/Projects/MyProject2/Content/Untitled/_Generated_/9LNVEWIYCS8NGZ6BRP64MPWOB.uexp" 1387
"S:/Projects/MyProject2/Content/Untitled/_Generated_/9LNVEWIYCS8NGZ6BRP64MPWOB.ubulk" 1388
"S:/Projects/MyProject2/Content/Untitled/_Generated_/9LNVEWIYCS8NGZ6BRP64MPWOB.umap" 1389
"S:/Projects/MyProject2/Content/Untitled/_Generated_/0HPM5CN3DEMECK6LTYEOPRKBM.uexp" 1390
"S:/Projects/MyProject2/Content/Untitled/_Generated_/0HPM5CN3DEMECK6LTYEOPRKBM.ubulk" 1391
"S:/Projects/MyProject2/Content/Untitled/_Generated_/0HPM5CN3DEMECK6LTYEOPRKBM.umap" 1392
"S:/Projects/MyProject2/Content/Untitled/_Generated_/7IM8MQEY0DSDCV6GCDGX6TUNQ.uexp" 1393
"S:/Projects/MyProject2/Content/Untitled/_Generated_/7IM8MQEY0DSDCV6GCDGX6TUNQ.ubulk" 1394
"S:/Projects/MyProject2/Content/Untitled/_Generated_/7IM8MQEY0DSDCV6GCDGX6TUNQ.umap" 1395
"S:/Projects/MyProject2/Content/Untitled/_Generated_/B2SSDC1KSU6WCGVBP8HEE3X6Z.uexp" 1396
"S:/Projects/MyProject2/Content/Untitled/_Generated_/B2SSDC1KSU6WCGVBP8HEE3X6Z.ubulk" 1397
"S:/Projects/MyProject2/Content/Untitled/_Generated_/B2SSDC1KSU6WCGVBP8HEE3X6Z.umap" 1398
"S:/Projects/MyProject2/Content/Untitled/_Generated_/8CHYMFYTTT8WQ8PWSCHJORX5Z.uexp" 1399
"S:/Projects/MyProject2/Content/Untitled/_Generated_/8CHYMFYTTT8WQ8PWSCHJORX5Z.ubulk" 1400
"S:/Projects/MyProject2/Content/Untitled/_Generated_/8CHYMFYTTT8WQ8PWSCHJORX5Z.umap" 1401
"S:/Projects/MyProject2/Content/Untitled/_Generated_/27PALLR0TRJHDFIVQVTRSCMG5.uexp" 1402
"S:/Projects/MyProject2/Content/Untitled/_Generated_/27PALLR0TRJHDFIVQVTRSCMG5.ubulk" 1403
"S:/Projects/MyProject2/Content/Untitled/_Generated_/27PALLR0TRJHDFIVQVTRSCMG5.umap" 1404
"S:/Projects/MyProject2/Content/Untitled/_Generated_/4Y334ZDDKMX6B4CW71PPL2FFU.uexp" 1405
"S:/Projects/MyProject2/Content/Untitled/_Generated_/4Y334ZDDKMX6B4CW71PPL2FFU.ubulk" 1406
"S:/Projects/MyProject2/Content/Untitled/_Generated_/4Y334ZDDKMX6B4CW71PPL2FFU.umap" 1407
"S:/Projects/MyProject2/Content/Untitled/_Generated_/7CFDDNDU4YX2HR20VZYVUS827.uexp" 1408
"S:/Projects/MyProject2/Content/Untitled/_Generated_/7CFDDNDU4YX2HR20VZYVUS827.ubulk" 1409
"S:/Projects/MyProject2/Content/Untitled/_Generated_/7CFDDNDU4YX2HR20VZYVUS827.umap" 1410
"S:/Projects/MyProject2/Content/Untitled/_Generated_/8AY0X20NCX2T7NXSR558WTURR.uexp" 1411
"S:/Projects/MyProject2/Content/Untitled/_Generated_/8AY0X20NCX2T7NXSR558WTURR.ubulk" 1412
"S:/Projects/MyProject2/Content/Untitled/_Generated_/8AY0X20NCX2T7NXSR558WTURR.umap" 1413
"S:/Projects/MyProject2/Content/Untitled/_Generated_/1DHNYBXOKWDBKX95XNTELKJ3P.uexp" 1414
"S:/Projects/MyProject2/Content/Untitled/_Generated_/1DHNYBXOKWDBKX95XNTELKJ3P.ubulk" 1415
"S:/Projects/MyProject2/Content/Untitled/_Generated_/1DHNYBXOKWDBKX95XNTELKJ3P.umap" 1416
"S:/Projects/MyProject2/Content/Untitled/_Generated_/8EZCR1QCK263PGPFBHFNTKXPA.uexp" 1417
"S:/Projects/MyProject2/Content/Untitled/_Generated_/8EZCR1QCK263PGPFBHFNTKXPA.ubulk" 1418
"S:/Projects/MyProject2/Content/Untitled/_Generated_/8EZCR1QCK263PGPFBHFNTKXPA.umap" 1419
"S:/Projects/MyProject2/Content/Untitled/_Generated_/6VSZXY3XU147BRWIFO9I87BQO.uexp" 1420
"S:/Projects/MyProject2/Content/Untitled/_Generated_/6VSZXY3XU147BRWIFO9I87BQO.ubulk" 1421
"S:/Projects/MyProject2/Content/Untitled/_Generated_/6VSZXY3XU147BRWIFO9I87BQO.umap" 1422
"S:/Projects/MyProject2/Content/Untitled/_Generated_/4QIR5XUNTV7BLJUPQPNOD37E0.uexp" 1423
"S:/Projects/MyProject2/Content/Untitled/_Generated_/4QIR5XUNTV7BLJUPQPNOD37E0.ubulk" 1424
"S:/Projects/MyProject2/Content/Untitled/_Generated_/4QIR5XUNTV7BLJUPQPNOD37E0.umap" 1425
"S:/Projects/MyProject2/Content/Untitled/_Generated_/A5C5SPCDZU7ETBXSLURGRK69F.uexp" 1426
"S:/Projects/MyProject2/Content/Untitled/_Generated_/A5C5SPCDZU7ETBXSLURGRK69F.ubulk" 1427
"S:/Projects/MyProject2/Content/Untitled/_Generated_/A5C5SPCDZU7ETBXSLURGRK69F.umap" 1428
"S:/Projects/MyProject2/Content/Untitled/_Generated_/3EAY01D5LS2P2XWRHPQLQRTQW.uexp" 1429
"S:/Projects/MyProject2/Content/Untitled/_Generated_/3EAY01D5LS2P2XWRHPQLQRTQW.ubulk" 1430
"S:/Projects/MyProject2/Content/Untitled/_Generated_/3EAY01D5LS2P2XWRHPQLQRTQW.umap" 1431
"S:/Projects/MyProject2/Content/Untitled/_Generated_/8DHYD1H563CL8ITBMGU7RE42U.uexp" 1432
"S:/Projects/MyProject2/Content/Untitled/_Generated_/8DHYD1H563CL8ITBMGU7RE42U.ubulk" 1433
"S:/Projects/MyProject2/Content/Untitled/_Generated_/8DHYD1H563CL8ITBMGU7RE42U.umap" 1434
"S:/Projects/MyProject2/Content/Untitled/_Generated_/3T92KDWDKLRLWK2A3JBFQRSUB.uexp" 1435
"S:/Projects/MyProject2/Content/Untitled/_Generated_/3T92KDWDKLRLWK2A3JBFQRSUB.ubulk" 1436
"S:/Projects/MyProject2/Content/Untitled/_Generated_/3T92KDWDKLRLWK2A3JBFQRSUB.umap" 1437
"S:/Projects/MyProject2/Content/Untitled/_Generated_/2VY7XSTE57DMSHINPZLTH1MZK.uexp" 1438
"S:/Projects/MyProject2/Content/Untitled/_Generated_/2VY7XSTE57DMSHINPZLTH1MZK.ubulk" 1439
"S:/Projects/MyProject2/Content/Untitled/_Generated_/2VY7XSTE57DMSHINPZLTH1MZK.umap" 1440
"S:/Projects/MyProject2/Content/Untitled/_Generated_/5ML3W1KUAFJE8VBF0SB6TTLRT.uexp" 1441
"S:/Projects/MyProject2/Content/Untitled/_Generated_/5ML3W1KUAFJE8VBF0SB6TTLRT.umap" 1442
"S:/Projects/MyProject2/Content/Untitled/_Generated_/BYJDS2UI43646XL4EGMQSIOC7.uexp" 1443
"S:/Projects/MyProject2/Content/Untitled/_Generated_/BYJDS2UI43646XL4EGMQSIOC7.ubulk" 1444
"S:/Projects/MyProject2/Content/Untitled/_Generated_/BYJDS2UI43646XL4EGMQSIOC7.umap" 1445
"S:/Projects/MyProject2/Content/Untitled/_Generated_/EGV35NE9INV2IVMVK57L21XZI.uexp" 1446
"S:/Projects/MyProject2/Content/Untitled/_Generated_/EGV35NE9INV2IVMVK57L21XZI.ubulk" 1447
"S:/Projects/MyProject2/Content/Untitled/_Generated_/EGV35NE9INV2IVMVK57L21XZI.umap" 1448
"S:/Projects/MyProject2/Content/Untitled/_Generated_/2M2C438G4ITLZT9AX87XBUVVM.uexp" 1449
"S:/Projects/MyProject2/Content/Untitled/_Generated_/2M2C438G4ITLZT9AX87XBUVVM.ubulk" 1450
"S:/Projects/MyProject2/Content/Untitled/_Generated_/2M2C438G4ITLZT9AX87XBUVVM.umap" 1451
"S:/Projects/MyProject2/Content/Untitled/_Generated_/EI7EMGNRPKKVQIGGMRQ866WTK.uexp" 1452
"S:/Projects/MyProject2/Content/Untitled/_Generated_/EI7EMGNRPKKVQIGGMRQ866WTK.ubulk" 1453
"S:/Projects/MyProject2/Content/Untitled/_Generated_/EI7EMGNRPKKVQIGGMRQ866WTK.umap" 1454
"S:/Projects/MyProject2/Content/Untitled/_Generated_/CV8HSO310XWRLAR3MONS8XO5Q.uexp" 1455
"S:/Projects/MyProject2/Content/Untitled/_Generated_/CV8HSO310XWRLAR3MONS8XO5Q.ubulk" 1456
"S:/Projects/MyProject2/Content/Untitled/_Generated_/CV8HSO310XWRLAR3MONS8XO5Q.umap" 1457
"S:/Projects/MyProject2/Content/Untitled/_Generated_/EIFJLFK8WHIKRMUFT7PVSFG25.uexp" 1458
"S:/Projects/MyProject2/Content/Untitled/_Generated_/EIFJLFK8WHIKRMUFT7PVSFG25.ubulk" 1459
"S:/Projects/MyProject2/Content/Untitled/_Generated_/EIFJLFK8WHIKRMUFT7PVSFG25.umap" 1460
"S:/Projects/MyProject2/Content/Untitled/_Generated_/6UC7221G4ZTZTJF6BUTUJLWNK.uexp" 1461
"S:/Projects/MyProject2/Content/Untitled/_Generated_/6UC7221G4ZTZTJF6BUTUJLWNK.ubulk" 1462
"S:/Projects/MyProject2/Content/Untitled/_Generated_/6UC7221G4ZTZTJF6BUTUJLWNK.umap" 1463
"S:/Projects/MyProject2/Content/Untitled/_Generated_/5UOG83TR344ARI7LLQP2HTJT0.uexp" 1464
"S:/Projects/MyProject2/Content/Untitled/_Generated_/5UOG83TR344ARI7LLQP2HTJT0.ubulk" 1465
"S:/Projects/MyProject2/Content/Untitled/_Generated_/5UOG83TR344ARI7LLQP2HTJT0.umap" 1466
"S:/Projects/MyProject2/Content/Untitled/_Generated_/42IV2270D7O1N2V5CRXT1TKXH.uexp" 1467
"S:/Projects/MyProject2/Content/Untitled/_Generated_/42IV2270D7O1N2V5CRXT1TKXH.ubulk" 1468
"S:/Projects/MyProject2/Content/Untitled/_Generated_/42IV2270D7O1N2V5CRXT1TKXH.umap" 1469
"S:/Projects/MyProject2/Content/Untitled/_Generated_/B65PJUZOKNBFFEBK1JMT8KJB0.uexp" 1470
"S:/Projects/MyProject2/Content/Untitled/_Generated_/B65PJUZOKNBFFEBK1JMT8KJB0.ubulk" 1471
"S:/Projects/MyProject2/Content/Untitled/_Generated_/B65PJUZOKNBFFEBK1JMT8KJB0.umap" 1472
"S:/Projects/MyProject2/Content/Untitled/_Generated_/BECKDB3D3W1VC38HQFKUM0KA9.uexp" 1473
"S:/Projects/MyProject2/Content/Untitled/_Generated_/BECKDB3D3W1VC38HQFKUM0KA9.ubulk" 1474
"S:/Projects/MyProject2/Content/Untitled/_Generated_/BECKDB3D3W1VC38HQFKUM0KA9.umap" 1475
"S:/Projects/MyProject2/Content/Untitled/_Generated_/03K31OG4O00FPV14KOK43RRY2.uexp" 1476
"S:/Projects/MyProject2/Content/Untitled/_Generated_/03K31OG4O00FPV14KOK43RRY2.ubulk" 1477
"S:/Projects/MyProject2/Content/Untitled/_Generated_/03K31OG4O00FPV14KOK43RRY2.umap" 1478
"S:/Projects/MyProject2/Content/Untitled/_Generated_/BSP3GR4RDKB7M2MLXPVMNOHOD.uexp" 1479
"S:/Projects/MyProject2/Content/Untitled/_Generated_/BSP3GR4RDKB7M2MLXPVMNOHOD.ubulk" 1480
"S:/Projects/MyProject2/Content/Untitled/_Generated_/BSP3GR4RDKB7M2MLXPVMNOHOD.umap" 1481
"S:/Projects/MyProject2/Content/Untitled/_Generated_/64AU9K2WJM85I5URV95TXMTPH.uexp" 1482
"S:/Projects/MyProject2/Content/Untitled/_Generated_/64AU9K2WJM85I5URV95TXMTPH.ubulk" 1483
"S:/Projects/MyProject2/Content/Untitled/_Generated_/64AU9K2WJM85I5URV95TXMTPH.umap" 1484
"S:/Projects/MyProject2/Content/Untitled/_Generated_/3I8PRQ0PW0CMO74J4ZEBBFKPK.uexp" 1485
"S:/Projects/MyProject2/Content/Untitled/_Generated_/3I8PRQ0PW0CMO74J4ZEBBFKPK.ubulk" 1486
"S:/Projects/MyProject2/Content/Untitled/_Generated_/3I8PRQ0PW0CMO74J4ZEBBFKPK.umap" 1487
"S:/Projects/MyProject2/Content/Untitled/_Generated_/3VLE1AO6547X2QGKW8H605EKM.uexp" 1488
"S:/Projects/MyProject2/Content/Untitled/_Generated_/3VLE1AO6547X2QGKW8H605EKM.ubulk" 1489
"S:/Projects/MyProject2/Content/Untitled/_Generated_/3VLE1AO6547X2QGKW8H605EKM.umap" 1490
"S:/Projects/MyProject2/Content/Untitled/_Generated_/BR6S17J4JK8VM3F6T1QC1ZR3K.uexp" 1491
"S:/Projects/MyProject2/Content/Untitled/_Generated_/BR6S17J4JK8VM3F6T1QC1ZR3K.ubulk" 1492
"S:/Projects/MyProject2/Content/Untitled/_Generated_/BR6S17J4JK8VM3F6T1QC1ZR3K.umap" 1493
"S:/Projects/MyProject2/Content/Untitled/_Generated_/232O9X92GAC1GYHWXQ12E8U87.uexp" 1494
"S:/Projects/MyProject2/Content/Untitled/_Generated_/232O9X92GAC1GYHWXQ12E8U87.ubulk" 1495
"S:/Projects/MyProject2/Content/Untitled/_Generated_/232O9X92GAC1GYHWXQ12E8U87.umap" 1496
