"S:/Projects/MyProject2/MyProject2.uproject" 1
"../../../../../../Projects/MyProject2/Binaries/Win64/UnrealEditor.modules" 2
"../../../Engine/Plugins/AudioGameplay/AudioGameplay.uplugin" 3
"../../../Engine/Plugins/AudioGameplayVolume/AudioGameplayVolume.uplugin" 4
"../../../Engine/Plugins/BlueprintFileUtils/BlueprintFileUtils.uplugin" 5
"../../../Engine/Plugins/ChaosClothAsset/ChaosClothAsset.uplugin" 6
"../../../Engine/Plugins/AudioInsights/AudioInsights.uplugin" 7
"../../../Engine/Plugins/ChaosCloth/ChaosCloth.uplugin" 8
"../../../Engine/Plugins/Bridge/Bridge.uplugin" 9
"../../../Engine/Plugins/ChaosInsights/ChaosInsights.uplugin" 10
"../../../Engine/Plugins/ChaosClothAssetEditor/ChaosClothAssetEditor.uplugin" 11
"../../../Engine/Plugins/Chooser/Chooser.uplugin" 12
"../../../Engine/Plugins/CmdLinkServer/CmdLinkServer.uplugin" 13
"../../../Engine/Plugins/EnhancedInput/EnhancedInput.uplugin" 14
"../../../Engine/Plugins/Fab/Fab.uplugin" 15
"../../../Engine/Plugins/FastBuildController/FastBuildController.uplugin" 16
"../../../Engine/Plugins/LightWeightInstancesEditor/LightWeightInstancesEditor.uplugin" 17
"../../../Engine/Plugins/JsonBlueprintUtilities/JsonBlueprintUtilities.uplugin" 18
"../../../Engine/Plugins/MassInsights/MassInsights.uplugin" 19
"../../../Engine/Plugins/MemoryUsageQueries/MemoryUsageQueries.uplugin" 20
"../../../Engine/Plugins/Mutable/Mutable.uplugin" 21
"../../../Engine/Plugins/DiscoveryBeaconReceiver/DiscoveryBeaconReceiver.uplugin" 22
"../../../Engine/Plugins/PCG/PCG.uplugin" 23
"../../../Engine/Plugins/RenderGraphInsights/RenderGraphInsights.uplugin" 24
"../../../Engine/Plugins/IoStoreInsights/IoStoreInsights.uplugin" 25
"../../../Engine/Plugins/ScriptPlugin/ScriptPlugin.uplugin" 26
"../../../Engine/Plugins/TextureGraph/TextureGraph.uplugin" 27
"../../../Engine/Plugins/XGEController/XGEController.uplugin" 28
"../../../Engine/Plugins/WorldMetrics/WorldMetrics.uplugin" 29
"../../../Engine/Plugins/AI/AISupport/AISupport.uplugin" 30
"../../../Engine/Plugins/MeshPainting/MeshPainting.uplugin" 31
"../../../Engine/Plugins/AI/HTNPlanner/HTNPlanner.uplugin" 32
"../../../Engine/Plugins/UbaController/UbaController.uplugin" 33
"../../../Engine/Plugins/AI/EnvironmentQueryEditor/EnvironmentQueryEditor.uplugin" 34
"../../../Engine/Plugins/AI/MassAI/MassAI.uplugin" 35
"../../../Engine/Plugins/ChaosVD/ChaosVD.uplugin" 36
"../../../Engine/Plugins/AI/MLAdapter/MLAdapter.uplugin" 37
"../../../Engine/Plugins/AI/MassCrowd/MassCrowd.uplugin" 38
"../../../Engine/Plugins/TraceUtilities/TraceUtilities.uplugin" 39
"../../../Engine/Plugins/Developer/CLionSourceCodeAccess/CLionSourceCodeAccess.uplugin" 40
"../../../Engine/Plugins/Developer/AnimationSharing/AnimationSharing.uplugin" 41
"../../../Engine/Plugins/Developer/CodeLiteSourceCodeAccess/CodeLiteSourceCodeAccess.uplugin" 42
"../../../Engine/Plugins/Developer/DirectoryPlaceholder/DirectoryPlaceholder.uplugin" 43
"../../../Engine/Plugins/Developer/DumpGPUServices/DumpGPUServices.uplugin" 44
"../../../Engine/Plugins/Developer/BlankPlugin/BlankPlugin.uplugin" 45
"../../../Engine/Plugins/Developer/FieldNotificationTrace/FieldNotificationTrace.uplugin" 46
"../../../Engine/Plugins/Developer/KDevelopSourceCodeAccess/KDevelopSourceCodeAccess.uplugin" 47
"../../../Engine/Plugins/Developer/GitSourceControl/GitSourceControl.uplugin" 48
"../../../Engine/Plugins/Developer/NamingTokens/NamingTokens.uplugin" 49
"../../../Engine/Plugins/Developer/N10XSourceCodeAccess/N10XSourceCodeAccess.uplugin" 50
"../../../Engine/Plugins/Developer/PerforceSourceControl/PerforceSourceControl.uplugin" 51
"../../../Engine/Plugins/Developer/PluginUtils/PluginUtils.uplugin" 52
"../../../Engine/Plugins/Developer/PropertyAccessNode/PropertyAccessNode.uplugin" 53
"../../../Engine/Plugins/Developer/ProjectLauncher/ProjectLauncher.uplugin" 54
"../../../Engine/Plugins/Developer/SubversionSourceControl/SubversionSourceControl.uplugin" 55
"../../../Engine/Plugins/Developer/TextureFormatOodle/TextureFormatOodle.uplugin" 56
"../../../Engine/Plugins/Developer/PixWinPlugin/PixWinPlugin.uplugin" 57
"../../../Engine/Plugins/Developer/TraceDataFiltering/TraceDataFilters.uplugin" 58
"../../../Engine/Plugins/Developer/XcodeGPUDebuggerPlugin/XcodeGPUDebuggerPlugin.uplugin" 59
"../../../Engine/Plugins/Developer/XCodeSourceCodeAccess/XCodeSourceCodeAccess.uplugin" 60
"../../../Engine/Plugins/Interchange/Assets/InterchangeAssets.uplugin" 61
"../../../Engine/Plugins/Interchange/Editor/InterchangeEditor.uplugin" 62
"../../../Engine/Plugins/Interchange/Runtime/Interchange.uplugin" 63
"../../../Engine/Plugins/Developer/NullSourceCodeAccess/NullSourceCodeAccess.uplugin" 64
"../../../Engine/Plugins/MovieScene/ActorSequence/ActorSequence.uplugin" 65
"../../../Engine/Plugins/Developer/OneSkyLocalizationService/OneSkyLocalizationService.uplugin" 66
"../../../Engine/Plugins/MovieScene/LevelSequenceEditor/LevelSequenceEditor.uplugin" 67
"../../../Engine/Plugins/MovieScene/MovieRenderPipeline/MovieRenderPipeline.uplugin" 68
"../../../Engine/Plugins/MovieScene/MoviePipelineMaskRenderPass/MoviePipelineMaskRenderPass.uplugin" 69
"../../../Engine/Plugins/Developer/RiderSourceCodeAccess/RiderSourceCodeAccess.uplugin" 70
"../../../Engine/Plugins/Developer/RenderDocPlugin/RenderDocPlugin.uplugin" 71
"../../../Engine/Plugins/MovieScene/ReplayTracks/ReplayTracks.uplugin" 72
"../../../Engine/Plugins/MovieScene/SequencerScripting/SequencerScripting.uplugin" 73
"../../../Engine/Plugins/MovieScene/TemplateSequence/TemplateSequence.uplugin" 74
"../../../Engine/Plugins/Developer/TraceSourceFiltering/TraceSourceFilters.uplugin" 75
"../../../Engine/Plugins/Animation/AnimationData/AnimationData.uplugin" 76
"../../../Engine/Plugins/Animation/AnimationModifierLibrary/AnimationModifierLibrary.uplugin" 77
"../../../Engine/Plugins/Animation/AnimationWarping/AnimationWarping.uplugin" 78
"../../../Engine/Plugins/Animation/AnimationLocomotionLibrary/AnimationLocomotionLibrary.uplugin" 79
"../../../Engine/Plugins/Developer/PlasticSourceControl/PlasticSourceControl.uplugin" 80
"../../../Engine/Plugins/Animation/AnimatorKit/AnimatorKit.uplugin" 81
"../../../Engine/Plugins/MovieScene/MovieSceneTextTrack/MovieSceneTextTrack.uplugin" 82
"../../../Engine/Plugins/Animation/BlendSpaceMotionAnalysis/BlendSpaceMotionAnalysis.uplugin" 83
"../../../Engine/Plugins/Animation/BlendStack/BlendStack.uplugin" 84
"../../../Engine/Plugins/Developer/UObjectPlugin/UObjectPlugin.uplugin" 85
"../../../Engine/Plugins/Animation/ControlRig/ControlRig.uplugin" 86
"../../../Engine/Plugins/Animation/ControlRigModules/ControlRigModules.uplugin" 87
"../../../Engine/Plugins/Animation/DeformerGraph/DeformerGraph.uplugin" 88
"../../../Engine/Plugins/Animation/ControlRigSpline/ControlRigSpline.uplugin" 89
"../../../Engine/Plugins/Developer/VisualStudioSourceCodeAccess/VisualStudioSourceCodeAccess.uplugin" 90
"../../../Engine/Plugins/Animation/DNACalib/DNACalib.uplugin" 91
"../../../Engine/Plugins/Animation/GameplayInsights/GameplayInsights.uplugin" 92
"../../../Engine/Plugins/Portal/LauncherChunkInstaller/LauncherChunkInstaller.uplugin" 93
"../../../Engine/Plugins/Animation/IKRig/IKRig.uplugin" 94
"../../../Engine/Plugins/Animation/LiveLink/LiveLink.uplugin" 95
"../../../Engine/Plugins/Developer/VisualStudioCodeSourceCodeAccess/VisualStudioCodeSourceCodeAccess.uplugin" 96
"../../../Engine/Plugins/Animation/LiveLinkDevice/LiveLinkDevice.uplugin" 97
"../../../Engine/Plugins/Animation/LiveLinkCurveDebugUI/LiveLinkCurveDebugUI.uplugin" 98
"../../../Engine/Plugins/Animation/LiveLinkHub/LiveLinkHub.uplugin" 99
"../../../Engine/Plugins/Animation/MotionWarping/MotionWarping.uplugin" 100
"../../../Engine/Plugins/Animation/PoseSearch/PoseSearch.uplugin" 101
"../../../Engine/Plugins/Animation/PerformanceCaptureCore/PerformanceCaptureCore.uplugin" 102
"../../../Engine/Plugins/Animation/ACLPlugin/ACLPlugin.uplugin" 103
"../../../Engine/Plugins/Animation/RigLogic/RigLogic.uplugin" 104
"../../../Engine/Plugins/Animation/LiveLinkExampleDevice/LiveLinkExampleDevice.uplugin" 105
"../../../Engine/Plugins/Animation/SkeletalMeshModelingTools/SkeletalMeshModelingTools.uplugin" 106
"../../../Engine/Plugins/MovieScene/CustomizableSequencerTracks/CustomizableSequencerTracks.uplugin" 107
"../../../Engine/Plugins/Compositing/LensDistortion/LensDistortion.uplugin" 108
"../../../Engine/Plugins/Compositing/OpenColorIO/OpenColorIO.uplugin" 109
"../../../Engine/Plugins/Enterprise/AxFImporter/AxFImporter.uplugin" 110
"../../../Engine/Plugins/Animation/TweeningUtils/TweeningUtils.uplugin" 111
"../../../Engine/Plugins/Enterprise/DataprepEditor/DataprepEditor.uplugin" 112
"../../../Engine/Plugins/Enterprise/DatasmithCADImporter/DatasmithCADImporter.uplugin" 113
"../../../Engine/Plugins/Enterprise/DatasmithContent/DatasmithContent.uplugin" 114
"../../../Engine/Plugins/Enterprise/VariantManager/VariantManager.uplugin" 115
"../../../Engine/Plugins/Enterprise/LidarPointCloud/LidarPointCloud.uplugin" 116
"../../../Engine/Plugins/Enterprise/VariantManagerContent/VariantManagerContent.uplugin" 117
"../../../Engine/Plugins/FX/Cascade/Cascade.uplugin" 118
"../../../Engine/Plugins/Compositing/Composure/Composure.uplugin" 119
"../../../Engine/Plugins/Animation/GeneSplicer/GeneSplicer.uplugin" 120
"../../../Engine/Plugins/FX/CascadeToNiagaraConverter/CascadeToNiagaraConverter.uplugin" 121
"../../../Engine/Plugins/FX/ExampleCustomDataInterface/ExampleCustomDataInterface.uplugin" 122
"../../../Engine/Plugins/FX/Niagara/Niagara.uplugin" 123
"../../../Engine/Plugins/Enterprise/GLTFExporter/GLTFExporter.uplugin" 124
"../../../Engine/Plugins/FX/NiagaraMRQ/NiagaraMRQ.uplugin" 125
"../../../Engine/Plugins/FX/NiagaraFluids/NiagaraFluids.uplugin" 126
"../../../Engine/Plugins/Enterprise/DatasmithImporter/DatasmithImporter.uplugin" 127
"../../../Engine/Plugins/Enterprise/MDLImporter/MDLImporter.uplugin" 128
"../../../Engine/Plugins/Online/EOSOverlayInputProvider/EOSOverlayInputProvider.uplugin" 129
"../../../Engine/Plugins/Enterprise/DatasmithC4DImporter/DatasmithC4DImporter.uplugin" 130
"../../../Engine/Plugins/Online/OnlineServices/OnlineServices.uplugin" 131
"../../../Engine/Plugins/Online/OnlineBase/OnlineBase.uplugin" 132
"../../../Engine/Plugins/Online/OnlineFramework/OnlineFramework.uplugin" 133
"../../../Engine/Plugins/FX/NiagaraSimCaching/NiagaraSimCaching.uplugin" 134
"../../../Engine/Plugins/Online/OnlineServicesEpicCommon/OnlineServicesEpicCommon.uplugin" 135
"../../../Engine/Plugins/Online/OnlineServicesEOSGS/OnlineServicesEOSGS.uplugin" 136
"../../../Engine/Plugins/Online/OnlineServicesNull/OnlineServicesNull.uplugin" 137
"../../../Engine/Plugins/Online/EOSShared/EOSShared.uplugin" 138
"../../../Engine/Plugins/Enterprise/DatasmithFBXImporter/DatasmithFBXImporter.uplugin" 139
"../../../Engine/Plugins/Online/OnlineSubsystem/OnlineSubsystem.uplugin" 140
"../../../Engine/Plugins/Online/OnlineSubsystemAmazon/OnlineSubsystemAmazon.uplugin" 141
"../../../Engine/Plugins/Online/OnlineServicesEOS/OnlineServicesEOS.uplugin" 142
"../../../Engine/Plugins/Online/OnlineSubsystemEOS/OnlineSubsystemEOS.uplugin" 143
"../../../Engine/Plugins/Online/OnlineServicesOSSAdapter/OnlineServicesOSSAdapter.uplugin" 144
"../../../Engine/Plugins/Online/OnlineSubsystemFacebook/OnlineSubsystemFacebook.uplugin" 145
"../../../Engine/Plugins/Online/OnlineSubsystemNull/OnlineSubsystemNull.uplugin" 146
"../../../Engine/Plugins/Online/OnlineSubsystemApple/OnlineSubsystemApple.uplugin" 147
"../../../Engine/Plugins/Online/OnlineSubsystemTencent/OnlineSubsystemTencent.uplugin" 148
"../../../Engine/Plugins/Compositing/OpenCVLensDistortion/OpenCVLensDistortion.uplugin" 149
"../../../Engine/Plugins/Online/SocketSubsystemSteamIP/SocketSubsystemSteamIP.uplugin" 150
"../../../Engine/Plugins/Online/OnlineSubsystemGoogle/OnlineSubsystemGoogle.uplugin" 151
"../../../Engine/Plugins/Online/OnlineSubsystemSteam/OnlineSubsystemSteam.uplugin" 152
"../../../Engine/Plugins/Protocols/MQTT/MQTT.uplugin" 153
"../../../Engine/Plugins/Tests/CQTest/CQTest.uplugin" 154
"../../../Engine/Plugins/Online/SocketSubsystemEOS/SocketSubsystemEOS.uplugin" 155
"../../../Engine/Plugins/Tests/EditorTests/EditorTests.uplugin" 156
"../../../Engine/Plugins/Tests/AutomationDriverTests/AutomationDriverTests.uplugin" 157
"../../../Engine/Plugins/Tests/FunctionalTestingEditor/FunctionalTestingEditor.uplugin" 158
"../../../Engine/Plugins/Online/WebAuth/WebAuth.uplugin" 159
"../../../Engine/Plugins/Tests/PythonAutomationTest/PythonAutomationTest.uplugin" 160
"../../../Engine/Plugins/Tests/CQTestEnhancedInput/CQTestEnhancedInput.uplugin" 161
"../../../Engine/Plugins/Tests/RuntimeTests/RuntimeTests.uplugin" 162
"../../../Engine/Plugins/Tests/RHITests/RHITests.uplugin" 163
"../../../Engine/Plugins/Tests/TestSamples/TestSamples.uplugin" 164
"../../../Engine/Plugins/VirtualProduction/ActorModifierCore/ActorModifierCore.uplugin" 165
"../../../Engine/Plugins/VirtualProduction/ActorModifier/ActorModifier.uplugin" 166
"../../../Engine/Plugins/Tests/TestFramework/TestFramework.uplugin" 167
"../../../Engine/Plugins/VirtualProduction/CameraCalibration/CameraCalibration.uplugin" 168
"../../../Engine/Plugins/VirtualProduction/CameraCalibrationCore/CameraCalibrationCore.uplugin" 169
"../../../Engine/Plugins/Online/OnlineSubsystemUtils/OnlineSubsystemUtils.uplugin" 170
"../../../Engine/Plugins/VirtualProduction/Avalanche/Avalanche.uplugin" 171
"../../../Engine/Plugins/Tests/FbxAutomationTestBuilder/FbxAutomationTestBuilder.uplugin" 172
"../../../Engine/Plugins/VirtualProduction/CaptureData/CaptureData.uplugin" 173
"../../../Engine/Plugins/VirtualProduction/ClonerEffector/ClonerEffector.uplugin" 174
"../../../Engine/Plugins/Tests/InterchangeTests/InterchangeTests.uplugin" 175
"../../../Engine/Plugins/VirtualProduction/CustomDetailsView/CustomDetailsView.uplugin" 176
"../../../Engine/Plugins/VirtualProduction/DynamicMaterial/DynamicMaterial.uplugin" 177
"../../../Engine/Plugins/VirtualProduction/CameraCalibrationML/CameraCalibrationML.uplugin" 178
"../../../Engine/Plugins/VirtualProduction/CompositePlane/CompositePlane.uplugin" 179
"../../../Engine/Plugins/VirtualProduction/EpicStageApp/EpicStageApp.uplugin" 180
"../../../Engine/Plugins/VirtualProduction/GeometryMask/GeometryMask.uplugin" 181
"../../../Engine/Plugins/VirtualProduction/ICVFXTesting/ICVFXTesting.uplugin" 182
"../../../Engine/Plugins/Tests/WidgetAutomationTests/WidgetAutomationTests.uplugin" 183
"../../../Engine/Plugins/VirtualProduction/ICVFX/ICVFX.uplugin" 184
"../../../Engine/Plugins/VirtualProduction/DataCharts/DataCharts.uplugin" 185
"../../../Engine/Plugins/VirtualProduction/LensComponent/LensComponent.uplugin" 186
"../../../Engine/Plugins/VirtualProduction/CinematicAssemblyTools/CinematicAssemblyTools.uplugin" 187
"../../../Engine/Plugins/VirtualProduction/LiveLinkInputDevice/LiveLinkInputDevice.uplugin" 188
"../../../Engine/Plugins/VirtualProduction/LiveLinkMasterLockit/LiveLinkMasterLockit.uplugin" 189
"../../../Engine/Plugins/VirtualProduction/LiveLinkVRPN/LiveLinkVRPN.uplugin" 190
"../../../Engine/Plugins/VirtualProduction/LiveLinkFreeD/LiveLinkFreeD.uplugin" 191
"../../../Engine/Plugins/VirtualProduction/LiveLinkPrestonMDR/LiveLinkPrestonMDR.uplugin" 192
"../../../Engine/Plugins/VirtualProduction/LiveLinkOpenTrackIO/LiveLinkOpenTrackIO.uplugin" 193
"../../../Engine/Plugins/VirtualProduction/LiveLinkCamera/LiveLinkCamera.uplugin" 194
"../../../Engine/Plugins/VirtualProduction/PerformanceCaptureWorkflow/PerformanceCaptureWorkflow.uplugin" 195
"../../../Engine/Plugins/VirtualProduction/MultiUserTakes/MultiUserTakes.uplugin" 196
"../../../Engine/Plugins/VirtualProduction/PropertyAnimator/PropertyAnimator.uplugin" 197
"../../../Engine/Plugins/VirtualProduction/OperatorStack/OperatorStack.uplugin" 198
"../../../Engine/Plugins/VirtualProduction/LiveLinkXR/LiveLinkXR.uplugin" 199
"../../../Engine/Plugins/VirtualProduction/RemoteControl/RemoteControl.uplugin" 200
"../../../Engine/Plugins/VirtualProduction/RemoteControlProtocolDMX/RemoteControlProtocolDMX.uplugin" 201
"../../../Engine/Plugins/VirtualProduction/LevelSnapshots/LevelSnapshots.uplugin" 202
"../../../Engine/Plugins/VirtualProduction/PropertyAnimatorCore/PropertyAnimatorCore.uplugin" 203
"../../../Engine/Plugins/VirtualProduction/RemoteControlProtocolOSC/RemoteControlProtocolOSC.uplugin" 204
"../../../Engine/Plugins/VirtualProduction/RemoteControlInterception/RemoteControlInterception.uplugin" 205
"../../../Engine/Plugins/VirtualProduction/StormSyncAvalancheBridge/StormSyncAvalancheBridge.uplugin" 206
"../../../Engine/Plugins/VirtualProduction/Takes/Takes.uplugin" 207
"../../../Engine/Plugins/VirtualProduction/TextureShare/TextureShare.uplugin" 208
"../../../Engine/Plugins/VirtualProduction/VirtualCameraCore/VirtualCameraCore.uplugin" 209
"../../../Engine/Plugins/VirtualProduction/VirtualCamera/VirtualCamera.uplugin" 210
"../../../Engine/Plugins/VirtualProduction/TimedDataMonitor/TimedDataMonitor.uplugin" 211
"../../../Engine/Plugins/VirtualProduction/StormSync/StormSync.uplugin" 212
"../../../Engine/Plugins/VirtualProduction/RemoteControlWebInterface/RemoteControlWebInterface.uplugin" 213
"../../../Engine/Plugins/Cameras/EngineCameras/EngineCameras.uplugin" 214
"../../../Engine/Plugins/Cameras/GameplayCameras/GameplayCameras.uplugin" 215
"../../../Engine/Plugins/VirtualProduction/SequencerPlaylists/SequencerPlaylists.uplugin" 216
"../../../Engine/Plugins/Compression/OodleNetwork/OodleNetwork.uplugin" 217
"../../../Engine/Plugins/Electronic Nodes v3.16 (5.6)/Electron5474ffd7dc22V15/ElectronicNodes.uplugin" 218
"../../../Engine/Plugins/VirtualProduction/StageMonitoring/StageMonitoring.uplugin" 219
"../../../Engine/Plugins/Experimental/AdvancedRenamer/AdvancedRenamer.uplugin" 220
"../../../Engine/Plugins/Experimental/ActorPalette/ActorPalette.uplugin" 221
"../../../Engine/Plugins/Experimental/AbilitySystemGameFeatureActions/AbilitySystemGameFeatureActions.uplugin" 222
"../../../Engine/Plugins/Experimental/AnimNextAnimGraph/AnimNextAnimGraph.uplugin" 223
"../../../Engine/Plugins/Cameras/CameraShakePreviewer/CameraShakePreviewer.uplugin" 224
"../../../Engine/Plugins/Experimental/AnimNextChooser/AnimNextChooser.uplugin" 225
"../../../Engine/Plugins/Experimental/AnimNextControlRig/AnimNextControlRig.uplugin" 226
"../../../Engine/Plugins/VirtualProduction/RemoteControlProtocolMIDI/RemoteControlProtocolMIDI.uplugin" 227
"../../../Engine/Plugins/Experimental/AnimNextPoseSearch/AnimNextPoseSearch.uplugin" 228
"../../../Engine/Plugins/VirtualProduction/LiveLinkLens/LiveLinkLens.uplugin" 229
"../../../Engine/Plugins/Experimental/AnimToTexture/AnimToTexture.uplugin" 230
"../../../Engine/Plugins/Experimental/AnimNextWarping/AnimNextWarping.uplugin" 231
"../../../Engine/Plugins/VirtualProduction/VirtualScouting/VirtualScouting.uplugin" 232
"../../../Engine/Plugins/Experimental/AutomationUtils/AutomationUtils.uplugin" 233
"../../../Engine/Plugins/Experimental/AsyncMessageSystemTests/AsyncMessageSystemTests.uplugin" 234
"../../../Engine/Plugins/Experimental/AvalancheDisplayCluster/AvalancheDisplayCluster.uplugin" 235
"../../../Engine/Plugins/Experimental/AsyncMessageSystem/AsyncMessageSystem.uplugin" 236
"../../../Engine/Plugins/VirtualProduction/Switchboard/Switchboard.uplugin" 237
"../../../Engine/Plugins/Experimental/AvalancheDataLink/AvalancheDataLink.uplugin" 238
"../../../Engine/Plugins/Experimental/AvalancheSceneState/AvalancheSceneState.uplugin" 239
"../../../Engine/Plugins/Experimental/AnimNextStateTree/AnimNextStateTree.uplugin" 240
"../../../Engine/Plugins/Experimental/BackChannel/BackChannel.uplugin" 241
"../../../Engine/Plugins/Experimental/AvalancheSequenceNavigator/AvalancheSequenceNavigator.uplugin" 242
"../../../Engine/Plugins/Experimental/ChaosEditor/ChaosEditor.uplugin" 243
"../../../Engine/Plugins/Experimental/ChaosModularVehicle/ChaosModularVehicle.uplugin" 244
"../../../Engine/Plugins/Experimental/ChaosModularVehicleExamples/ChaosModularVehicleExamples.uplugin" 245
"../../../Engine/Plugins/Experimental/BlueprintSnapNodes/BlueprintSnapNodes.uplugin" 246
"../../../Engine/Plugins/Experimental/ChaosNiagara/ChaosNiagara.uplugin" 247
"../../../Engine/Plugins/Experimental/BlueprintStats/BlueprintStats.uplugin" 248
"../../../Engine/Plugins/Experimental/ChaosOutfitAsset/ChaosOutfitAsset.uplugin" 249
"../../../Engine/Plugins/Experimental/ChaosSolverPlugin/ChaosSolverPlugin.uplugin" 250
"../../../Engine/Plugins/Experimental/Buoyancy/Buoyancy.uplugin" 251
"../../../Engine/Plugins/Experimental/ChaosUserDataPT/ChaosUserDataPT.uplugin" 252
"../../../Engine/Plugins/Experimental/CelestialVault/CelestialVault.uplugin" 253
"../../../Engine/Plugins/Experimental/ChaosCaching/ChaosCaching.uplugin" 254
"../../../Engine/Plugins/Experimental/ChaosClothEditor/ChaosClothEditor.uplugin" 255
"../../../Engine/Plugins/Experimental/CodeEditor/CodeEditor.uplugin" 256
"../../../Engine/Plugins/Experimental/ChaosFlesh/ChaosFlesh.uplugin" 257
"../../../Engine/Plugins/Experimental/CommonConversation/CommonConversation.uplugin" 258
"../../../Engine/Plugins/Experimental/ColorCorrectRegions/ColorCorrectRegions.uplugin" 259
"../../../Engine/Plugins/Experimental/DataLinkOAuth/DataLinkOAuth.uplugin" 260
"../../../Engine/Plugins/Experimental/AnimNext/AnimNext.uplugin" 261
"../../../Engine/Plugins/Experimental/DataLink/DataLink.uplugin" 262
"../../../Engine/Plugins/Experimental/DaySequence/DaySequence.uplugin" 263
"../../../Engine/Plugins/Experimental/ChaosVehiclesPlugin/ChaosVehiclesPlugin.uplugin" 264
"../../../Engine/Plugins/Experimental/DefaultInstallBundleManager/DefaultInstallBundleManager.uplugin" 265
"../../../Engine/Plugins/Experimental/DynamicMaterialMediaStreamBridge/DynamicMaterialMediaStreamBridge.uplugin" 266
"../../../Engine/Plugins/Experimental/EditorDataStorage/EditorDataStorage.uplugin" 267
"../../../Engine/Plugins/Experimental/CharacterAI/CharacterAI.uplugin" 268
"../../../Engine/Plugins/Experimental/EditorPerformance/EditorPerformance.uplugin" 269
"../../../Engine/Plugins/Experimental/ControlFlows/ControlFlows.uplugin" 270
"../../../Engine/Plugins/Experimental/EvaluationNotifies/EvaluationNotifies.uplugin" 271
"../../../Engine/Plugins/Experimental/FieldSystemPlugin/FieldSystemPlugin.uplugin" 272
"../../../Engine/Plugins/Experimental/ChaosCachingUSD/ChaosCachingUSD.uplugin" 273
"../../../Engine/Plugins/Experimental/Fracture/Fracture.uplugin" 274
"../../../Engine/Plugins/Experimental/FloatingProperties/FloatingProperties.uplugin" 275
"../../../Engine/Plugins/Experimental/FastGeoStreaming/FastGeoStreaming.uplugin" 276
"../../../Engine/Plugins/Experimental/FullBodyIK/FullBodyIK.uplugin" 277
"../../../Engine/Plugins/Experimental/CineCameraRigs/CineCameraRigs.uplugin" 278
"../../../Engine/Plugins/Experimental/GameplayTargetingSystem/TargetingSystem.uplugin" 279
"../../../Engine/Plugins/Experimental/GeometryCacheAbcFile/GeometryCacheAbcFile.uplugin" 280
"../../../Engine/Plugins/Experimental/CinematicPrestreaming/CinematicPrestreaming.uplugin" 281
"../../../Engine/Plugins/Experimental/Gauntlet/Gauntlet.uplugin" 282
"../../../Engine/Plugins/Experimental/CodeView/CodeView.uplugin" 283
"../../../Engine/Plugins/Experimental/GeometryCacheLevelSequenceBaker/GeometryCacheLevelSequenceBaker.uplugin" 284
"../../../Engine/Plugins/Experimental/ChaosMover/ChaosMover.uplugin" 285
"../../../Engine/Plugins/Experimental/Dataflow/Dataflow.uplugin" 286
"../../../Engine/Plugins/Experimental/GeometryCollectionPlugin/GeometryCollectionPlugin.uplugin" 287
"../../../Engine/Plugins/Experimental/EditorTelemetry/EditorTelemetry.uplugin" 288
"../../../Engine/Plugins/Experimental/CineCameraSceneCapture/CineCameraSceneCapture.uplugin" 289
"../../../Engine/Plugins/Experimental/GeometryDataflow/GeometryDataflow.uplugin" 290
"../../../Engine/Plugins/Experimental/GizmoFramework/GizmoFramework.uplugin" 291
"../../../Engine/Plugins/Experimental/GameInputWindows/GameInputWindows.uplugin" 292
"../../../Engine/Plugins/Experimental/GPULightmass/GPULightmass.uplugin" 293
"../../../Engine/Plugins/Experimental/HairCardGenerator/HairCardGenerator.uplugin" 294
"../../../Engine/Plugins/Experimental/HairModelingToolset/HairModelingToolset.uplugin" 295
"../../../Engine/Plugins/Experimental/GameplayBehaviors/GameplayBehaviors.uplugin" 296
"../../../Engine/Plugins/Experimental/EditorDataStorageFeatures/EditorDataStorageFeatures.uplugin" 297
"../../../Engine/Plugins/Experimental/HairStrandsMutable/HairStrandsMutable.uplugin" 298
"../../../Engine/Plugins/Experimental/ImagePlate/ImagePlate.uplugin" 299
"../../../Engine/Plugins/Experimental/ImageWidgets/ImageWidgets.uplugin" 300
"../../../Engine/Plugins/Experimental/GameplayGraph/GameplayGraph.uplugin" 301
"../../../Engine/Plugins/Experimental/InstanceDataObjectFixupTool/InstanceDataObjectFixupTool.uplugin" 302
"../../../Engine/Plugins/Experimental/GeometryFlow/GeometryFlow.uplugin" 303
"../../../Engine/Plugins/Experimental/JWT/JWT.uplugin" 304
"../../../Engine/Plugins/Experimental/GizmoEdMode/GizmoEdMode.uplugin" 305
"../../../Engine/Plugins/Experimental/InteractionInterface/InteractionInterface.uplugin" 306
"../../../Engine/Plugins/Experimental/Iris/Iris.uplugin" 307
"../../../Engine/Plugins/Experimental/LandscapePatch/LandscapePatch.uplugin" 308
"../../../Engine/Plugins/Experimental/LevelSequenceNavigatorBridge/LevelSequenceNavigatorBridge.uplugin" 309
"../../../Engine/Plugins/Experimental/ImpostorBaker/ImpostorBaker.uplugin" 310
"../../../Engine/Plugins/Experimental/LiveLinkOpenVR/LiveLinkOpenVR.uplugin" 311
"../../../Engine/Plugins/Experimental/InlineMaterialInstance/InlineMaterialInstance.uplugin" 312
"../../../Engine/Plugins/Experimental/LearningAgents/LearningAgents.uplugin" 313
"../../../Engine/Plugins/Experimental/LowLevelNetTrace/LowLevelNetTrace.uplugin" 314
"../../../Engine/Plugins/Experimental/MeshModelingToolsetExp/MeshModelingToolsetExp.uplugin" 315
"../../../Engine/Plugins/Experimental/MediaViewer/MediaViewer.uplugin" 316
"../../../Engine/Plugins/Experimental/MLflow/MLflow.uplugin" 317
"../../../Engine/Plugins/Experimental/LiveLinkFaceImporter/LiveLinkFaceImporter.uplugin" 318
"../../../Engine/Plugins/Experimental/MotoSynth/MotoSynth.uplugin" 319
"../../../Engine/Plugins/Experimental/LocalizableMessage/LocalizableMessage.uplugin" 320
"../../../Engine/Plugins/Experimental/Mover/Mover.uplugin" 321
"../../../Engine/Plugins/Experimental/LiveLinkControlRig/LiveLinkControlRig.uplugin" 322
"../../../Engine/Plugins/Experimental/MoverAnimNext/MoverAnimNext.uplugin" 323
"../../../Engine/Plugins/Experimental/MediaStream/MediaStream.uplugin" 324
"../../../Engine/Plugins/Experimental/MoverIntegrations/MoverIntegrations.uplugin" 325
"../../../Engine/Plugins/Experimental/MeshResizing/MeshResizing.uplugin" 326
"../../../Engine/Plugins/Experimental/MoverTests/MoverTests.uplugin" 327
"../../../Engine/Plugins/Experimental/Landmass/Landmass.uplugin" 328
"../../../Engine/Plugins/Experimental/MovieSceneAnimMixer/MovieSceneAnimMixer.uplugin" 329
"../../../Engine/Plugins/Experimental/MutableClothing/MutableClothing.uplugin" 330
"../../../Engine/Plugins/Experimental/MotorSimOutputMotoSynth/MotorSimOutputMotoSynth.uplugin" 331
"../../../Engine/Plugins/Experimental/MutablePopulation/MutablePopulation.uplugin" 332
"../../../Engine/Plugins/Experimental/NeuralRendering/NeuralRendering.uplugin" 333
"../../../Engine/Plugins/Experimental/MetasoundExperimental/MetasoundExperimental.uplugin" 334
"../../../Engine/Plugins/Experimental/MovieScenePoseSearchTracks/MovieScenePoseSearchTracks.uplugin" 335
"../../../Engine/Plugins/Experimental/NNERuntimeCoreML/NNERuntimeCoreML.uplugin" 336
"../../../Engine/Plugins/Experimental/NNERuntimeIREE/NNERuntimeIREE.uplugin" 337
"../../../Engine/Plugins/Experimental/NNERuntimeRDG/NNERuntimeRDG.uplugin" 338
"../../../Engine/Plugins/Experimental/OptiXDenoise/OptiXDenoise.uplugin" 339
"../../../Engine/Plugins/Experimental/PCGBiomeCore/PCGBiomeCore.uplugin" 340
"../../../Engine/Plugins/Experimental/NNERuntimeBasicCpu/NNERuntimeBasicCpu.uplugin" 341
"../../../Engine/Plugins/Experimental/PanoramicCapture/PanoramicCapture.uplugin" 342
"../../../Engine/Plugins/Experimental/OpenImageDenoise/OpenImageDenoise.uplugin" 343
"../../../Engine/Plugins/Experimental/NaniteDisplacedMesh/NaniteDisplacedMesh.uplugin" 344
"../../../Engine/Plugins/Experimental/NFORDenoise/NFORDenoise.uplugin" 345
"../../../Engine/Plugins/Experimental/PlainPropsUObject/PlainPropsUObject.uplugin" 346
"../../../Engine/Plugins/Experimental/PlanarCutPlugin/PlanarCut.uplugin" 347
"../../../Engine/Plugins/Experimental/PCGBiomeSample/PCGBiomeSample.uplugin" 348
"../../../Engine/Plugins/Experimental/PluginAudit/PluginAudit.uplugin" 349
"../../../Engine/Plugins/Experimental/PluginReferenceViewer/PluginReferenceViewer.uplugin" 350
"../../../Engine/Plugins/Experimental/PlatformCrypto/PlatformCrypto.uplugin" 351
"../../../Engine/Plugins/Experimental/PostProcessMaterialChainGraph/PostProcessMaterialChainGraph.uplugin" 352
"../../../Engine/Plugins/Experimental/MoverExamples/MoverExamples.uplugin" 353
"../../../Engine/Plugins/Experimental/PluginTemplateTool/PluginTemplateTool.uplugin" 354
"../../../Engine/Plugins/Experimental/PSDImporter/PSDImporter.uplugin" 355
"../../../Engine/Plugins/Experimental/PlainProps/PlainProps.uplugin" 356
"../../../Engine/Plugins/Experimental/PythonFoundationPackages/PythonFoundationPackages.uplugin" 357
"../../../Engine/Plugins/Experimental/RawInput/RawInput.uplugin" 358
"../../../Engine/Plugins/Experimental/PSDImporterMaterialDesignerBridge/PSDImporterMaterialDesignerBridge.uplugin" 359
"../../../Engine/Plugins/Experimental/RazerChromaDevices/RazerChromaDevices.uplugin" 360
"../../../Engine/Plugins/Experimental/QuicMessaging/QuicMessaging.uplugin" 361
"../../../Engine/Plugins/Experimental/RemoteControlComponents/RemoteControlComponents.uplugin" 362
"../../../Engine/Plugins/Experimental/PythonScriptPlugin/PythonScriptPlugin.uplugin" 363
"../../../Engine/Plugins/Experimental/PixelStreamingPlayer/PixelStreamingPlayer.uplugin" 364
"../../../Engine/Plugins/Experimental/RemoteSession/RemoteSession.uplugin" 365
"../../../Engine/Plugins/Experimental/RenderGrid/RenderGrid.uplugin" 366
"../../../Engine/Plugins/Experimental/RigLogicAnimNext/RigLogicAnimNext.uplugin" 367
"../../../Engine/Plugins/Experimental/SequenceNavigator/SequenceNavigator.uplugin" 368
"../../../Engine/Plugins/Experimental/SimpleHMD/SimpleHMD.uplugin" 369
"../../../Engine/Plugins/Experimental/RigLogicMutable/RigLogicMutable.uplugin" 370
"../../../Engine/Plugins/Experimental/SceneState/SceneState.uplugin" 371
"../../../Engine/Plugins/Experimental/PhysicsControl/PhysicsControl.uplugin" 372
"../../../Engine/Plugins/Experimental/RuntimeTelemetry/RuntimeTelemetry.uplugin" 373
"../../../Engine/Plugins/Experimental/Shotgrid/Shotgrid.uplugin" 374
"../../../Engine/Plugins/Experimental/ScreenReader/ScreenReader.uplugin" 375
"../../../Engine/Plugins/Experimental/SecuritySandbox/SecuritySandbox.uplugin" 376
"../../../Engine/Plugins/Experimental/SerializationUtils/SerializationUtils.uplugin" 377
"../../../Engine/Plugins/Experimental/SlateModelViewViewModel/SlateModelViewViewModel.uplugin" 378
"../../../Engine/Plugins/Experimental/SpatialReadiness/SpatialReadiness.uplugin" 379
"../../../Engine/Plugins/Experimental/SlateIM/SlateIM.uplugin" 380
"../../../Engine/Plugins/Experimental/StateGraph/StateGraph.uplugin" 381
"../../../Engine/Plugins/Experimental/SlateScreenReader/SlateScreenReader.uplugin" 382
"../../../Engine/Plugins/Experimental/SVGImporter/SVGImporter.uplugin" 383
"../../../Engine/Plugins/Experimental/SurfaceEffects/SurfaceEffects.uplugin" 384
"../../../Engine/Plugins/Experimental/SubtitlesAndClosedCaptions/SubtitlesAndClosedCaptions.uplugin" 385
"../../../Engine/Plugins/Experimental/SkeletalReduction/SkeletalReduction.uplugin" 386
"../../../Engine/Plugins/Experimental/TechAudioTools/TechAudioTools.uplugin" 387
"../../../Engine/Plugins/Experimental/TextToSpeech/TextToSpeech.uplugin" 388
"../../../Engine/Plugins/Experimental/ToolPresets/ToolPresets.uplugin" 389
"../../../Engine/Plugins/Experimental/StructUtils/StructUtils.uplugin" 390
"../../../Engine/Plugins/Experimental/VirtualHeightfieldMesh/VirtualHeightfieldMesh.uplugin" 391
"../../../Engine/Plugins/Experimental/Tensorboard/Tensorboard.uplugin" 392
"../../../Engine/Plugins/Experimental/UIFramework/UIFramework.uplugin" 393
"../../../Engine/Plugins/Experimental/SubmitToolEditor/SubmitToolEditor.uplugin" 394
"../../../Engine/Plugins/Experimental/WaterExtras/WaterExtras.uplugin" 395
"../../../Engine/Plugins/Experimental/TextureMediaPlayer/TextureMediaPlayer.uplugin" 396
"../../../Engine/Plugins/Experimental/Water/Water.uplugin" 397
"../../../Engine/Plugins/Experimental/TetMeshing/TetMeshing.uplugin" 398
"../../../Engine/Plugins/Experimental/Text3D/Text3D.uplugin" 399
"../../../Engine/Plugins/Experimental/WebSocketNetworking/WebSocketNetworking.uplugin" 400
"../../../Engine/Plugins/Media/AjaMedia/AjaMedia.uplugin" 401
"../../../Engine/Plugins/Experimental/XRCreativeFramework/XRCreativeFramework.uplugin" 402
"../../../Engine/Plugins/Experimental/TargetDeviceServicesScripting/TargetDeviceServicesScripting.uplugin" 403
"../../../Engine/Plugins/Media/AppleProResMedia/AppleProResMedia.uplugin" 404
"../../../Engine/Plugins/Experimental/UserToolBoxBasicCommand/UserToolBoxBasicCommand.uplugin" 405
"../../../Engine/Plugins/Experimental/VirtualProductionUtilities/VirtualProductionUtilities.uplugin" 406
"../../../Engine/Plugins/Media/AvidDNxHDDecoderElectra/AvidDNxHDDecoderElectra.uplugin" 407
"../../../Engine/Plugins/Media/AndroidCamera/AndroidCamera.uplugin" 408
"../../../Engine/Plugins/Media/AppleProResDecoderElectra/AppleProResDecoderElectra.uplugin" 409
"../../../Engine/Plugins/Media/AndroidMedia/AndroidMedia.uplugin" 410
"../../../Engine/Plugins/Media/AudioCaptureTimecodeProvider/AudioCaptureTimecodeProvider.uplugin" 411
"../../../Engine/Plugins/Media/AvfMedia/AvfMedia.uplugin" 412
"../../../Engine/Plugins/Experimental/WebSocketMessaging/WebSocketMessaging.uplugin" 413
"../../../Engine/Plugins/Media/D3D12VideoDecodersElectra/D3D12VideoDecodersElectra.uplugin" 414
"../../../Engine/Plugins/Experimental/WaveFunctionCollapse/WaveFunctionCollapse.uplugin" 415
"../../../Engine/Plugins/Media/ElectraPlayer/ElectraPlayer.uplugin" 416
"../../../Engine/Plugins/Experimental/WaterAdvanced/WaterAdvanced.uplugin" 417
"../../../Engine/Plugins/Media/ElectraUtil/ElectraUtil.uplugin" 418
"../../../Engine/Plugins/Experimental/WidgetEditorToolPalette/WidgetEditorToolPalette.uplugin" 419
"../../../Engine/Plugins/Media/ElectraCodecs/ElectraCodecs.uplugin" 420
"../../../Engine/Plugins/Experimental/Workspace/Workspace.uplugin" 421
"../../../Engine/Plugins/Media/HAPDecoderElectra/HAPDecoderElectra.uplugin" 422
"../../../Engine/Plugins/Media/ElectraSubtitles/ElectraSubtitles.uplugin" 423
"../../../Engine/Plugins/Media/HAPMedia/HAPMedia.uplugin" 424
"../../../Engine/Plugins/Media/ElectraCDM/ElectraCDM.uplugin" 425
"../../../Engine/Plugins/Media/BlackmagicMedia/BlackmagicMedia.uplugin" 426
"../../../Engine/Plugins/Media/HardwareEncoders/HardwareEncoders.uplugin" 427
"../../../Engine/Plugins/Media/FlacDecoderElectra/FlacDecoderElectra.uplugin" 428
"../../../Engine/Plugins/Media/BinkMedia/BinkMedia.uplugin" 429
"../../../Engine/Plugins/Experimental/UserToolBoxCore/UserToolBoxCore.uplugin" 430
"../../../Engine/Plugins/Media/LinearTimecode/LinearTimecode.uplugin" 431
"../../../Engine/Plugins/Experimental/Volumetrics/Volumetrics.uplugin" 432
"../../../Engine/Plugins/Media/ImgMedia/ImgMedia.uplugin" 433
"../../../Engine/Plugins/Media/MediaIOFramework/MediaIOFramework.uplugin" 434
"../../../Engine/Plugins/Media/MediaPlayerEditor/MediaPlayerEditor.uplugin" 435
"../../../Engine/Plugins/Media/MediaCompositing/MediaCompositing.uplugin" 436
"../../../Engine/Plugins/Media/NDIMedia/NDIMedia.uplugin" 437
"../../../Engine/Plugins/Media/MediaPlate/MediaPlate.uplugin" 438
"../../../Engine/Plugins/Media/MediaFrameworkUtilities/MediaFrameworkUtilities.uplugin" 439
"../../../Engine/Plugins/Media/PixelStreaming/PixelStreaming.uplugin" 440
"../../../Engine/Plugins/Media/MfMedia/MfMedia.uplugin" 441
"../../../Engine/Plugins/Media/TimecodeSynchronizer/TimecodeSynchronizer.uplugin" 442
"../../../Engine/Plugins/Media/PixelStreaming2/PixelStreaming2.uplugin" 443
"../../../Engine/Plugins/Media/WebMMedia/WebMMedia.uplugin" 444
"../../../Engine/Plugins/MetaHuman/MetaHumanCalibrationProcessing/MetaHumanCalibrationProcessing.uplugin" 445
"../../../Engine/Plugins/MetaHuman/MetaHumanAnimator/MetaHuman.uplugin" 446
"../../../Engine/Plugins/Media/MediaMovieStreamer/MediaMovieStreamer.uplugin" 447
"../../../Engine/Plugins/Media/VPxDecoderElectra/VPxDecoderElectra.uplugin" 448
"../../../Engine/Plugins/Media/WmfMedia/WmfMedia.uplugin" 449
"../../../Engine/Plugins/Media/PixelCapture/PixelCapture.uplugin" 450
"../../../Engine/Plugins/MetaHuman/MetaHumanLiveLink/MetaHumanLiveLink.uplugin" 451
"../../../Engine/Plugins/NetcodeUnitTest/NetcodeUnitTest/NetcodeUnitTest.uplugin" 452
"../../../Engine/Plugins/MetaHuman/MetaHumanCharacter/MetaHumanCharacter.uplugin" 453
"../../../Engine/Plugins/Media/AvidDNxMedia/AvidDNxMedia.uplugin" 454
"../../../Engine/Plugins/PCGInterops/PCGExternalDataInterop/PCGExternalDataInterop.uplugin" 455
"../../../Engine/Plugins/MetaHuman/MetaHumanCoreTechLib/MetaHumanCoreTech.uplugin" 456
"../../../Engine/Plugins/MetaHuman/MetaHumanSDK/MetaHumanSDK.uplugin" 457
"../../../Engine/Plugins/Media/OpusDecoderElectra/OpusDecoderElectra.uplugin" 458
"../../../Engine/Plugins/PCGInterops/PCGGeometryScriptInterop/PCGGeometryScriptInterop.uplugin" 459
"../../../Engine/Plugins/Web/HttpBlueprint/HttpBlueprint.uplugin" 460
"../../../Engine/Plugins/NetcodeUnitTest/NUTUnrealEngine/NUTUnrealEngine.uplugin" 461
"../../../Engine/Plugins/Slate/SlateScripting/SlateScripting.uplugin" 462
"../../../Engine/Plugins/Slate/SlateInsights/SlateInsights.uplugin" 463
"../../../Engine/Plugins/Editor/AssetRegistryExport/AssetRegistryExport.uplugin" 464
"../../../Engine/Plugins/2D/Paper2D/Paper2D.uplugin" 465
"../../../Engine/Plugins/Editor/AssetSearch/AssetSearch.uplugin" 466
"../../../Engine/Plugins/Editor/BlueprintHeaderView/BlueprintHeaderView.uplugin" 467
"../../../Engine/Plugins/Editor/AssetManagerEditor/AssetManagerEditor.uplugin" 468
"../../../Engine/Plugins/Editor/BlueprintMaterialTextureNodes/BlueprintMaterialTextureNodes.uplugin" 469
"../../../Engine/Plugins/Editor/AssetReferenceRestrictions/AssetReferenceRestrictions.uplugin" 470
"../../../Engine/Plugins/Editor/ChangelistReview/ChangelistReview.uplugin" 471
"../../../Engine/Plugins/Editor/ColorGrading/ColorGrading.uplugin" 472
"../../../Engine/Plugins/Editor/CryptoKeys/CryptoKeys.uplugin" 473
"../../../Engine/Plugins/Editor/ConsoleVariablesEditor/ConsoleVariables.uplugin" 474
"../../../Engine/Plugins/Editor/DisplayClusterLaunch/DisplayClusterLaunch.uplugin" 475
"../../../Engine/Plugins/Editor/EditorScriptingUtilities/EditorScriptingUtilities.uplugin" 476
"../../../Engine/Plugins/Editor/EditorSysConfigAssistant/EditorSysConfigAssistant.uplugin" 477
"../../../Engine/Plugins/Editor/EditorDebugTools/EditorDebugTools.uplugin" 478
"../../../Engine/Plugins/Editor/DataValidation/DataValidation.uplugin" 479
"../../../Engine/Plugins/Editor/FacialAnimation/FacialAnimation.uplugin" 480
"../../../Engine/Plugins/Editor/GuidedTutorials/GuidedTutorials.uplugin" 481
"../../../Engine/Plugins/Editor/CurveEditorTools/CurveEditorTools.uplugin" 482
"../../../Engine/Plugins/Editor/GameplayTagsEditor/GameplayTagsEditor.uplugin" 483
"../../../Engine/Plugins/Editor/EngineAssetDefinitions/EngineAssetDefinitions.uplugin" 484
"../../../Engine/Plugins/Editor/LiveUpdateForSlate/LiveUpdateForSlate.uplugin" 485
"../../../Engine/Plugins/Editor/MacGraphicsSwitching/MacGraphicsSwitching.uplugin" 486
"../../../Engine/Plugins/Editor/MeshLODToolset/MeshLODToolset.uplugin" 487
"../../../Engine/Plugins/Editor/GeometryMode/GeometryMode.uplugin" 488
"../../../Engine/Plugins/Editor/ModelingToolsEditorMode/ModelingToolsEditorMode.uplugin" 489
"../../../Engine/Plugins/Editor/ScriptableToolsEditorMode/ScriptableToolsEditorMode.uplugin" 490
"../../../Engine/Plugins/Editor/ProxyLODPlugin/ProxyLODPlugin.uplugin" 491
"../../../Engine/Plugins/Editor/MaterialAnalyzer/MaterialAnalyzer.uplugin" 492
"../../../Engine/Plugins/Editor/StaticMeshEditorModeling/StaticMeshEditorModeling.uplugin" 493
"../../../Engine/Plugins/Editor/SequencerAnimTools/SequencerAnimTools.uplugin" 494
"../../../Engine/Plugins/Editor/SampleToolsEditorMode/SampleToolsEditorMode.uplugin" 495
"../../../Engine/Plugins/Editor/PluginBrowser/PluginBrowser.uplugin" 496
"../../../Engine/Plugins/Editor/ModelViewViewModelPreview/ModelViewViewModelPreview.uplugin" 497
"../../../Engine/Plugins/Editor/StylusInput/StylusInput.uplugin" 498
"../../../Engine/Plugins/Editor/MobileLauncherProfileWizard/MobileLauncherProfileWizard.uplugin" 499
"../../../Engine/Plugins/NNE/NNEDenoiser/NNEDenoiser.uplugin" 500
"../../../Engine/Plugins/Editor/MakeCookedEditorAsDLC/MakeCookedEditorAsDLC.uplugin" 501
"../../../Engine/Plugins/Editor/SpeedTreeImporter/SpeedTreeImporter.uplugin" 502
"../../../Engine/Plugins/Editor/UMGWidgetPreview/UMGWidgetPreview.uplugin" 503
"../../../Engine/Plugins/Editor/WorldPartitionHLODUtilities/WorldPartitionHLODUtilities.uplugin" 504
"../../../Engine/Plugins/Messaging/UdpMessaging/UdpMessaging.uplugin" 505
"../../../Engine/Plugins/NNE/NNERuntimeORT/NNERuntimeORT.uplugin" 506
"../../../Engine/Plugins/Runtime/ADM/ADM.uplugin" 507
"../../../Engine/Plugins/Editor/WaveformEditor/WaveformEditor.uplugin" 508
"../../../Engine/Plugins/Runtime/AndroidFileServer/AndroidFileServer.uplugin" 509
"../../../Engine/Plugins/Runtime/ActorLayerUtilities/ActorLayerUtilities.uplugin" 510
"../../../Engine/Plugins/Editor/UVEditor/UVEditor.uplugin" 511
"../../../Engine/Plugins/Importers/USDMultiUser/USDMultiUser.uplugin" 512
"../../../Engine/Plugins/Importers/AlembicHairImporter/AlembicHairImporter.uplugin" 513
"../../../Engine/Plugins/Performance/PerformanceMonitor/PerformanceMonitor.uplugin" 514
"../../../Engine/Plugins/Runtime/AndroidMoviePlayer/AndroidMoviePlayer.uplugin" 515
"../../../Engine/Plugins/Runtime/AndroidPermission/AndroidPermission.uplugin" 516
"../../../Engine/Plugins/Importers/AlembicImporter/AlembicImporter.uplugin" 517
"../../../Engine/Plugins/Performance/AutomatedPerfTesting/AutomatedPerfTesting.uplugin" 518
"../../../Engine/Plugins/Runtime/ApexDestruction/ApexDestruction.uplugin" 519
"../../../Engine/Plugins/Runtime/AppleMoviePlayer/AppleMoviePlayer.uplugin" 520
"../../../Engine/Plugins/Runtime/AnimationBudgetAllocator/AnimationBudgetAllocator.uplugin" 521
"../../../Engine/Plugins/Importers/USDImporter/USDImporter.uplugin" 522
"../../../Engine/Plugins/Runtime/AudioModulation/AudioModulation.uplugin" 523
"../../../Engine/Plugins/Runtime/AndroidBackgroundService/AndroidBackgroundService.uplugin" 524
"../../../Engine/Plugins/Runtime/AudioMotorSim/AudioMotorSim.uplugin" 525
"../../../Engine/Plugins/Messaging/MessagingDebugger/MessagingDebugger.uplugin" 526
"../../../Engine/Plugins/Runtime/AssetTags/AssetTags.uplugin" 527
"../../../Engine/Plugins/Importers/USDImporterMDL/USDImporterMDL.uplugin" 528
"../../../Engine/Plugins/Runtime/AudioCapture/AudioCapture.uplugin" 529
"../../../Engine/Plugins/Runtime/AudioWidgets/AudioWidgets.uplugin" 530
"../../../Engine/Plugins/Runtime/AndroidDeviceProfileSelector/AndroidDeviceProfileSelector.uplugin" 531
"../../../Engine/Plugins/Runtime/AudioSynesthesia/AudioSynesthesia.uplugin" 532
"../../../Engine/Plugins/Runtime/AppleImageUtils/AppleImageUtils.uplugin" 533
"../../../Engine/Plugins/Runtime/ChunkDownloader/ChunkDownloader.uplugin" 534
"../../../Engine/Plugins/Messaging/TcpMessaging/TcpMessaging.uplugin" 535
"../../../Engine/Plugins/Runtime/CustomMeshComponent/CustomMeshComponent.uplugin" 536
"../../../Engine/Plugins/Runtime/CableComponent/CableComponent.uplugin" 537
"../../../Engine/Plugins/Runtime/ArchVisCharacter/ArchVisCharacter.uplugin" 538
"../../../Engine/Plugins/Runtime/Firebase/Firebase.uplugin" 539
"../../../Engine/Plugins/Runtime/ExampleDeviceProfileSelector/ExampleDeviceProfileSelector.uplugin" 540
"../../../Engine/Plugins/Runtime/GameplayInteractions/GameplayInteractions.uplugin" 541
"../../../Engine/Plugins/Runtime/CommonUI/CommonUI.uplugin" 542
"../../../Engine/Plugins/Runtime/GameplayBehaviorSmartObjects/GameplayBehaviorSmartObjects.uplugin" 543
"../../../Engine/Plugins/Runtime/DataRegistry/DataRegistry.uplugin" 544
"../../../Engine/Plugins/Runtime/GameplayAbilities/GameplayAbilities.uplugin" 545
"../../../Engine/Plugins/Runtime/GameFeatures/GameFeatures.uplugin" 546
"../../../Engine/Plugins/Runtime/ComputeFramework/ComputeFramework.uplugin" 547
"../../../Engine/Plugins/Runtime/GeometryScripting/GeometryScripting.uplugin" 548
"../../../Engine/Plugins/Runtime/GameplayStateTree/GameplayStateTree.uplugin" 549
"../../../Engine/Plugins/Runtime/HairStrands/HairStrands.uplugin" 550
"../../../Engine/Plugins/Runtime/GoogleCloudMessaging/GoogleCloudMessaging.uplugin" 551
"../../../Engine/Plugins/Runtime/GeometryProcessing/GeometryProcessing.uplugin" 552
"../../../Engine/Plugins/Runtime/GooglePAD/GooglePAD.uplugin" 553
"../../../Engine/Plugins/Runtime/HDRIBackdrop/HDRIBackdrop.uplugin" 554
"../../../Engine/Plugins/Runtime/HTTPChunkInstaller/HTTPChunkInstaller.uplugin" 555
"../../../Engine/Plugins/Runtime/Harmonix/Harmonix.uplugin" 556
"../../../Engine/Plugins/Runtime/HPMotionController/HPMotionController.uplugin" 557
"../../../Engine/Plugins/Runtime/GameInput/GameInput.uplugin" 558
"../../../Engine/Plugins/Runtime/LevelStreamingPersistence/LevelStreamingPersistence.uplugin" 559
"../../../Engine/Plugins/Runtime/IOSDeviceProfileSelector/IOSDeviceProfileSelector.uplugin" 560
"../../../Engine/Plugins/Runtime/LinuxDeviceProfileSelector/LinuxDeviceProfileSelector.uplugin" 561
"../../../Engine/Plugins/Runtime/GeoReferencing/GeoReferencing.uplugin" 562
"../../../Engine/Plugins/Runtime/GeometryCache/GeometryCache.uplugin" 563
"../../../Engine/Plugins/Runtime/LocationServicesAndroidImpl/LocationServicesAndroidImpl.uplugin" 564
"../../../Engine/Plugins/Runtime/LocationServicesIOSImpl/LocationServicesIOSImpl.uplugin" 565
"../../../Engine/Plugins/Runtime/MassEntity/MassEntity.uplugin" 566
"../../../Engine/Plugins/Runtime/InputDebugging/InputDebugging.uplugin" 567
"../../../Engine/Plugins/Runtime/LocationServicesBPLibrary/LocationServicesBPLibrary.uplugin" 568
"../../../Engine/Plugins/Runtime/IOSReplayKit/IOSReplayKit.uplugin" 569
"../../../Engine/Plugins/Runtime/MeshModelingToolset/MeshModelingToolset.uplugin" 570
"../../../Engine/Plugins/Runtime/MicrosoftSpatialAudio/MicroSoftSpatialSound.uplugin" 571
"../../../Engine/Plugins/Runtime/MassGameplay/MassGameplay.uplugin" 572
"../../../Engine/Plugins/Runtime/InstancedActors/InstancedActors.uplugin" 573
"../../../Engine/Plugins/Runtime/ModelViewViewModel/ModelViewViewModel.uplugin" 574
"../../../Engine/Plugins/Runtime/MultiServerReplication/MultiServerReplication.uplugin" 575
"../../../Engine/Plugins/Runtime/Metasound/Metasound.uplugin" 576
"../../../Engine/Plugins/Runtime/MobilePatchingUtils/MobilePatchingUtils.uplugin" 577
"../../../Engine/Plugins/Runtime/MIDIDevice/MIDIDevice.uplugin" 578
"../../../Engine/Plugins/Runtime/MusicEnvironment/MusicEnvironment.uplugin" 579
"../../../Engine/Plugins/Runtime/MobileFSR/MobileFSR.uplugin" 580
"../../../Engine/Plugins/Runtime/NavCorridor/NavCorridor.uplugin" 581
"../../../Engine/Plugins/Runtime/MsQuic/MsQuic.uplugin" 582
"../../../Engine/Plugins/Runtime/ModularGameplay/ModularGameplay.uplugin" 583
"../../../Engine/Plugins/Runtime/nDisplayModularFeatures/nDisplayModularFeatures.uplugin" 584
"../../../Engine/Plugins/Runtime/nDisplay/nDisplay.uplugin" 585
"../../../Engine/Plugins/Runtime/MixedRealityCaptureFramework/MixedRealityCaptureFramework.uplugin" 586
"../../../Engine/Plugins/Runtime/OpenXRMsftHandInteraction/OpenXRMsftHandInteraction.uplugin" 587
"../../../Engine/Plugins/Runtime/OpenXREyeTracker/OpenXREyeTracker.uplugin" 588
"../../../Engine/Plugins/Runtime/OptionalMobileFeaturesBPLibrary/OptionalMobileFeaturesBPLibrary.uplugin" 589
"../../../Engine/Plugins/Runtime/NetworkPredictionExtras/NetworkPredictionExtras.uplugin" 590
"../../../Engine/Plugins/Runtime/OpenXRViveTracker/OpenXRViveTracker.uplugin" 591
"../../../Engine/Plugins/Runtime/OpenXRHandTracking/OpenXRHandTracking.uplugin" 592
"../../../Engine/Plugins/Runtime/NetworkPredictionInsights/NetworkPredictionInsights.uplugin" 593
"../../../Engine/Plugins/Runtime/PropertyBindingUtils/PropertyBindingUtils.uplugin" 594
"../../../Engine/Plugins/Runtime/PropertyAccess/PropertyAccessEditor.uplugin" 595
"../../../Engine/Plugins/Runtime/LiveLinkOvernDisplay/LiveLinkOverNDisplay.uplugin" 596
"../../../Engine/Plugins/Runtime/OSC/OSC.uplugin" 597
"../../../Engine/Plugins/Runtime/ProceduralMeshComponent/ProceduralMeshComponent.uplugin" 598
"../../../Engine/Plugins/Runtime/NetworkPrediction/NetworkPrediction.uplugin" 599
"../../../Engine/Plugins/Runtime/ReplicationGraph/ReplicationGraph.uplugin" 600
"../../../Engine/Plugins/Runtime/RenderTrace/RenderTrace.uplugin" 601
"../../../Engine/Plugins/Runtime/OpenXR/OpenXR.uplugin" 602
"../../../Engine/Plugins/Runtime/SignificanceManager/SignificanceManager.uplugin" 603
"../../../Engine/Plugins/Runtime/OpenCV/OpenCV.uplugin" 604
"../../../Engine/Plugins/Runtime/ScriptableToolsFramework/ScriptableToolsFramework.uplugin" 605
"../../../Engine/Plugins/Runtime/SkeletalMerging/SkeletalMerging.uplugin" 606
"../../../Engine/Plugins/Runtime/ReplicationSystemTestPlugin/ReplicationSystemTestPlugin.uplugin" 607
"../../../Engine/Plugins/Runtime/SmartObjects/SmartObjects.uplugin" 608
"../../../Engine/Plugins/Runtime/SoundCueTemplates/SoundCueTemplates.uplugin" 609
"../../../Engine/Plugins/Runtime/StateTree/StateTree.uplugin" 610
"../../../Engine/Plugins/Runtime/PreLoadScreenMoviePlayer/PreLoadScreenMoviePlayer.uplugin" 611
"../../../Engine/Plugins/Runtime/Soundscape/Soundscape.uplugin" 612
"../../../Engine/Plugins/Runtime/RigVM/RigVM.uplugin" 613
"../../../Engine/Plugins/Runtime/SunPosition/SunPosition.uplugin" 614
"../../../Engine/Plugins/Runtime/USDCore/USDCore.uplugin" 615
"../../../Engine/Plugins/Runtime/SoundFields/SoundFields.uplugin" 616
"../../../Engine/Plugins/Runtime/WarpUtils/WarpUtils.uplugin" 617
"../../../Engine/Plugins/Runtime/WebBrowserWidget/WebBrowserWidget.uplugin" 618
"../../../Engine/Plugins/Runtime/SoundMod/SoundMod.uplugin" 619
"../../../Engine/Plugins/Runtime/WaveTable/WaveTable.uplugin" 620
"../../../Engine/Plugins/Runtime/Synthesis/Synthesis.uplugin" 621
"../../../Engine/Plugins/Runtime/WebBrowserNativeProxy/WebBrowserNativeProxy.uplugin" 622
"../../../Engine/Plugins/Runtime/WindowsDeviceProfileSelector/WindowsDeviceProfileSelector.uplugin" 623
"../../../Engine/Plugins/Runtime/ResonanceAudio/ResonanceAudio.uplugin" 624
"../../../Engine/Plugins/Runtime/WindowsMoviePlayer/WindowsMoviePlayer.uplugin" 625
"../../../Engine/Plugins/Runtime/SoundUtilities/SoundUtilities.uplugin" 626
"../../../Engine/Plugins/Runtime/WebMMoviePlayer/WebMMoviePlayer.uplugin" 627
"../../../Engine/Plugins/Runtime/XRBase/XRBase.uplugin" 628
"../../../Engine/Plugins/Runtime/ZoneGraph/ZoneGraph.uplugin" 629
"../../../Engine/Plugins/Runtime/ZoneGraphAnnotations/ZoneGraphAnnotations.uplugin" 630
"../../../Engine/Plugins/Runtime/WorldConditions/WorldConditions.uplugin" 631
"../../../Engine/Plugins/Interchange/Extensions/OpenUSD/InterchangeOpenUSD.uplugin" 632
"../../../Engine/Plugins/Interchange/Extensions/OpenVDB/InterchangeOpenVDB.uplugin" 633
"../../../Engine/Plugins/Online/Android/AndroidFetchBackgroundDownload/AndroidFetchBackgroundDownload.uplugin" 634
"../../../Engine/Plugins/Experimental/Animation/ContextualAnimation/ContextualAnimation.uplugin" 635
"../../../Engine/Plugins/Experimental/Animation/HierarchyTable/HierarchyTable.uplugin" 636
"../../../Engine/Plugins/Experimental/Animation/HierarchyTableAnimation/HierarchyTableAnimation.uplugin" 637
"../../../Engine/Plugins/Developer/Concert/ConcertMain/ConcertMain.uplugin" 638
"../../../Engine/Plugins/Experimental/Animation/Locomotor/Locomotor.uplugin" 639
"../../../Engine/Plugins/Experimental/Animation/RigMapper/RigMapper.uplugin" 640
"../../../Engine/Plugins/Runtime/Spatialization/Spatialization.uplugin" 641
"../../../Engine/Plugins/Experimental/Animation/Optimus/Optimus.uplugin" 642
"../../../Engine/Plugins/Online/Android/OnlineSubsystemGooglePlay/OnlineSubsystemGooglePlay.uplugin" 643
"../../../Engine/Plugins/Experimental/Animation/MotionTrajectory/MotionTrajectory.uplugin" 644
"../../../Engine/Plugins/Experimental/Animation/PackedAttributes/PackedAttributes.uplugin" 645
"../../../Engine/Plugins/Experimental/Animation/SkeletalMeshMorphTargetEditingTools/SkeletalMeshMorphTargetEditingTools.uplugin" 646
"../../../Engine/Plugins/Experimental/AVCodecs/AMFCodecs/AMFCodecs.uplugin" 647
"../../../Engine/Plugins/Experimental/AVCodecs/NVCodecs/NVCodecs.uplugin" 648
"../../../Engine/Plugins/Experimental/Animation/TrajectoryTools/TrajectoryTools.uplugin" 649
"../../../Engine/Plugins/Experimental/AVCodecs/VTCodecs/VTCodecs.uplugin" 650
"../../../Engine/Plugins/Experimental/Animation/CurveExpression/CurveExpression.uplugin" 651
"../../../Engine/Plugins/Experimental/AVCodecs/AVCodecsCore/AVCodecsCore.uplugin" 652
"../../../Engine/Plugins/Animation/MLDeformer/MLDeformerFramework/MLDeformerFramework.uplugin" 653
"../../../Engine/Plugins/Animation/MLDeformer/ChaosClothGenerator/ChaosClothGenerator.uplugin" 654
"../../../Engine/Plugins/Animation/MLDeformer/ChaosFleshGenerator/ChaosFleshGenerator.uplugin" 655
"../../../Engine/Plugins/Experimental/AVCodecs/LibVpxCodecs/LibVpxCodecs.uplugin" 656
"../../../Engine/Plugins/Experimental/Animation/SkeletonTemplateFramework/SkeletonTemplateFramework.uplugin" 657
"../../../Engine/Plugins/Animation/MLDeformer/NeuralMorphModel/NeuralMorphModel.uplugin" 658
"../../../Engine/Plugins/Experimental/VirtualProduction/LedWallCalibration/LedWallCalibration.uplugin" 659
"../../../Engine/Plugins/Experimental/VirtualProduction/VPRoles/VPRoles.uplugin" 660
"../../../Engine/Plugins/Experimental/AVCodecs/WMFCodecs/WMFCodecs.uplugin" 661
"../../../Engine/Plugins/Experimental/CharacterFXEditor/BaseCharacterFXEditor/BaseCharacterFXEditor.uplugin" 662
"../../../Engine/Plugins/Runtime/Advertising/IOSTapJoy/IOSTapJoy.uplugin" 663
"../../../Engine/Plugins/Animation/MLDeformer/NearestNeighborModel/NearestNeighborModel.uplugin" 664
"../../../Engine/Plugins/VirtualProduction/DMX/DMXControlConsole/DMXControlConsole.uplugin" 665
"../../../Engine/Plugins/Online/IOS/OnlineSubsystemIOS/OnlineSubsystemIOS.uplugin" 666
"../../../Engine/Plugins/Experimental/CharacterFXEditor/ExampleCharacterFXEditor/ExampleCharacterFXEditor.uplugin" 667
"../../../Engine/Plugins/VirtualProduction/DMX/DMXDisplayCluster/DMXDisplayCluster.uplugin" 668
"../../../Engine/Plugins/VirtualProduction/DMX/DMXGDTF/DMXGDTF.uplugin" 669
"../../../Engine/Plugins/Animation/MLDeformer/VertexDeltaModel/VertexDeltaModel.uplugin" 670
"../../../Engine/Plugins/VirtualProduction/DMX/DatasmithMVR/DatasmithMVR.uplugin" 671
"../../../Engine/Plugins/VirtualProduction/DMX/DMXModularFeatures/DMXModularFeatures.uplugin" 672
"../../../Engine/Plugins/Experimental/Enterprise/DatasmithRuntime/DatasmithRuntime.uplugin" 673
"../../../Engine/Plugins/Experimental/Enterprise/DataprepGeometryOperations/DataprepGeometryOperations.uplugin" 674
"../../../Engine/Plugins/Experimental/VirtualProduction/VPSettings/VPSettings.uplugin" 675
"../../../Engine/Plugins/Experimental/Enterprise/DatasmithInterchange/DatasmithInterchange.uplugin" 676
"../../../Engine/Plugins/VirtualProduction/DMX/DMXEngine/DMXEngine.uplugin" 677
"../../../Engine/Plugins/VirtualProduction/DMX/DMXPixelMapping/DMXPixelMapping.uplugin" 678
"../../../Engine/Plugins/Experimental/MetaHuman/MetaHumanRuntime/MetaHumanRuntime.uplugin" 679
"../../../Engine/Plugins/Runtime/XR/XRScribe/XRScribe.uplugin" 680
"../../../Engine/Plugins/VirtualProduction/DMX/DMXFixtures/DMXFixtures.uplugin" 681
"../../../Engine/Plugins/Runtime/Steam/SteamAudio/SteamAudio.uplugin" 682
"../../../Engine/Plugins/Runtime/Steam/SteamController/SteamController.uplugin" 683
"../../../Engine/Plugins/Runtime/MeshReconstruction/DummyMeshReconstructor/DummyMeshReconstructor.uplugin" 684
"../../../Engine/Plugins/Experimental/Compositing/HoldoutComposite/HoldoutComposite.uplugin" 685
"../../../Engine/Plugins/Experimental/Compositing/CompositeCore/CompositeCore.uplugin" 686
"../../../Engine/Plugins/VirtualProduction/DMX/DMXProtocol/DMXProtocol.uplugin" 687
"../../../Engine/Plugins/Runtime/PacketHandlers/AESGCMHandlerComponent/AESGCMHandlerComponent.uplugin" 688
"../../../Engine/Plugins/Runtime/PacketHandlers/AESHandlerComponent/AESHandlerComponent.uplugin" 689
"../../../Engine/Plugins/Runtime/Steam/SteamShared/SteamShared.uplugin" 690
"../../../Engine/Plugins/Runtime/Steam/SteamSockets/SteamSockets.uplugin" 691
"../../../Engine/Plugins/Runtime/PacketHandlers/DTLSHandlerComponent/DTLSHandlerComponent.uplugin" 692
"../../../Engine/Plugins/Runtime/AR/ARUtilities/ARUtilities.uplugin" 693
"../../../Engine/Plugins/Runtime/Database/ADOSupport/ADOSupport.uplugin" 694
"../../../Engine/Plugins/Runtime/Database/RemoteDatabaseSupport/RemoteDatabaseSupport.uplugin" 695
"../../../Engine/Plugins/Runtime/Database/DatabaseSupport/DatabaseSupport.uplugin" 696
"../../../Engine/Plugins/Runtime/Database/SQLiteCore/SQLiteCore.uplugin" 697
"../../../Engine/Plugins/Runtime/XR/XRVisualization/XRVisualization.uplugin" 698
"../../../Engine/Plugins/Runtime/Windows/WinDualShock/WinDualShock.uplugin" 699
"../../../Engine/Plugins/Runtime/Windows/XInputDevice/XInputDevice.uplugin" 700
"../../../Engine/Plugins/Experimental/PCGInterops/PCGNiagaraInterop/PCGNiagaraInterop.uplugin" 701
"../../../Engine/Plugins/Runtime/Nvidia/GeForceNOWWrapper/GeForceNOWWrapper.uplugin" 702
"../../../Engine/Plugins/Editor/ContentBrowser/ContentBrowserAliasDataSource/ContentBrowserAliasDataSource.uplugin" 703
"../../../Engine/Plugins/Experimental/Web/WebAPI/WebAPI.uplugin" 704
"../../../Engine/Plugins/Editor/ContentBrowser/ContentBrowserFileDataSource/ContentBrowserFileDataSource.uplugin" 705
"../../../Engine/Plugins/Runtime/Nvidia/Reflex/Reflex.uplugin" 706
"../../../Engine/Plugins/Runtime/Database/SQLiteSupport/SQLiteSupport.uplugin" 707
"../../../Engine/Plugins/Online/VoiceChat/VoiceChat/VoiceChat.uplugin" 708
"../../../Engine/Plugins/Editor/ContentBrowser/ContentBrowserClassDataSource/ContentBrowserClassDataSource.uplugin" 709
"../../../Engine/Plugins/VirtualProduction/CaptureManager/CaptureManagerCore/CaptureManagerCore.uplugin" 710
"../../../Engine/Plugins/Experimental/PCGInterops/PCGInstancedActorsInterop/PCGInstancedActorsInterop.uplugin" 711
"../../../Engine/Plugins/VirtualProduction/CaptureManager/CaptureManagerApp/CaptureManagerApp.uplugin" 712
"../../../Engine/Plugins/VirtualProduction/Rivermax/RivermaxMedia/RivermaxMedia.uplugin" 713
"../../../Engine/Plugins/VirtualProduction/CaptureManager/CaptureManagerEditor/CaptureManagerEditor.uplugin" 714
"../../../Engine/Plugins/VirtualProduction/Rivermax/RivermaxSync/RivermaxSync.uplugin" 715
"../../../Engine/Plugins/Editor/ContentBrowser/ContentBrowserAssetDataSource/ContentBrowserAssetDataSource.uplugin" 716
"../../../Engine/Plugins/Editor/ObjectMixer/LightMixer/LightMixer.uplugin" 717
"../../../Engine/Plugins/Experimental/PCGInterops/PCGWaterInterop/PCGWaterInterop.uplugin" 718
"../../../Engine/Plugins/Runtime/Analytics/AnalyticsMulticast/AnalyticsMulticast.uplugin" 719
"../../../Engine/Plugins/Online/VoiceChat/EOSVoiceChat/EOSVoiceChat.uplugin" 720
"../../../Engine/Plugins/VirtualProduction/Rivermax/RivermaxCore/RivermaxCore.uplugin" 721
"../../../Engine/Plugins/Editor/Localization/PortableObjectFileDataSource/PortableObjectFileDataSource.uplugin" 722
"../../../Engine/Plugins/Runtime/Analytics/AnalyticsBlueprintLibrary/AnalyticsBlueprintLibrary.uplugin" 723
"../../../Engine/Plugins/VirtualProduction/CaptureManager/CaptureManagerDevices/CaptureManagerDevices.uplugin" 724
"../../../Engine/Plugins/Editor/ObjectMixer/ObjectMixer/ObjectMixer.uplugin" 725
"../../../Engine/Plugins/Runtime/Analytics/Adjust/Adjust.uplugin" 726
"../../../Engine/Plugins/Developer/Concert/ConcertSync/ConcertSyncTest/ConcertSyncTest.uplugin" 727
"../../../Engine/Plugins/Runtime/AR/Google/GoogleARCore/GoogleARCore.uplugin" 728
"../../../Engine/Plugins/Runtime/AR/AppleAR/AppleARKitFaceSupport/AppleARKitFaceSupport.uplugin" 729
"../../../Engine/Plugins/Developer/Concert/ConcertApp/DisasterRecoveryClient/DisasterRecoveryClient.uplugin" 730
"../../../Engine/Plugins/Developer/Concert/ConcertApp/MultiUserServer/MultiUserServer.uplugin" 731
"../../../Engine/Plugins/Developer/Concert/ConcertSync/ConcertSyncServer/ConcertSyncServer.uplugin" 732
"../../../Engine/Plugins/Runtime/AR/Google/GoogleARCoreServices/GoogleARCoreServices.uplugin" 733
"../../../Engine/Plugins/Developer/Concert/ConcertInsights/ConcertInsightsCore/ConcertInsightsCore.uplugin" 734
"../../../Engine/Plugins/Experimental/Animation/MLDeformer/DetailPoseModel/DetailPoseModel.uplugin" 735
"../../../Engine/Plugins/Developer/Concert/ConcertInsights/ConcertInsightsVisualizer/ConcertInsightsVisualizer.uplugin" 736
"../../../Engine/Plugins/Developer/Concert/ConcertScripting/ConcertReplicationScripting/ConcertReplicationScripting.uplugin" 737
"../../../Engine/Plugins/Runtime/AR/AppleAR/AppleARKit/AppleARKit.uplugin" 738
"../../../Engine/Plugins/Runtime/Analytics/FileLogging/FileLogging.uplugin" 739
"../../../Engine/Plugins/Developer/Concert/ConcertSync/ConcertSyncClient/ConcertSyncClient.uplugin" 740
"../../../Engine/Plugins/Developer/Concert/ConcertSync/ConcertSyncCore/ConcertSyncCore.uplugin" 741
"../../../Engine/Plugins/Developer/Concert/ConcertInsights/ConcertInsightsServer/ConcertInsightsServer.uplugin" 742
"../../../Engine/Plugins/Developer/Concert/ConcertUI/ConcertSharedSlate/ConcertSharedSlate.uplugin" 743
"../../../Engine/Plugins/Developer/Concert/ConcertInsights/ConcertInsightsClient/ConcertInsightsClient.uplugin" 744
"../../../Engine/Plugins/Developer/Concert/ConcertUI/ConcertClientSharedSlate/ConcertClientSharedSlate.uplugin" 745
"../../../Engine/Plugins/Developer/Concert/ConcertApp/MultiUserClient/MultiUserClient.uplugin" 746
"../../../Engine/Platforms/Android/Plugins/RigLogic/RigLogic_Android.uplugin" 747
"../../../Engine/Platforms/Android/Plugins/Animation/ACLPlugin/ACLPlugin_Android.uplugin" 748
"../../../Engine/Platforms/IOS/Plugins/RigLogic/RigLogic_IOS.uplugin" 749
"../../../Engine/Content/Internationalization/icudt64l/cnvalias.icu" 750
"../../../Engine/Content/Internationalization/icudt64l/res_index.res" 751
"../../../Engine/Content/Internationalization/icudt64l/plurals.res" 752
"../../../Engine/Content/Internationalization/icudt64l/lang/ru.res" 753
"../../../Engine/Content/Internationalization/icudt64l/lang/pool.res" 754
"../../../Engine/Content/Internationalization/icudt64l/lang/root.res" 755
"../../../Engine/Content/Internationalization/icudt64l/region/ru.res" 756
"../../../Engine/Content/Internationalization/icudt64l/region/pool.res" 757
"../../../Engine/Content/Internationalization/icudt64l/region/root.res" 758
"../../../Engine/Content/Internationalization/icudt64l/lang/en.res" 759
"../../../Engine/Content/Internationalization/icudt64l/region/en.res" 760
"../../../Engine/Content/Internationalization/icudt64l/windowsZones.res" 761
"../../../Engine/Content/Internationalization/icudt64l/zoneinfo64.res" 762
"../../../Engine/Content/Internationalization/icudt64l/keyTypeData.res" 763
"../../../Engine/Content/Internationalization/icudt64l/timezoneTypes.res" 764
"../../../Engine/Content/Internationalization/icudt64l/likelySubtags.res" 765
"../../../Engine/Content/Internationalization/icudt64l/ru_RU.res" 766
"../../../Engine/Content/Internationalization/icudt64l/pool.res" 767
"../../../Engine/Content/Internationalization/icudt64l/ru.res" 768
"../../../Engine/Content/Internationalization/icudt64l/root.res" 769
"../../../Engine/Content/Internationalization/icudt64l/supplementalData.res" 770
"../../../Engine/Config/ConfigRedirects.ini" 771
"C:/Users/PC/AppData/Local/UnrealEngine/5.6/Saved/Config/WindowsEditor/Manifest.ini" 772
"../../../Engine/Config/BaseEngine.ini" 773
"../../../Engine/Config/Windows/BaseWindowsEngine.ini" 774
"../../../../../../Projects/MyProject2/Config/DefaultEngine.ini" 775
"../../../Engine/Config/BaseGame.ini" 776
"../../../../../../Projects/MyProject2/Config/DefaultGame.ini" 777
"../../../Engine/Config/Windows/WindowsGame.ini" 778
"S:/Projects/MyProject2/Saved/Config/WindowsEditor/Game.ini" 779
"../../../Engine/Config/BaseInput.ini" 780
"../../../Engine/Config/Windows/BaseWindowsInput.ini" 781
"../../../../../../Projects/MyProject2/Config/DefaultInput.ini" 782
"../../../Engine/Config/Windows/WindowsInput.ini" 783
"../../../Engine/Config/BaseDeviceProfiles.ini" 784
"../../../Engine/Config/BaseGameUserSettings.ini" 785
"S:/Projects/MyProject2/Saved/Config/WindowsEditor/GameUserSettings.ini" 786
"../../../Engine/Config/BaseScalability.ini" 787
"../../../Engine/Config/BaseRuntimeOptions.ini" 788
"../../../Engine/Config/BaseInstallBundle.ini" 789
"../../../Engine/Config/BaseHardware.ini" 790
"../../../Engine/Config/BaseCompat.ini" 791
"../../../Engine/Config/BaseLightmass.ini" 792
"../../../Engine/Config/BaseEditor.ini" 793
"../../../../../../Projects/MyProject2/Config/DefaultEditor.ini" 794
"S:/Projects/MyProject2/Saved/Config/WindowsEditor/Editor.ini" 795
"../../../Engine/Config/BaseMaterialExpressions.ini" 796
"../../../Engine/Config/BaseEditorPerProjectUserSettings.ini" 797
"../../../Engine/Config/Windows/WindowsEditorPerProjectUserSettings.ini" 798
"S:/Projects/MyProject2/Saved/Config/WindowsEditor/EditorPerProjectUserSettings.ini" 799
"../../../Engine/Config/BaseEditorSettings.ini" 800
"../../../Engine/Config/Windows/WindowsEditorSettings.ini" 801
"C:/Users/PC/AppData/Local/UnrealEngine/5.6/Saved/Config/WindowsEditor/EditorSettings.ini" 802
"../../../Engine/Config/BaseEditorKeyBindings.ini" 803
"C:/Users/PC/AppData/Local/UnrealEngine/5.6/Saved/Config/WindowsEditor/EditorLayout.ini" 804
"../../../../../../Projects/MyProject2/Binaries/Win64/MyProject2.target" 805
"../../../Engine/Config/IOS/BaseIOSEngine.ini" 806
"../../../Engine/Config/Android/BaseAndroidEngine.ini" 807
"../../../../../../Projects/MyProject2/Binaries/Win64/MyProject2Editor.target" 808
"../../../Engine/Config/Mac/BaseMacEngine.ini" 809
"../../../Engine/Config/Android/AndroidEngine.ini" 810
"../../../Engine/Platforms/VisionOS/Config/BaseVisionOSEngine.ini" 811
"../../../Engine/Platforms/VisionOS/Config/VisionOSEngine.ini" 812
"../../../Engine/Config/Android/BaseAndroidGame.ini" 813
"../../../Engine/Config/Linux/BaseLinuxEngine.ini" 814
"../../../Engine/Config/IOS/BaseIOSGame.ini" 815
"../../../Engine/Config/Mac/MacGame.ini" 816
"../../../Engine/Config/IOS/IOSGame.ini" 817
"../../../Engine/Config/Unix/UnixEngine.ini" 818
"../../../Engine/Config/TVOS/TVOSEngine.ini" 819
"../../../Engine/Config/Linux/LinuxEngine.ini" 820
"../../../Engine/Config/Android/BaseAndroidInput.ini" 821
"../../../Engine/Config/IOS/BaseIOSInput.ini" 822
"../../../Engine/Config/Mac/BaseMacInput.ini" 823
"../../../Engine/Config/Linux/LinuxGame.ini" 824
"../../../Engine/Config/Android/AndroidScalability.ini" 825
"../../../Engine/Config/IOS/IOSScalability.ini" 826
"../../../Engine/Config/Android/BaseAndroidInstallBundle.ini" 827
"../../../Engine/Config/IOS/BaseIOSInstallBundle.ini" 828
"../../../Engine/Config/PluginBase.ini" 829
"../../../Engine/Plugins/ChaosVD/Config/DefaultChaosVD.ini" 830
"../../../Engine/Plugins/EnhancedInput/Config/BaseEnhancedInput.ini" 831
"../../../Engine/Plugins/Fab/Config/BaseFab.ini" 832
"../../../Engine/Plugins/TraceUtilities/Config/BaseTraceUtilities.ini" 833
"../../../Engine/Plugins/Interchange/Assets/Config/BaseInterchangeAssets.ini" 834
"../../../Engine/Plugins/Interchange/Runtime/Config/BaseInterchange.ini" 835
"../../../Engine/Plugins/Animation/ControlRig/Config/BaseControlRig.ini" 836
"../../../Engine/Plugins/Animation/DeformerGraph/Config/BaseDeformerGraph.ini" 837
"../../../Engine/Plugins/Animation/IKRig/Config/BaseIKRig.ini" 838
"../../../Engine/Plugins/Enterprise/DatasmithContent/Config/BaseDatasmithContent.ini" 839
"../../../Engine/Plugins/Enterprise/GLTFExporter/Config/BaseGLTFExporter.ini" 840
"../../../Engine/Plugins/Enterprise/GLTFExporter/Config/DefaultGLTFExporter.ini" 841
"../../../Engine/Plugins/Enterprise/VariantManagerContent/Config/BaseVariantManagerContent.ini" 842
"../../../Engine/Plugins/FX/Niagara/Config/BaseNiagara.ini" 843
"S:/Projects/MyProject2/Saved/Config/WindowsEditor/Niagara.ini" 844
"../../../Engine/Plugins/VirtualProduction/CameraCalibrationCore/Config/BaseCameraCalibrationCore.ini" 845
"../../../Engine/Plugins/VirtualProduction/Takes/Config/BaseTakes.ini" 846
"../../../Engine/Plugins/Cameras/GameplayCameras/Config/BaseGameplayCameras.ini" 847
"../../../Engine/Plugins/Experimental/FullBodyIK/Config/BaseFullBodyIK.ini" 848
"../../../Engine/Plugins/Experimental/ToolPresets/Config/BaseToolPresets.ini" 849
"../../../Engine/Plugins/MetaHuman/MetaHumanSDK/Config/BaseMetaHumanSDK.ini" 850
"../../../Engine/Plugins/2D/Paper2D/Config/BasePaper2D.ini" 851
"../../../Engine/Plugins/Editor/EditorScriptingUtilities/Config/BaseEditorScriptingUtilities.ini" 852
"../../../Engine/Plugins/Runtime/HairStrands/Config/BaseHairStrands.ini" 853
"../../../Engine/Plugins/Runtime/Metasound/Config/BaseMetasound.ini" 854
"../../../Engine/Plugins/Runtime/Metasound/Config/DefaultMetasound.ini" 855
"../../../Engine/Plugins/Runtime/PropertyBindingUtils/Config/BasePropertyBindingUtils.ini" 856
"../../../Engine/Plugins/Runtime/RigVM/Config/BaseRigVM.ini" 857
"../../../Engine/Plugins/Runtime/StateTree/Config/BaseStateTree.ini" 858
"../../../Engine/Plugins/Runtime/Synthesis/Config/BaseSynthesis.ini" 859
"../../../Engine/Plugins/Experimental/Compositing/CompositeCore/Config/BaseCompositeCore.ini" 860
"../../../Engine/Plugins/ChaosVD/Config/Engine.ini" 861
"../../../Engine/Plugins/EnhancedInput/Config/Input.ini" 862
"../../../Engine/Plugins/Runtime/InputDebugging/Config/Input.ini" 863
"../../../Engine/Plugins/Runtime/Windows/XInputDevice/Config/Input.ini" 864
"../../../Engine/Plugins/Online/OnlineSubsystemUtils/Config/Editor.ini" 865
"../../../Engine/Plugins/Runtime/RigVM/Config/Editor.ini" 866
"../../../Engine/Plugins/NNE/NNEDenoiser/Config/Game.ini" 867
"../../../Engine/Plugins/Editor/ModelingToolsEditorMode/Binaries/Win64/UnrealEditor.modules" 868
"../../../Engine/Plugins/Runtime/MeshModelingToolset/Binaries/Win64/UnrealEditor.modules" 869
"../../../Engine/Plugins/Experimental/MeshModelingToolsetExp/Binaries/Win64/UnrealEditor.modules" 870
"../../../Engine/Plugins/Editor/MeshLODToolset/Binaries/Win64/UnrealEditor.modules" 871
"../../../Engine/Plugins/Experimental/ToolPresets/Binaries/Win64/UnrealEditor.modules" 872
"../../../Engine/Plugins/Editor/StylusInput/Binaries/Win64/UnrealEditor.modules" 873
"../../../Engine/Plugins/Runtime/GeometryProcessing/Binaries/Win64/UnrealEditor.modules" 874
"../../../Engine/Plugins/Editor/ProxyLODPlugin/Binaries/Win64/UnrealEditor.modules" 875
"../../../Engine/Plugins/Experimental/PlanarCutPlugin/Binaries/Win64/UnrealEditor.modules" 876
"../../../Engine/Plugins/Runtime/GeometryCache/Binaries/Win64/UnrealEditor.modules" 877
"../../../Engine/Plugins/Experimental/GeometryFlow/Binaries/Win64/UnrealEditor.modules" 878
"../../../Engine/Plugins/Editor/EditorScriptingUtilities/Binaries/Win64/UnrealEditor.modules" 879
"../../../Engine/Plugins/FX/Niagara/Binaries/Win64/UnrealEditor.modules" 880
"../../../Engine/Plugins/Experimental/PythonScriptPlugin/Binaries/Win64/UnrealEditor.modules" 881
"../../../Engine/Plugins/Editor/ContentBrowser/ContentBrowserFileDataSource/Binaries/Win64/UnrealEditor.modules" 882
"../../../Engine/Plugins/Bridge/Binaries/Win64/UnrealEditor.modules" 883
"../../../Engine/Plugins/MetaHuman/MetaHumanSDK/Binaries/Win64/UnrealEditor.modules" 884
"../../../Engine/Plugins/Animation/ControlRig/Binaries/Win64/UnrealEditor.modules" 885
"../../../Engine/Plugins/Runtime/HairStrands/Binaries/Win64/UnrealEditor.modules" 886
"../../../Engine/Plugins/Animation/RigLogic/Binaries/Win64/UnrealEditor.modules" 887
"../../../Engine/Plugins/Online/EOSShared/Binaries/Win64/UnrealEditor.modules" 888
"../../../Engine/Plugins/Runtime/RigVM/Binaries/Win64/UnrealEditor.modules" 889
"../../../Engine/Plugins/MovieScene/LevelSequenceEditor/Binaries/Win64/UnrealEditor.modules" 890
"../../../Engine/Plugins/Runtime/PropertyAccess/Binaries/Win64/UnrealEditor.modules" 891
"../../../Engine/Plugins/MovieScene/SequencerScripting/Binaries/Win64/UnrealEditor.modules" 892
"../../../Engine/Plugins/Animation/TweeningUtils/Binaries/Win64/UnrealEditor.modules" 893
"../../../Engine/Plugins/Animation/DeformerGraph/Binaries/Win64/UnrealEditor.modules" 894
"../../../Engine/Plugins/Experimental/Dataflow/Binaries/Win64/UnrealEditor.modules" 895
"../../../Engine/Plugins/Runtime/ComputeFramework/Binaries/Win64/UnrealEditor.modules" 896
"../../../Engine/Plugins/Experimental/CharacterFXEditor/BaseCharacterFXEditor/Binaries/Win64/UnrealEditor.modules" 897
"../../../Engine/Plugins/Runtime/ProceduralMeshComponent/Binaries/Win64/UnrealEditor.modules" 898
"../../../Engine/Plugins/Experimental/ChaosCaching/Binaries/Win64/UnrealEditor.modules" 899
"../../../Engine/Plugins/Experimental/EditorDataStorage/Binaries/Win64/UnrealEditor.modules" 900
"../../../Engine/Plugins/Experimental/EditorDataStorageFeatures/Binaries/Win64/UnrealEditor.modules" 901
"../../../Engine/Plugins/VirtualProduction/Takes/Binaries/Win64/UnrealEditor.modules" 902
"../../../Engine/Plugins/Runtime/AudioCapture/Binaries/Win64/UnrealEditor.modules" 903
"../../../Engine/Plugins/Developer/NamingTokens/Binaries/Win64/UnrealEditor.modules" 904
"../../../Engine/Plugins/Editor/EngineAssetDefinitions/Binaries/Win64/UnrealEditor.modules" 905
"../../../Engine/Plugins/ChaosCloth/Binaries/Win64/UnrealEditor.modules" 906
"../../../Engine/Plugins/ChaosInsights/Binaries/Win64/UnrealEditor.modules" 907
"../../../Engine/Plugins/CmdLinkServer/Binaries/Win64/UnrealEditor.modules" 908
"../../../Engine/Plugins/ChaosVD/Binaries/Win64/UnrealEditor.modules" 909
"../../../Engine/Plugins/EnhancedInput/Binaries/Win64/UnrealEditor.modules" 910
"../../../Engine/Plugins/Editor/DataValidation/Binaries/Win64/UnrealEditor.modules" 911
"../../../Engine/Plugins/Fab/Binaries/Win64/UnrealEditor.modules" 912
"../../../Engine/Plugins/Interchange/Runtime/Binaries/Win64/UnrealEditor.modules" 913
"../../../Engine/Plugins/Enterprise/VariantManagerContent/Binaries/Win64/UnrealEditor.modules" 914
"../../../Engine/Plugins/Enterprise/VariantManager/Binaries/Win64/UnrealEditor.modules" 915
"../../../Engine/Plugins/Interchange/Assets/Binaries/Win64/UnrealEditor.modules" 916
"../../../Engine/Plugins/FastBuildController/Binaries/Win64/UnrealEditor.modules" 917
"../../../Engine/Plugins/IoStoreInsights/Binaries/Win64/UnrealEditor.modules" 918
"../../../Engine/Plugins/MassInsights/Binaries/Win64/UnrealEditor.modules" 919
"../../../Engine/Plugins/MeshPainting/Binaries/Win64/UnrealEditor.modules" 920
"../../../Engine/Plugins/Interchange/Editor/Binaries/Win64/UnrealEditor.modules" 921
"../../../Engine/Plugins/RenderGraphInsights/Binaries/Win64/UnrealEditor.modules" 922
"../../../Engine/Plugins/TraceUtilities/Binaries/Win64/UnrealEditor.modules" 923
"../../../Engine/Plugins/UbaController/Binaries/Win64/UnrealEditor.modules" 924
"../../../Engine/Plugins/WorldMetrics/Binaries/Win64/UnrealEditor.modules" 925
"../../../Engine/Plugins/XGEController/Binaries/Win64/UnrealEditor.modules" 926
"../../../Engine/Plugins/AI/AISupport/Binaries/Win64/UnrealEditor.modules" 927
"../../../Engine/Plugins/AI/EnvironmentQueryEditor/Binaries/Win64/UnrealEditor.modules" 928
"../../../Engine/Plugins/Developer/AnimationSharing/Binaries/Win64/UnrealEditor.modules" 929
"../../../Engine/Plugins/Runtime/SignificanceManager/Binaries/Win64/UnrealEditor.modules" 930
"../../../Engine/Plugins/Developer/CLionSourceCodeAccess/Binaries/Win64/UnrealEditor.modules" 931
"../../../Engine/Plugins/Developer/DumpGPUServices/Binaries/Win64/UnrealEditor.modules" 932
"../../../Engine/Plugins/Developer/GitSourceControl/Binaries/Win64/UnrealEditor.modules" 933
"../../../Engine/Plugins/Developer/N10XSourceCodeAccess/Binaries/Win64/UnrealEditor.modules" 934
"../../../Engine/Plugins/Developer/PerforceSourceControl/Binaries/Win64/UnrealEditor.modules" 935
"../../../Engine/Plugins/Developer/PixWinPlugin/Binaries/Win64/UnrealEditor.modules" 936
"../../../Engine/Plugins/Developer/PlasticSourceControl/Binaries/Win64/UnrealEditor.modules" 937
"../../../Engine/Plugins/Developer/PluginUtils/Binaries/Win64/UnrealEditor.modules" 938
"../../../Engine/Plugins/Developer/PropertyAccessNode/Binaries/Win64/UnrealEditor.modules" 939
"../../../Engine/Plugins/Developer/ProjectLauncher/Binaries/Win64/UnrealEditor.modules" 940
"../../../Engine/Plugins/Developer/RenderDocPlugin/Binaries/Win64/UnrealEditor.modules" 941
"../../../Engine/Plugins/Developer/RiderSourceCodeAccess/Binaries/Win64/UnrealEditor.modules" 942
"../../../Engine/Plugins/Developer/SubversionSourceControl/Binaries/Win64/UnrealEditor.modules" 943
"../../../Engine/Plugins/Developer/TextureFormatOodle/Binaries/Win64/UnrealEditor.modules" 944
"../../../Engine/Plugins/Developer/UObjectPlugin/Binaries/Win64/UnrealEditor.modules" 945
"../../../Engine/Plugins/Developer/VisualStudioCodeSourceCodeAccess/Binaries/Win64/UnrealEditor.modules" 946
"../../../Engine/Plugins/Developer/VisualStudioSourceCodeAccess/Binaries/Win64/UnrealEditor.modules" 947
"../../../Engine/Plugins/MovieScene/ActorSequence/Binaries/Win64/UnrealEditor.modules" 948
"../../../Engine/Plugins/Portal/LauncherChunkInstaller/Binaries/Win64/UnrealEditor.modules" 949
"../../../Engine/Plugins/Animation/ACLPlugin/Binaries/Win64/UnrealEditor.modules" 950
"../../../Engine/Plugins/Animation/AnimationData/Binaries/Win64/UnrealEditor.modules" 951
"../../../Engine/Plugins/Animation/AnimationModifierLibrary/Binaries/Win64/UnrealEditor.modules" 952
"../../../Engine/Plugins/Animation/BlendSpaceMotionAnalysis/Binaries/Win64/UnrealEditor.modules" 953
"../../../Engine/Plugins/Animation/ControlRigSpline/Binaries/Win64/UnrealEditor.modules" 954
"../../../Engine/Plugins/Animation/IKRig/Binaries/Win64/UnrealEditor.modules" 955
"../../../Engine/Plugins/Experimental/FullBodyIK/Binaries/Win64/UnrealEditor.modules" 956
"../../../Engine/Plugins/Animation/SkeletalMeshModelingTools/Binaries/Win64/UnrealEditor.modules" 957
"../../../Engine/Plugins/Enterprise/DatasmithContent/Binaries/Win64/UnrealEditor.modules" 958
"../../../Engine/Plugins/Enterprise/GLTFExporter/Binaries/Win64/UnrealEditor.modules" 959
"../../../Engine/Plugins/FX/Cascade/Binaries/Win64/UnrealEditor.modules" 960
"../../../Engine/Plugins/FX/NiagaraSimCaching/Binaries/Win64/UnrealEditor.modules" 961
"../../../Engine/Plugins/Online/OnlineBase/Binaries/Win64/UnrealEditor.modules" 962
"../../../Engine/Plugins/Online/OnlineSubsystem/Binaries/Win64/UnrealEditor.modules" 963
"../../../Engine/Plugins/Online/OnlineSubsystemNull/Binaries/Win64/UnrealEditor.modules" 964
"../../../Engine/Plugins/Online/OnlineSubsystemUtils/Binaries/Win64/UnrealEditor.modules" 965
"../../../Engine/Plugins/Online/OnlineServices/Binaries/Win64/UnrealEditor.modules" 966
"../../../Engine/Plugins/Tests/InterchangeTests/Binaries/Win64/UnrealEditor.modules" 967
"../../../Engine/Plugins/Cameras/CameraShakePreviewer/Binaries/Win64/UnrealEditor.modules" 968
"../../../Engine/Plugins/Cameras/GameplayCameras/Binaries/Win64/UnrealEditor.modules" 969
"../../../Engine/Plugins/VirtualProduction/CameraCalibrationCore/Binaries/Win64/UnrealEditor.modules" 970
"../../../Engine/Plugins/Runtime/StateTree/Binaries/Win64/UnrealEditor.modules" 971
"../../../Engine/Plugins/MovieScene/TemplateSequence/Binaries/Win64/UnrealEditor.modules" 972
"../../../Engine/Plugins/Animation/GameplayInsights/Binaries/Win64/UnrealEditor.modules" 973
"../../../Engine/Plugins/Runtime/PropertyBindingUtils/Binaries/Win64/UnrealEditor.modules" 974
"../../../Engine/Plugins/Cameras/EngineCameras/Binaries/Win64/UnrealEditor.modules" 975
"../../../Engine/Plugins/Compression/OodleNetwork/Binaries/Win64/UnrealEditor.modules" 976
"../../../Engine/Plugins/Experimental/AdvancedRenamer/Binaries/Win64/UnrealEditor.modules" 977
"../../../Engine/Plugins/Experimental/AutomationUtils/Binaries/Win64/UnrealEditor.modules" 978
"../../../Engine/Plugins/Experimental/BackChannel/Binaries/Win64/UnrealEditor.modules" 979
"../../../Engine/Plugins/Experimental/ChaosEditor/Binaries/Win64/UnrealEditor.modules" 980
"../../../Engine/Plugins/Experimental/GeometryCollectionPlugin/Binaries/Win64/UnrealEditor.modules" 981
"../../../Engine/Plugins/Experimental/Fracture/Binaries/Win64/UnrealEditor.modules" 982
"../../../Engine/Plugins/Experimental/ChaosSolverPlugin/Binaries/Win64/UnrealEditor.modules" 983
"../../../Engine/Plugins/Experimental/GeometryDataflow/Binaries/Win64/UnrealEditor.modules" 984
"../../../Engine/Plugins/Experimental/ChaosNiagara/Binaries/Win64/UnrealEditor.modules" 985
"../../../Engine/Plugins/Experimental/ChaosUserDataPT/Binaries/Win64/UnrealEditor.modules" 986
"../../../Engine/Plugins/Experimental/CharacterAI/Binaries/Win64/UnrealEditor.modules" 987
"../../../Engine/Plugins/Experimental/EditorPerformance/Binaries/Win64/UnrealEditor.modules" 988
"../../../Engine/Plugins/Experimental/EditorTelemetry/Binaries/Win64/UnrealEditor.modules" 989
"../../../Engine/Plugins/Experimental/LevelSequenceNavigatorBridge/Binaries/Win64/UnrealEditor.modules" 990
"../../../Engine/Plugins/Experimental/SequenceNavigator/Binaries/Win64/UnrealEditor.modules" 991
"../../../Engine/Plugins/Experimental/LocalizableMessage/Binaries/Win64/UnrealEditor.modules" 992
"../../../Engine/Plugins/Experimental/NFORDenoise/Binaries/Win64/UnrealEditor.modules" 993
"../../../Engine/Plugins/Experimental/PlatformCrypto/Binaries/Win64/UnrealEditor.modules" 994
"../../../Engine/Plugins/Experimental/RuntimeTelemetry/Binaries/Win64/UnrealEditor.modules" 995
"../../../Engine/Plugins/Experimental/SkeletalReduction/Binaries/Win64/UnrealEditor.modules" 996
"../../../Engine/Plugins/Media/AndroidMedia/Binaries/Win64/UnrealEditor.modules" 997
"../../../Engine/Plugins/Media/AvfMedia/Binaries/Win64/UnrealEditor.modules" 998
"../../../Engine/Plugins/Media/ImgMedia/Binaries/Win64/UnrealEditor.modules" 999
"../../../Engine/Plugins/Media/MediaPlayerEditor/Binaries/Win64/UnrealEditor.modules" 1000
"../../../Engine/Plugins/Media/MediaCompositing/Binaries/Win64/UnrealEditor.modules" 1001
"../../../Engine/Plugins/Media/MediaPlate/Binaries/Win64/UnrealEditor.modules" 1002
"../../../Engine/Plugins/Experimental/Compositing/CompositeCore/Binaries/Win64/UnrealEditor.modules" 1003
"../../../Engine/Plugins/Media/WmfMedia/Binaries/Win64/UnrealEditor.modules" 1004
"../../../Engine/Plugins/2D/Paper2D/Binaries/Win64/UnrealEditor.modules" 1005
"../../../Engine/Plugins/Editor/AssetManagerEditor/Binaries/Win64/UnrealEditor.modules" 1006
"../../../Engine/Plugins/Editor/ContentBrowser/ContentBrowserAssetDataSource/Binaries/Win64/UnrealEditor.modules" 1007
"../../../Engine/Plugins/Editor/BlueprintHeaderView/Binaries/Win64/UnrealEditor.modules" 1008
"../../../Engine/Plugins/Editor/ChangelistReview/Binaries/Win64/UnrealEditor.modules" 1009
"../../../Engine/Plugins/Editor/ColorGrading/Binaries/Win64/UnrealEditor.modules" 1010
"../../../Engine/Plugins/Editor/ObjectMixer/ObjectMixer/Binaries/Win64/UnrealEditor.modules" 1011
"../../../Engine/Plugins/Editor/CryptoKeys/Binaries/Win64/UnrealEditor.modules" 1012
"../../../Engine/Plugins/Editor/CurveEditorTools/Binaries/Win64/UnrealEditor.modules" 1013
"../../../Engine/Plugins/Editor/EditorDebugTools/Binaries/Win64/UnrealEditor.modules" 1014
"../../../Engine/Plugins/Editor/FacialAnimation/Binaries/Win64/UnrealEditor.modules" 1015
"../../../Engine/Plugins/Editor/GameplayTagsEditor/Binaries/Win64/UnrealEditor.modules" 1016
"../../../Engine/Plugins/Editor/MaterialAnalyzer/Binaries/Win64/UnrealEditor.modules" 1017
"../../../Engine/Plugins/Editor/GeometryMode/Binaries/Win64/UnrealEditor.modules" 1018
"../../../Engine/Plugins/Editor/MobileLauncherProfileWizard/Binaries/Win64/UnrealEditor.modules" 1019
"../../../Engine/Plugins/Editor/SpeedTreeImporter/Binaries/Win64/UnrealEditor.modules" 1020
"../../../Engine/Plugins/Editor/SequencerAnimTools/Binaries/Win64/UnrealEditor.modules" 1021
"../../../Engine/Plugins/Editor/PluginBrowser/Binaries/Win64/UnrealEditor.modules" 1022
"../../../Engine/Plugins/Editor/UMGWidgetPreview/Binaries/Win64/UnrealEditor.modules" 1023
"../../../Engine/Plugins/Editor/WorldPartitionHLODUtilities/Binaries/Win64/UnrealEditor.modules" 1024
"../../../Engine/Plugins/Editor/UVEditor/Binaries/Win64/UnrealEditor.modules" 1025
"../../../Engine/Plugins/Importers/AlembicImporter/Binaries/Win64/UnrealEditor.modules" 1026
"../../../Engine/Plugins/Messaging/TcpMessaging/Binaries/Win64/UnrealEditor.modules" 1027
"../../../Engine/Plugins/NNE/NNEDenoiser/Binaries/Win64/UnrealEditor.modules" 1028
"../../../Engine/Plugins/NNE/NNERuntimeORT/Binaries/Win64/UnrealEditor.modules" 1029
"../../../Engine/Plugins/Messaging/UdpMessaging/Binaries/Win64/UnrealEditor.modules" 1030
"../../../Engine/Plugins/Runtime/ActorLayerUtilities/Binaries/Win64/UnrealEditor.modules" 1031
"../../../Engine/Plugins/Runtime/AndroidFileServer/Binaries/Win64/UnrealEditor.modules" 1032
"../../../Engine/Plugins/Runtime/AndroidPermission/Binaries/Win64/UnrealEditor.modules" 1033
"../../../Engine/Plugins/Runtime/AndroidDeviceProfileSelector/Binaries/Win64/UnrealEditor.modules" 1034
"../../../Engine/Plugins/Runtime/AppleImageUtils/Binaries/Win64/UnrealEditor.modules" 1035
"../../../Engine/Plugins/Runtime/ArchVisCharacter/Binaries/Win64/UnrealEditor.modules" 1036
"../../../Engine/Plugins/Runtime/AssetTags/Binaries/Win64/UnrealEditor.modules" 1037
"../../../Engine/Plugins/Runtime/ChunkDownloader/Binaries/Win64/UnrealEditor.modules" 1038
"../../../Engine/Plugins/Runtime/CustomMeshComponent/Binaries/Win64/UnrealEditor.modules" 1039
"../../../Engine/Plugins/Runtime/CableComponent/Binaries/Win64/UnrealEditor.modules" 1040
"../../../Engine/Plugins/Runtime/ExampleDeviceProfileSelector/Binaries/Win64/UnrealEditor.modules" 1041
"../../../Engine/Plugins/Runtime/GooglePAD/Binaries/Win64/UnrealEditor.modules" 1042
"../../../Engine/Plugins/Runtime/InputDebugging/Binaries/Win64/UnrealEditor.modules" 1043
"../../../Engine/Plugins/Runtime/LocationServicesBPLibrary/Binaries/Win64/UnrealEditor.modules" 1044
"../../../Engine/Plugins/Runtime/Metasound/Binaries/Win64/UnrealEditor.modules" 1045
"../../../Engine/Plugins/Runtime/AudioWidgets/Binaries/Win64/UnrealEditor.modules" 1046
"../../../Engine/Plugins/Runtime/AudioSynesthesia/Binaries/Win64/UnrealEditor.modules" 1047
"../../../Engine/Plugins/Runtime/WaveTable/Binaries/Win64/UnrealEditor.modules" 1048
"../../../Engine/Plugins/Runtime/MobilePatchingUtils/Binaries/Win64/UnrealEditor.modules" 1049
"../../../Engine/Plugins/Runtime/MsQuic/Binaries/Win64/UnrealEditor.modules" 1050
"../../../Engine/Plugins/Runtime/ResonanceAudio/Binaries/Win64/UnrealEditor.modules" 1051
"../../../Engine/Plugins/Runtime/SoundFields/Binaries/Win64/UnrealEditor.modules" 1052
"../../../Engine/Plugins/Runtime/Synthesis/Binaries/Win64/UnrealEditor.modules" 1053
"../../../Engine/Plugins/Runtime/WebMMoviePlayer/Binaries/Win64/UnrealEditor.modules" 1054
"../../../Engine/Plugins/Media/WebMMedia/Binaries/Win64/UnrealEditor.modules" 1055
"../../../Engine/Plugins/Runtime/WindowsDeviceProfileSelector/Binaries/Win64/UnrealEditor.modules" 1056
"../../../Engine/Plugins/Runtime/WindowsMoviePlayer/Binaries/Win64/UnrealEditor.modules" 1057
"../../../Engine/Plugins/Runtime/Windows/XInputDevice/Binaries/Win64/UnrealEditor.modules" 1058
"../../../Engine/Plugins/Editor/ContentBrowser/ContentBrowserClassDataSource/Binaries/Win64/UnrealEditor.modules" 1059
"../../../Engine/Plugins/Editor/Localization/PortableObjectFileDataSource/Binaries/Win64/UnrealEditor.modules" 1060
"../../../Engine/Plugins/Editor/ObjectMixer/LightMixer/Binaries/Win64/UnrealEditor.modules" 1061
"../../../Engine/Config/BaseSourceControlSettings.ini" 1062
"C:/Users/PC/AppData/Local/UnrealEngine/5.6/Saved/Config/WindowsEditor/SourceControlSettings.ini" 1063
"S:/Projects/MyProject2/Saved/Config/WindowsEditor/SourceControlSettings.ini" 1064
"../../../Engine/Content/Internationalization/icudt64l/coll/ucadata.icu" 1065
"../../../Engine/Content/Internationalization/icudt64l/coll/ru.res" 1066
"../../../Engine/Content/Internationalization/icudt64l/coll/root.res" 1067
"../../../Engine/Content/Certificates/ThirdParty/cacert.pem" 1068
"../../../Engine/Config/ConsoleVariables.ini" 1069
"../../../Engine/Binaries/Win64/Android/UnrealEditor.modules" 1070
"../../../Engine/Binaries/Win64/IOS/UnrealEditor.modules" 1071
"../../../Engine/Binaries/Win64/Linux/UnrealEditor.modules" 1072
"../../../Engine/Content/Localization/Editor/en/Editor.locres" 1073
"../../../Engine/Content/Localization/EditorTutorials/en/EditorTutorials.locres" 1074
"../../../Engine/Content/Localization/Keywords/en/Keywords.locres" 1075
"../../../Engine/Content/Localization/Category/en/Category.locres" 1076
"../../../Engine/Content/Localization/ToolTips/en/ToolTips.locres" 1077
"../../../Engine/Content/Localization/PropertyNames/en/PropertyNames.locres" 1078
"../../../Engine/Content/Localization/Engine/en/Engine.locres" 1079
"../../../Engine/Plugins/Online/OnlineSubsystem/Content/Localization/OnlineSubsystem/en/OnlineSubsystem.locres" 1080
"../../../Engine/Plugins/Online/OnlineSubsystemUtils/Content/Localization/OnlineSubsystemUtils/en/OnlineSubsystemUtils.locres" 1081
"../../../Engine/Plugins/MetaHuman/MetaHumanSDK/Content/Localization/MetaHumanSDK/en/MetaHumanSDK.locres" 1082
"../../../Engine/Plugins/Online/Android/OnlineSubsystemGooglePlay/Content/Localization/OnlineSubsystemGooglePlay/en/OnlineSubsystemGooglePlay.locres" 1083
"../../../Engine/Plugins/Online/IOS/OnlineSubsystemIOS/Content/Localization/OnlineSubsystemIOS/en/OnlineSubsystemIOS.locres" 1084
"../../../Engine/Content/Internationalization/icudt64l/en.res" 1085
"../../../Engine/Content/Internationalization/icudt64l/numberingSystems.res" 1086
"../../../Engine/Content/Internationalization/icudt64l/curr/en.res" 1087
"../../../Engine/Content/Internationalization/icudt64l/curr/pool.res" 1088
"../../../Engine/Content/Internationalization/icudt64l/curr/root.res" 1089
"../../../Engine/Content/Internationalization/icudt64l/lang/af.res" 1090
"../../../Engine/Content/Internationalization/icudt64l/region/af.res" 1091
"../../../Engine/Content/Internationalization/icudt64l/lang/agq.res" 1092
"../../../Engine/Content/Internationalization/icudt64l/region/agq.res" 1093
"../../../Engine/Content/Internationalization/icudt64l/lang/ak.res" 1094
"../../../Engine/Content/Internationalization/icudt64l/region/ak.res" 1095
"../../../Engine/Content/Internationalization/icudt64l/lang/am.res" 1096
"../../../Engine/Content/Internationalization/icudt64l/region/am.res" 1097
"../../../Engine/Content/Internationalization/icudt64l/lang/ar.res" 1098
"../../../Engine/Content/Internationalization/icudt64l/region/ar.res" 1099
"../../../Engine/Content/Internationalization/icudt64l/region/ar_AE.res" 1100
"../../../Engine/Content/Internationalization/icudt64l/lang/ar_EG.res" 1101
"../../../Engine/Content/Internationalization/icudt64l/lang/ar_LY.res" 1102
"../../../Engine/Content/Internationalization/icudt64l/region/ar_LY.res" 1103
"../../../Engine/Content/Internationalization/icudt64l/lang/ar_SA.res" 1104
"../../../Engine/Content/Internationalization/icudt64l/region/ar_SA.res" 1105
"../../../Engine/Content/Internationalization/icudt64l/lang/as.res" 1106
"../../../Engine/Content/Internationalization/icudt64l/region/as.res" 1107
"../../../Engine/Content/Internationalization/icudt64l/lang/asa.res" 1108
"../../../Engine/Content/Internationalization/icudt64l/region/asa.res" 1109
"../../../Engine/Content/Internationalization/icudt64l/lang/ast.res" 1110
"../../../Engine/Content/Internationalization/icudt64l/region/ast.res" 1111
"../../../Engine/Content/Internationalization/icudt64l/lang/az.res" 1112
"../../../Engine/Content/Internationalization/icudt64l/lang/az_Cyrl.res" 1113
"../../../Engine/Content/Internationalization/icudt64l/lang/az_AZ.res" 1114
"../../../Engine/Content/Internationalization/icudt64l/lang/az_Latn_AZ.res" 1115
"../../../Engine/Content/Internationalization/icudt64l/lang/az_Latn.res" 1116
"../../../Engine/Content/Internationalization/icudt64l/region/az_AZ.res" 1117
"../../../Engine/Content/Internationalization/icudt64l/region/az_Latn_AZ.res" 1118
"../../../Engine/Content/Internationalization/icudt64l/region/az_Latn.res" 1119
"../../../Engine/Content/Internationalization/icudt64l/region/az.res" 1120
"../../../Engine/Content/Internationalization/icudt64l/region/az_Cyrl.res" 1121
"../../../Engine/Content/Internationalization/icudt64l/lang/bas.res" 1122
"../../../Engine/Content/Internationalization/icudt64l/region/bas.res" 1123
"../../../Engine/Content/Internationalization/icudt64l/lang/be.res" 1124
"../../../Engine/Content/Internationalization/icudt64l/region/be.res" 1125
"../../../Engine/Content/Internationalization/icudt64l/lang/bem.res" 1126
"../../../Engine/Content/Internationalization/icudt64l/region/bem.res" 1127
"../../../Engine/Content/Internationalization/icudt64l/lang/bez.res" 1128
"../../../Engine/Content/Internationalization/icudt64l/region/bez.res" 1129
"../../../Engine/Content/Internationalization/icudt64l/lang/bg.res" 1130
"../../../Engine/Content/Internationalization/icudt64l/region/bg.res" 1131
"../../../Engine/Content/Internationalization/icudt64l/lang/bm.res" 1132
"../../../Engine/Content/Internationalization/icudt64l/region/bm.res" 1133
"../../../Engine/Content/Internationalization/icudt64l/lang/bn.res" 1134
"../../../Engine/Content/Internationalization/icudt64l/region/bn.res" 1135
"../../../Engine/Content/Internationalization/icudt64l/lang/bn_IN.res" 1136
"../../../Engine/Content/Internationalization/icudt64l/region/bn_IN.res" 1137
"../../../Engine/Content/Internationalization/icudt64l/lang/bo.res" 1138
"../../../Engine/Content/Internationalization/icudt64l/region/bo.res" 1139
"../../../Engine/Content/Internationalization/icudt64l/region/bo_IN.res" 1140
"../../../Engine/Content/Internationalization/icudt64l/lang/br.res" 1141
"../../../Engine/Content/Internationalization/icudt64l/region/br.res" 1142
"../../../Engine/Content/Internationalization/icudt64l/lang/brx.res" 1143
"../../../Engine/Content/Internationalization/icudt64l/region/brx.res" 1144
"../../../Engine/Content/Internationalization/icudt64l/lang/bs.res" 1145
"../../../Engine/Content/Internationalization/icudt64l/lang/bs_Cyrl.res" 1146
"../../../Engine/Content/Internationalization/icudt64l/lang/bs_BA.res" 1147
"../../../Engine/Content/Internationalization/icudt64l/lang/bs_Latn_BA.res" 1148
"../../../Engine/Content/Internationalization/icudt64l/lang/bs_Latn.res" 1149
"../../../Engine/Content/Internationalization/icudt64l/region/bs_BA.res" 1150
"../../../Engine/Content/Internationalization/icudt64l/region/bs_Latn_BA.res" 1151
"../../../Engine/Content/Internationalization/icudt64l/region/bs_Latn.res" 1152
"../../../Engine/Content/Internationalization/icudt64l/region/bs.res" 1153
"../../../Engine/Content/Internationalization/icudt64l/region/bs_Cyrl.res" 1154
"../../../Engine/Content/Internationalization/icudt64l/lang/ca.res" 1155
"../../../Engine/Content/Internationalization/icudt64l/region/ca.res" 1156
"../../../Engine/Content/Internationalization/icudt64l/lang/ccp.res" 1157
"../../../Engine/Content/Internationalization/icudt64l/region/ccp.res" 1158
"../../../Engine/Content/Internationalization/icudt64l/lang/ce.res" 1159
"../../../Engine/Content/Internationalization/icudt64l/region/ce.res" 1160
"../../../Engine/Content/Internationalization/icudt64l/lang/ceb.res" 1161
"../../../Engine/Content/Internationalization/icudt64l/region/ceb.res" 1162
"../../../Engine/Content/Internationalization/icudt64l/lang/cgg.res" 1163
"../../../Engine/Content/Internationalization/icudt64l/region/cgg.res" 1164
"../../../Engine/Content/Internationalization/icudt64l/lang/chr.res" 1165
"../../../Engine/Content/Internationalization/icudt64l/region/chr.res" 1166
"../../../Engine/Content/Internationalization/icudt64l/lang/ckb.res" 1167
"../../../Engine/Content/Internationalization/icudt64l/region/ckb.res" 1168
"../../../Engine/Content/Internationalization/icudt64l/lang/cs.res" 1169
"../../../Engine/Content/Internationalization/icudt64l/region/cs.res" 1170
"../../../Engine/Content/Internationalization/icudt64l/lang/cy.res" 1171
"../../../Engine/Content/Internationalization/icudt64l/region/cy.res" 1172
"../../../Engine/Content/Internationalization/icudt64l/lang/da.res" 1173
"../../../Engine/Content/Internationalization/icudt64l/region/da.res" 1174
"../../../Engine/Content/Internationalization/icudt64l/lang/dav.res" 1175
"../../../Engine/Content/Internationalization/icudt64l/region/dav.res" 1176
"../../../Engine/Content/Internationalization/icudt64l/lang/de.res" 1177
"../../../Engine/Content/Internationalization/icudt64l/lang/de_AT.res" 1178
"../../../Engine/Content/Internationalization/icudt64l/region/de_AT.res" 1179
"../../../Engine/Content/Internationalization/icudt64l/region/de.res" 1180
"../../../Engine/Content/Internationalization/icudt64l/lang/de_CH.res" 1181
"../../../Engine/Content/Internationalization/icudt64l/region/de_CH.res" 1182
"../../../Engine/Content/Internationalization/icudt64l/lang/de_LU.res" 1183
"../../../Engine/Content/Internationalization/icudt64l/lang/dje.res" 1184
"../../../Engine/Content/Internationalization/icudt64l/region/dje.res" 1185
"../../../Engine/Content/Internationalization/icudt64l/lang/dsb.res" 1186
"../../../Engine/Content/Internationalization/icudt64l/region/dsb.res" 1187
"../../../Engine/Content/Internationalization/icudt64l/lang/dua.res" 1188
"../../../Engine/Content/Internationalization/icudt64l/region/dua.res" 1189
"../../../Engine/Content/Internationalization/icudt64l/lang/dyo.res" 1190
"../../../Engine/Content/Internationalization/icudt64l/region/dyo.res" 1191
"../../../Engine/Content/Internationalization/icudt64l/lang/dz.res" 1192
"../../../Engine/Content/Internationalization/icudt64l/region/dz.res" 1193
"../../../Engine/Content/Internationalization/icudt64l/lang/ebu.res" 1194
"../../../Engine/Content/Internationalization/icudt64l/region/ebu.res" 1195
"../../../Engine/Content/Internationalization/icudt64l/lang/ee.res" 1196
"../../../Engine/Content/Internationalization/icudt64l/region/ee.res" 1197
"../../../Engine/Content/Internationalization/icudt64l/lang/el.res" 1198
"../../../Engine/Content/Internationalization/icudt64l/region/el.res" 1199
"../../../Engine/Content/Internationalization/icudt64l/lang/en_001.res" 1200
"../../../Engine/Content/Internationalization/icudt64l/lang/en_150.res" 1201
"../../../Engine/Content/Internationalization/icudt64l/region/en_150.res" 1202
"../../../Engine/Content/Internationalization/icudt64l/lang/en_AG.res" 1203
"../../../Engine/Content/Internationalization/icudt64l/region/en_AG.res" 1204
"../../../Engine/Content/Internationalization/icudt64l/lang/en_AI.res" 1205
"../../../Engine/Content/Internationalization/icudt64l/region/en_AI.res" 1206
"../../../Engine/Content/Internationalization/icudt64l/lang/en_AT.res" 1207
"../../../Engine/Content/Internationalization/icudt64l/region/en_AT.res" 1208
"../../../Engine/Content/Internationalization/icudt64l/lang/en_AU.res" 1209
"../../../Engine/Content/Internationalization/icudt64l/region/en_AU.res" 1210
"../../../Engine/Content/Internationalization/icudt64l/lang/en_BB.res" 1211
"../../../Engine/Content/Internationalization/icudt64l/region/en_BB.res" 1212
"../../../Engine/Content/Internationalization/icudt64l/lang/en_BE.res" 1213
"../../../Engine/Content/Internationalization/icudt64l/region/en_BE.res" 1214
"../../../Engine/Content/Internationalization/icudt64l/lang/en_BM.res" 1215
"../../../Engine/Content/Internationalization/icudt64l/region/en_BM.res" 1216
"../../../Engine/Content/Internationalization/icudt64l/lang/en_BS.res" 1217
"../../../Engine/Content/Internationalization/icudt64l/region/en_BS.res" 1218
"../../../Engine/Content/Internationalization/icudt64l/lang/en_BW.res" 1219
"../../../Engine/Content/Internationalization/icudt64l/region/en_BW.res" 1220
"../../../Engine/Content/Internationalization/icudt64l/lang/en_BZ.res" 1221
"../../../Engine/Content/Internationalization/icudt64l/region/en_BZ.res" 1222
"../../../Engine/Content/Internationalization/icudt64l/lang/en_CA.res" 1223
"../../../Engine/Content/Internationalization/icudt64l/region/en_CA.res" 1224
"../../../Engine/Content/Internationalization/icudt64l/lang/en_CC.res" 1225
"../../../Engine/Content/Internationalization/icudt64l/region/en_CC.res" 1226
"../../../Engine/Content/Internationalization/icudt64l/lang/en_CH.res" 1227
"../../../Engine/Content/Internationalization/icudt64l/region/en_CH.res" 1228
"../../../Engine/Content/Internationalization/icudt64l/lang/en_CK.res" 1229
"../../../Engine/Content/Internationalization/icudt64l/region/en_CK.res" 1230
"../../../Engine/Content/Internationalization/icudt64l/lang/en_CM.res" 1231
"../../../Engine/Content/Internationalization/icudt64l/region/en_CM.res" 1232
"../../../Engine/Content/Internationalization/icudt64l/lang/en_CX.res" 1233
"../../../Engine/Content/Internationalization/icudt64l/region/en_CX.res" 1234
"../../../Engine/Content/Internationalization/icudt64l/lang/en_CY.res" 1235
"../../../Engine/Content/Internationalization/icudt64l/region/en_CY.res" 1236
"../../../Engine/Content/Internationalization/icudt64l/lang/en_DE.res" 1237
"../../../Engine/Content/Internationalization/icudt64l/region/en_DE.res" 1238
"../../../Engine/Content/Internationalization/icudt64l/lang/en_DG.res" 1239
"../../../Engine/Content/Internationalization/icudt64l/region/en_DG.res" 1240
"../../../Engine/Content/Internationalization/icudt64l/lang/en_DK.res" 1241
"../../../Engine/Content/Internationalization/icudt64l/region/en_DK.res" 1242
"../../../Engine/Content/Internationalization/icudt64l/lang/en_DM.res" 1243
"../../../Engine/Content/Internationalization/icudt64l/region/en_DM.res" 1244
"../../../Engine/Content/Internationalization/icudt64l/lang/en_ER.res" 1245
"../../../Engine/Content/Internationalization/icudt64l/region/en_ER.res" 1246
"../../../Engine/Content/Internationalization/icudt64l/lang/en_FI.res" 1247
"../../../Engine/Content/Internationalization/icudt64l/region/en_FI.res" 1248
"../../../Engine/Content/Internationalization/icudt64l/lang/en_FJ.res" 1249
"../../../Engine/Content/Internationalization/icudt64l/region/en_FJ.res" 1250
"../../../Engine/Content/Internationalization/icudt64l/lang/en_FK.res" 1251
"../../../Engine/Content/Internationalization/icudt64l/region/en_FK.res" 1252
"../../../Engine/Content/Internationalization/icudt64l/lang/en_FM.res" 1253
"../../../Engine/Content/Internationalization/icudt64l/region/en_FM.res" 1254
"../../../Engine/Content/Internationalization/icudt64l/lang/en_GB.res" 1255
"../../../Engine/Content/Internationalization/icudt64l/region/en_GB.res" 1256
"../../../Engine/Content/Internationalization/icudt64l/lang/en_GD.res" 1257
"../../../Engine/Content/Internationalization/icudt64l/region/en_GD.res" 1258
"../../../Engine/Content/Internationalization/icudt64l/lang/en_GG.res" 1259
"../../../Engine/Content/Internationalization/icudt64l/region/en_GG.res" 1260
"../../../Engine/Content/Internationalization/icudt64l/lang/en_GH.res" 1261
"../../../Engine/Content/Internationalization/icudt64l/region/en_GH.res" 1262
"../../../Engine/Content/Internationalization/icudt64l/lang/en_GI.res" 1263
"../../../Engine/Content/Internationalization/icudt64l/region/en_GI.res" 1264
"../../../Engine/Content/Internationalization/icudt64l/lang/en_GM.res" 1265
"../../../Engine/Content/Internationalization/icudt64l/region/en_GM.res" 1266
"../../../Engine/Content/Internationalization/icudt64l/lang/en_GY.res" 1267
"../../../Engine/Content/Internationalization/icudt64l/region/en_GY.res" 1268
"../../../Engine/Content/Internationalization/icudt64l/lang/en_HK.res" 1269
"../../../Engine/Content/Internationalization/icudt64l/region/en_HK.res" 1270
"../../../Engine/Content/Internationalization/icudt64l/lang/en_IE.res" 1271
"../../../Engine/Content/Internationalization/icudt64l/region/en_IE.res" 1272
"../../../Engine/Content/Internationalization/icudt64l/lang/en_IL.res" 1273
"../../../Engine/Content/Internationalization/icudt64l/region/en_IL.res" 1274
"../../../Engine/Content/Internationalization/icudt64l/lang/en_IM.res" 1275
"../../../Engine/Content/Internationalization/icudt64l/region/en_IM.res" 1276
"../../../Engine/Content/Internationalization/icudt64l/lang/en_IN.res" 1277
"../../../Engine/Content/Internationalization/icudt64l/region/en_IN.res" 1278
"../../../Engine/Content/Internationalization/icudt64l/lang/en_IO.res" 1279
"../../../Engine/Content/Internationalization/icudt64l/region/en_IO.res" 1280
"../../../Engine/Content/Internationalization/icudt64l/lang/en_JE.res" 1281
"../../../Engine/Content/Internationalization/icudt64l/region/en_JE.res" 1282
"../../../Engine/Content/Internationalization/icudt64l/lang/en_JM.res" 1283
"../../../Engine/Content/Internationalization/icudt64l/region/en_JM.res" 1284
"../../../Engine/Content/Internationalization/icudt64l/lang/en_KE.res" 1285
"../../../Engine/Content/Internationalization/icudt64l/region/en_KE.res" 1286
"../../../Engine/Content/Internationalization/icudt64l/lang/en_KI.res" 1287
"../../../Engine/Content/Internationalization/icudt64l/region/en_KI.res" 1288
"../../../Engine/Content/Internationalization/icudt64l/lang/en_KN.res" 1289
"../../../Engine/Content/Internationalization/icudt64l/region/en_KN.res" 1290
"../../../Engine/Content/Internationalization/icudt64l/lang/en_KY.res" 1291
"../../../Engine/Content/Internationalization/icudt64l/region/en_KY.res" 1292
"../../../Engine/Content/Internationalization/icudt64l/lang/en_LC.res" 1293
"../../../Engine/Content/Internationalization/icudt64l/region/en_LC.res" 1294
"../../../Engine/Content/Internationalization/icudt64l/lang/en_LR.res" 1295
"../../../Engine/Content/Internationalization/icudt64l/region/en_LR.res" 1296
"../../../Engine/Content/Internationalization/icudt64l/lang/en_LS.res" 1297
"../../../Engine/Content/Internationalization/icudt64l/region/en_LS.res" 1298
"../../../Engine/Content/Internationalization/icudt64l/lang/en_MG.res" 1299
"../../../Engine/Content/Internationalization/icudt64l/region/en_MG.res" 1300
"../../../Engine/Content/Internationalization/icudt64l/lang/en_MO.res" 1301
"../../../Engine/Content/Internationalization/icudt64l/region/en_MO.res" 1302
"../../../Engine/Content/Internationalization/icudt64l/lang/en_MS.res" 1303
"../../../Engine/Content/Internationalization/icudt64l/region/en_MS.res" 1304
"../../../Engine/Content/Internationalization/icudt64l/lang/en_MT.res" 1305
"../../../Engine/Content/Internationalization/icudt64l/region/en_MT.res" 1306
"../../../Engine/Content/Internationalization/icudt64l/lang/en_MU.res" 1307
"../../../Engine/Content/Internationalization/icudt64l/region/en_MU.res" 1308
"../../../Engine/Content/Internationalization/icudt64l/lang/en_MW.res" 1309
"../../../Engine/Content/Internationalization/icudt64l/region/en_MW.res" 1310
"../../../Engine/Content/Internationalization/icudt64l/lang/en_MY.res" 1311
"../../../Engine/Content/Internationalization/icudt64l/region/en_MY.res" 1312
"../../../Engine/Content/Internationalization/icudt64l/lang/en_NA.res" 1313
"../../../Engine/Content/Internationalization/icudt64l/region/en_NA.res" 1314
"../../../Engine/Content/Internationalization/icudt64l/lang/en_NF.res" 1315
"../../../Engine/Content/Internationalization/icudt64l/region/en_NF.res" 1316
"../../../Engine/Content/Internationalization/icudt64l/lang/en_NG.res" 1317
"../../../Engine/Content/Internationalization/icudt64l/region/en_NG.res" 1318
"../../../Engine/Content/Internationalization/icudt64l/lang/en_NL.res" 1319
"../../../Engine/Content/Internationalization/icudt64l/region/en_NL.res" 1320
"../../../Engine/Content/Internationalization/icudt64l/lang/en_NR.res" 1321
"../../../Engine/Content/Internationalization/icudt64l/region/en_NR.res" 1322
"../../../Engine/Content/Internationalization/icudt64l/lang/en_NU.res" 1323
"../../../Engine/Content/Internationalization/icudt64l/region/en_NU.res" 1324
"../../../Engine/Content/Internationalization/icudt64l/lang/en_NZ.res" 1325
"../../../Engine/Content/Internationalization/icudt64l/region/en_NZ.res" 1326
"../../../Engine/Content/Internationalization/icudt64l/lang/en_PG.res" 1327
"../../../Engine/Content/Internationalization/icudt64l/region/en_PG.res" 1328
"../../../Engine/Content/Internationalization/icudt64l/lang/en_PH.res" 1329
"../../../Engine/Content/Internationalization/icudt64l/region/en_PH.res" 1330
"../../../Engine/Content/Internationalization/icudt64l/lang/en_PK.res" 1331
"../../../Engine/Content/Internationalization/icudt64l/region/en_PK.res" 1332
"../../../Engine/Content/Internationalization/icudt64l/lang/en_PN.res" 1333
"../../../Engine/Content/Internationalization/icudt64l/region/en_PN.res" 1334
"../../../Engine/Content/Internationalization/icudt64l/lang/en_PW.res" 1335
"../../../Engine/Content/Internationalization/icudt64l/region/en_PW.res" 1336
"../../../Engine/Content/Internationalization/icudt64l/lang/en_RW.res" 1337
"../../../Engine/Content/Internationalization/icudt64l/region/en_RW.res" 1338
"../../../Engine/Content/Internationalization/icudt64l/lang/en_SB.res" 1339
"../../../Engine/Content/Internationalization/icudt64l/region/en_SB.res" 1340
"../../../Engine/Content/Internationalization/icudt64l/lang/en_SC.res" 1341
"../../../Engine/Content/Internationalization/icudt64l/region/en_SC.res" 1342
"../../../Engine/Content/Internationalization/icudt64l/lang/en_SD.res" 1343
"../../../Engine/Content/Internationalization/icudt64l/region/en_SD.res" 1344
"../../../Engine/Content/Internationalization/icudt64l/lang/en_SE.res" 1345
"../../../Engine/Content/Internationalization/icudt64l/region/en_SE.res" 1346
"../../../Engine/Content/Internationalization/icudt64l/lang/en_SG.res" 1347
"../../../Engine/Content/Internationalization/icudt64l/region/en_SG.res" 1348
"../../../Engine/Content/Internationalization/icudt64l/lang/en_SH.res" 1349
"../../../Engine/Content/Internationalization/icudt64l/region/en_SH.res" 1350
"../../../Engine/Content/Internationalization/icudt64l/lang/en_SI.res" 1351
"../../../Engine/Content/Internationalization/icudt64l/region/en_SI.res" 1352
"../../../Engine/Content/Internationalization/icudt64l/lang/en_SL.res" 1353
"../../../Engine/Content/Internationalization/icudt64l/region/en_SL.res" 1354
"../../../Engine/Content/Internationalization/icudt64l/lang/en_SS.res" 1355
"../../../Engine/Content/Internationalization/icudt64l/region/en_SS.res" 1356
"../../../Engine/Content/Internationalization/icudt64l/lang/en_SX.res" 1357
"../../../Engine/Content/Internationalization/icudt64l/region/en_SX.res" 1358
"../../../Engine/Content/Internationalization/icudt64l/lang/en_SZ.res" 1359
"../../../Engine/Content/Internationalization/icudt64l/region/en_SZ.res" 1360
"../../../Engine/Content/Internationalization/icudt64l/lang/en_TC.res" 1361
"../../../Engine/Content/Internationalization/icudt64l/region/en_TC.res" 1362
"../../../Engine/Content/Internationalization/icudt64l/lang/en_TK.res" 1363
"../../../Engine/Content/Internationalization/icudt64l/region/en_TK.res" 1364
"../../../Engine/Content/Internationalization/icudt64l/lang/en_TO.res" 1365
"../../../Engine/Content/Internationalization/icudt64l/region/en_TO.res" 1366
"../../../Engine/Content/Internationalization/icudt64l/lang/en_TT.res" 1367
"../../../Engine/Content/Internationalization/icudt64l/region/en_TT.res" 1368
"../../../Engine/Content/Internationalization/icudt64l/lang/en_TV.res" 1369
"../../../Engine/Content/Internationalization/icudt64l/region/en_TV.res" 1370
"../../../Engine/Content/Internationalization/icudt64l/lang/en_TZ.res" 1371
"../../../Engine/Content/Internationalization/icudt64l/region/en_TZ.res" 1372
"../../../Engine/Content/Internationalization/icudt64l/lang/en_UG.res" 1373
"../../../Engine/Content/Internationalization/icudt64l/region/en_UG.res" 1374
"../../../Engine/Content/Internationalization/icudt64l/lang/en_VC.res" 1375
"../../../Engine/Content/Internationalization/icudt64l/region/en_VC.res" 1376
"../../../Engine/Content/Internationalization/icudt64l/lang/en_VG.res" 1377
"../../../Engine/Content/Internationalization/icudt64l/region/en_VG.res" 1378
"../../../Engine/Content/Internationalization/icudt64l/lang/en_VU.res" 1379
"../../../Engine/Content/Internationalization/icudt64l/region/en_VU.res" 1380
"../../../Engine/Content/Internationalization/icudt64l/lang/en_WS.res" 1381
"../../../Engine/Content/Internationalization/icudt64l/region/en_WS.res" 1382
"../../../Engine/Content/Internationalization/icudt64l/lang/en_ZA.res" 1383
"../../../Engine/Content/Internationalization/icudt64l/region/en_ZA.res" 1384
"../../../Engine/Content/Internationalization/icudt64l/lang/en_ZM.res" 1385
"../../../Engine/Content/Internationalization/icudt64l/region/en_ZM.res" 1386
"../../../Engine/Content/Internationalization/icudt64l/lang/en_ZW.res" 1387
"../../../Engine/Content/Internationalization/icudt64l/region/en_ZW.res" 1388
"../../../Engine/Content/Internationalization/icudt64l/lang/eo.res" 1389
"../../../Engine/Content/Internationalization/icudt64l/region/eo.res" 1390
"../../../Engine/Content/Internationalization/icudt64l/lang/es.res" 1391
"../../../Engine/Content/Internationalization/icudt64l/lang/es_419.res" 1392
"../../../Engine/Content/Internationalization/icudt64l/region/es_419.res" 1393
"../../../Engine/Content/Internationalization/icudt64l/region/es.res" 1394
"../../../Engine/Content/Internationalization/icudt64l/lang/es_AR.res" 1395
"../../../Engine/Content/Internationalization/icudt64l/region/es_AR.res" 1396
"../../../Engine/Content/Internationalization/icudt64l/lang/es_BO.res" 1397
"../../../Engine/Content/Internationalization/icudt64l/region/es_BO.res" 1398
"../../../Engine/Content/Internationalization/icudt64l/lang/es_BR.res" 1399
"../../../Engine/Content/Internationalization/icudt64l/region/es_BR.res" 1400
"../../../Engine/Content/Internationalization/icudt64l/lang/es_BZ.res" 1401
"../../../Engine/Content/Internationalization/icudt64l/region/es_BZ.res" 1402
"../../../Engine/Content/Internationalization/icudt64l/lang/es_CL.res" 1403
"../../../Engine/Content/Internationalization/icudt64l/region/es_CL.res" 1404
"../../../Engine/Content/Internationalization/icudt64l/lang/es_CO.res" 1405
"../../../Engine/Content/Internationalization/icudt64l/region/es_CO.res" 1406
"../../../Engine/Content/Internationalization/icudt64l/lang/es_CR.res" 1407
"../../../Engine/Content/Internationalization/icudt64l/region/es_CR.res" 1408
"../../../Engine/Content/Internationalization/icudt64l/lang/es_CU.res" 1409
"../../../Engine/Content/Internationalization/icudt64l/region/es_CU.res" 1410
"../../../Engine/Content/Internationalization/icudt64l/lang/es_DO.res" 1411
"../../../Engine/Content/Internationalization/icudt64l/region/es_DO.res" 1412
"../../../Engine/Content/Internationalization/icudt64l/lang/es_EC.res" 1413
"../../../Engine/Content/Internationalization/icudt64l/region/es_EC.res" 1414
"../../../Engine/Content/Internationalization/icudt64l/lang/es_GT.res" 1415
"../../../Engine/Content/Internationalization/icudt64l/region/es_GT.res" 1416
"../../../Engine/Content/Internationalization/icudt64l/lang/es_HN.res" 1417
"../../../Engine/Content/Internationalization/icudt64l/region/es_HN.res" 1418
"../../../Engine/Content/Internationalization/icudt64l/lang/es_MX.res" 1419
"../../../Engine/Content/Internationalization/icudt64l/region/es_MX.res" 1420
"../../../Engine/Content/Internationalization/icudt64l/lang/es_NI.res" 1421
"../../../Engine/Content/Internationalization/icudt64l/region/es_NI.res" 1422
"../../../Engine/Content/Internationalization/icudt64l/lang/es_PA.res" 1423
"../../../Engine/Content/Internationalization/icudt64l/region/es_PA.res" 1424
"../../../Engine/Content/Internationalization/icudt64l/lang/es_PE.res" 1425
"../../../Engine/Content/Internationalization/icudt64l/region/es_PE.res" 1426
"../../../Engine/Content/Internationalization/icudt64l/lang/es_PR.res" 1427
"../../../Engine/Content/Internationalization/icudt64l/region/es_PR.res" 1428
"../../../Engine/Content/Internationalization/icudt64l/lang/es_PY.res" 1429
"../../../Engine/Content/Internationalization/icudt64l/region/es_PY.res" 1430
"../../../Engine/Content/Internationalization/icudt64l/lang/es_SV.res" 1431
"../../../Engine/Content/Internationalization/icudt64l/region/es_SV.res" 1432
"../../../Engine/Content/Internationalization/icudt64l/lang/es_US.res" 1433
"../../../Engine/Content/Internationalization/icudt64l/region/es_US.res" 1434
"../../../Engine/Content/Internationalization/icudt64l/lang/es_UY.res" 1435
"../../../Engine/Content/Internationalization/icudt64l/region/es_UY.res" 1436
"../../../Engine/Content/Internationalization/icudt64l/lang/es_VE.res" 1437
"../../../Engine/Content/Internationalization/icudt64l/region/es_VE.res" 1438
"../../../Engine/Content/Internationalization/icudt64l/lang/et.res" 1439
"../../../Engine/Content/Internationalization/icudt64l/region/et.res" 1440
"../../../Engine/Content/Internationalization/icudt64l/lang/eu.res" 1441
"../../../Engine/Content/Internationalization/icudt64l/region/eu.res" 1442
"../../../Engine/Content/Internationalization/icudt64l/lang/ewo.res" 1443
"../../../Engine/Content/Internationalization/icudt64l/region/ewo.res" 1444
"../../../Engine/Content/Internationalization/icudt64l/lang/fa.res" 1445
"../../../Engine/Content/Internationalization/icudt64l/lang/fa_AF.res" 1446
"../../../Engine/Content/Internationalization/icudt64l/region/fa_AF.res" 1447
"../../../Engine/Content/Internationalization/icudt64l/region/fa.res" 1448
"../../../Engine/Content/Internationalization/icudt64l/lang/ff.res" 1449
"../../../Engine/Content/Internationalization/icudt64l/lang/ff_Latn.res" 1450
"../../../Engine/Content/Internationalization/icudt64l/region/ff.res" 1451
"../../../Engine/Content/Internationalization/icudt64l/region/ff_Latn.res" 1452
"../../../Engine/Content/Internationalization/icudt64l/lang/ff_CM.res" 1453
"../../../Engine/Content/Internationalization/icudt64l/lang/ff_Latn_CM.res" 1454
"../../../Engine/Content/Internationalization/icudt64l/region/ff_CM.res" 1455
"../../../Engine/Content/Internationalization/icudt64l/region/ff_Latn_CM.res" 1456
"../../../Engine/Content/Internationalization/icudt64l/lang/ff_GN.res" 1457
"../../../Engine/Content/Internationalization/icudt64l/lang/ff_Latn_GN.res" 1458
"../../../Engine/Content/Internationalization/icudt64l/region/ff_GN.res" 1459
"../../../Engine/Content/Internationalization/icudt64l/region/ff_Latn_GN.res" 1460
"../../../Engine/Content/Internationalization/icudt64l/lang/ff_MR.res" 1461
"../../../Engine/Content/Internationalization/icudt64l/lang/ff_Latn_MR.res" 1462
"../../../Engine/Content/Internationalization/icudt64l/region/ff_MR.res" 1463
"../../../Engine/Content/Internationalization/icudt64l/region/ff_Latn_MR.res" 1464
"../../../Engine/Content/Internationalization/icudt64l/lang/ff_SN.res" 1465
"../../../Engine/Content/Internationalization/icudt64l/lang/ff_Latn_SN.res" 1466
"../../../Engine/Content/Internationalization/icudt64l/region/ff_SN.res" 1467
"../../../Engine/Content/Internationalization/icudt64l/region/ff_Latn_SN.res" 1468
"../../../Engine/Content/Internationalization/icudt64l/lang/fi.res" 1469
"../../../Engine/Content/Internationalization/icudt64l/region/fi.res" 1470
"../../../Engine/Content/Internationalization/icudt64l/lang/fil.res" 1471
"../../../Engine/Content/Internationalization/icudt64l/lang/fil_PH.res" 1472
"../../../Engine/Content/Internationalization/icudt64l/region/fil_PH.res" 1473
"../../../Engine/Content/Internationalization/icudt64l/region/fil.res" 1474
"../../../Engine/Content/Internationalization/icudt64l/lang/fo.res" 1475
"../../../Engine/Content/Internationalization/icudt64l/region/fo.res" 1476
"../../../Engine/Content/Internationalization/icudt64l/lang/fr.res" 1477
"../../../Engine/Content/Internationalization/icudt64l/lang/fr_BE.res" 1478
"../../../Engine/Content/Internationalization/icudt64l/region/fr_BE.res" 1479
"../../../Engine/Content/Internationalization/icudt64l/region/fr.res" 1480
"../../../Engine/Content/Internationalization/icudt64l/lang/fr_CA.res" 1481
"../../../Engine/Content/Internationalization/icudt64l/region/fr_CA.res" 1482
"../../../Engine/Content/Internationalization/icudt64l/lang/fr_CH.res" 1483
"../../../Engine/Content/Internationalization/icudt64l/lang/fur.res" 1484
"../../../Engine/Content/Internationalization/icudt64l/region/fur.res" 1485
"../../../Engine/Content/Internationalization/icudt64l/lang/fy.res" 1486
"../../../Engine/Content/Internationalization/icudt64l/region/fy.res" 1487
"../../../Engine/Content/Internationalization/icudt64l/lang/ga.res" 1488
"../../../Engine/Content/Internationalization/icudt64l/region/ga.res" 1489
"../../../Engine/Content/Internationalization/icudt64l/lang/gd.res" 1490
"../../../Engine/Content/Internationalization/icudt64l/region/gd.res" 1491
"../../../Engine/Content/Internationalization/icudt64l/lang/gl.res" 1492
"../../../Engine/Content/Internationalization/icudt64l/region/gl.res" 1493
"../../../Engine/Content/Internationalization/icudt64l/lang/gsw.res" 1494
"../../../Engine/Content/Internationalization/icudt64l/region/gsw.res" 1495
"../../../Engine/Content/Internationalization/icudt64l/lang/gu.res" 1496
"../../../Engine/Content/Internationalization/icudt64l/region/gu.res" 1497
"../../../Engine/Content/Internationalization/icudt64l/lang/guz.res" 1498
"../../../Engine/Content/Internationalization/icudt64l/region/guz.res" 1499
"../../../Engine/Content/Internationalization/icudt64l/lang/gv.res" 1500
"../../../Engine/Content/Internationalization/icudt64l/region/gv.res" 1501
"../../../Engine/Content/Internationalization/icudt64l/lang/ha.res" 1502
"../../../Engine/Content/Internationalization/icudt64l/region/ha.res" 1503
"../../../Engine/Content/Internationalization/icudt64l/lang/ha_NE.res" 1504
"../../../Engine/Content/Internationalization/icudt64l/region/ha_NE.res" 1505
"../../../Engine/Content/Internationalization/icudt64l/lang/haw.res" 1506
"../../../Engine/Content/Internationalization/icudt64l/region/haw.res" 1507
"../../../Engine/Content/Internationalization/icudt64l/lang/he.res" 1508
"../../../Engine/Content/Internationalization/icudt64l/lang/he_IL.res" 1509
"../../../Engine/Content/Internationalization/icudt64l/region/he_IL.res" 1510
"../../../Engine/Content/Internationalization/icudt64l/region/he.res" 1511
"../../../Engine/Content/Internationalization/icudt64l/lang/hi.res" 1512
"../../../Engine/Content/Internationalization/icudt64l/region/hi.res" 1513
"../../../Engine/Content/Internationalization/icudt64l/lang/hr.res" 1514
"../../../Engine/Content/Internationalization/icudt64l/region/hr.res" 1515
"../../../Engine/Content/Internationalization/icudt64l/lang/hsb.res" 1516
"../../../Engine/Content/Internationalization/icudt64l/region/hsb.res" 1517
"../../../Engine/Content/Internationalization/icudt64l/lang/hu.res" 1518
"../../../Engine/Content/Internationalization/icudt64l/region/hu.res" 1519
"../../../Engine/Content/Internationalization/icudt64l/lang/hy.res" 1520
"../../../Engine/Content/Internationalization/icudt64l/region/hy.res" 1521
"../../../Engine/Content/Internationalization/icudt64l/lang/ia.res" 1522
"../../../Engine/Content/Internationalization/icudt64l/region/ia.res" 1523
"../../../Engine/Content/Internationalization/icudt64l/lang/id.res" 1524
"../../../Engine/Content/Internationalization/icudt64l/lang/id_ID.res" 1525
"../../../Engine/Content/Internationalization/icudt64l/region/id_ID.res" 1526
"../../../Engine/Content/Internationalization/icudt64l/region/id.res" 1527
"../../../Engine/Content/Internationalization/icudt64l/lang/ig.res" 1528
"../../../Engine/Content/Internationalization/icudt64l/region/ig.res" 1529
"../../../Engine/Content/Internationalization/icudt64l/lang/ii.res" 1530
"../../../Engine/Content/Internationalization/icudt64l/region/ii.res" 1531
"../../../Engine/Content/Internationalization/icudt64l/lang/is.res" 1532
"../../../Engine/Content/Internationalization/icudt64l/region/is.res" 1533
"../../../Engine/Content/Internationalization/icudt64l/lang/it.res" 1534
"../../../Engine/Content/Internationalization/icudt64l/region/it.res" 1535
"../../../Engine/Content/Internationalization/icudt64l/lang/ja.res" 1536
"../../../Engine/Content/Internationalization/icudt64l/lang/ja_JP.res" 1537
"../../../Engine/Content/Internationalization/icudt64l/region/ja_JP.res" 1538
"../../../Engine/Content/Internationalization/icudt64l/region/ja.res" 1539
"../../../Engine/Content/Internationalization/icudt64l/lang/jgo.res" 1540
"../../../Engine/Content/Internationalization/icudt64l/region/jgo.res" 1541
"../../../Engine/Content/Internationalization/icudt64l/lang/jmc.res" 1542
"../../../Engine/Content/Internationalization/icudt64l/region/jmc.res" 1543
"../../../Engine/Content/Internationalization/icudt64l/lang/jv.res" 1544
"../../../Engine/Content/Internationalization/icudt64l/region/jv.res" 1545
"../../../Engine/Content/Internationalization/icudt64l/lang/ka.res" 1546
"../../../Engine/Content/Internationalization/icudt64l/region/ka.res" 1547
"../../../Engine/Content/Internationalization/icudt64l/lang/kab.res" 1548
"../../../Engine/Content/Internationalization/icudt64l/region/kab.res" 1549
"../../../Engine/Content/Internationalization/icudt64l/lang/kam.res" 1550
"../../../Engine/Content/Internationalization/icudt64l/region/kam.res" 1551
"../../../Engine/Content/Internationalization/icudt64l/lang/kde.res" 1552
"../../../Engine/Content/Internationalization/icudt64l/region/kde.res" 1553
"../../../Engine/Content/Internationalization/icudt64l/lang/kea.res" 1554
"../../../Engine/Content/Internationalization/icudt64l/region/kea.res" 1555
"../../../Engine/Content/Internationalization/icudt64l/lang/khq.res" 1556
"../../../Engine/Content/Internationalization/icudt64l/region/khq.res" 1557
"../../../Engine/Content/Internationalization/icudt64l/lang/ki.res" 1558
"../../../Engine/Content/Internationalization/icudt64l/region/ki.res" 1559
"../../../Engine/Content/Internationalization/icudt64l/lang/kk.res" 1560
"../../../Engine/Content/Internationalization/icudt64l/region/kk.res" 1561
"../../../Engine/Content/Internationalization/icudt64l/lang/kkj.res" 1562
"../../../Engine/Content/Internationalization/icudt64l/region/kkj.res" 1563
"../../../Engine/Content/Internationalization/icudt64l/lang/kl.res" 1564
"../../../Engine/Content/Internationalization/icudt64l/region/kl.res" 1565
"../../../Engine/Content/Internationalization/icudt64l/lang/kln.res" 1566
"../../../Engine/Content/Internationalization/icudt64l/region/kln.res" 1567
"../../../Engine/Content/Internationalization/icudt64l/lang/km.res" 1568
"../../../Engine/Content/Internationalization/icudt64l/region/km.res" 1569
"../../../Engine/Content/Internationalization/icudt64l/lang/kn.res" 1570
"../../../Engine/Content/Internationalization/icudt64l/region/kn.res" 1571
"../../../Engine/Content/Internationalization/icudt64l/lang/ko.res" 1572
"../../../Engine/Content/Internationalization/icudt64l/region/ko_KP.res" 1573
"../../../Engine/Content/Internationalization/icudt64l/region/ko.res" 1574
"../../../Engine/Content/Internationalization/icudt64l/lang/kok.res" 1575
"../../../Engine/Content/Internationalization/icudt64l/region/kok.res" 1576
"../../../Engine/Content/Internationalization/icudt64l/lang/ks.res" 1577
"../../../Engine/Content/Internationalization/icudt64l/region/ks.res" 1578
"../../../Engine/Content/Internationalization/icudt64l/lang/ksb.res" 1579
"../../../Engine/Content/Internationalization/icudt64l/region/ksb.res" 1580
"../../../Engine/Content/Internationalization/icudt64l/lang/ksf.res" 1581
"../../../Engine/Content/Internationalization/icudt64l/region/ksf.res" 1582
"../../../Engine/Content/Internationalization/icudt64l/lang/ksh.res" 1583
"../../../Engine/Content/Internationalization/icudt64l/region/ksh.res" 1584
"../../../Engine/Content/Internationalization/icudt64l/lang/ku.res" 1585
"../../../Engine/Content/Internationalization/icudt64l/region/ku.res" 1586
"../../../Engine/Content/Internationalization/icudt64l/lang/kw.res" 1587
"../../../Engine/Content/Internationalization/icudt64l/region/kw.res" 1588
"../../../Engine/Content/Internationalization/icudt64l/lang/ky.res" 1589
"../../../Engine/Content/Internationalization/icudt64l/region/ky.res" 1590
"../../../Engine/Content/Internationalization/icudt64l/lang/lag.res" 1591
"../../../Engine/Content/Internationalization/icudt64l/region/lag.res" 1592
"../../../Engine/Content/Internationalization/icudt64l/lang/lb.res" 1593
"../../../Engine/Content/Internationalization/icudt64l/region/lb.res" 1594
"../../../Engine/Content/Internationalization/icudt64l/lang/lg.res" 1595
"../../../Engine/Content/Internationalization/icudt64l/region/lg.res" 1596
"../../../Engine/Content/Internationalization/icudt64l/lang/lkt.res" 1597
"../../../Engine/Content/Internationalization/icudt64l/region/lkt.res" 1598
"../../../Engine/Content/Internationalization/icudt64l/lang/ln.res" 1599
"../../../Engine/Content/Internationalization/icudt64l/region/ln.res" 1600
"../../../Engine/Content/Internationalization/icudt64l/lang/lo.res" 1601
"../../../Engine/Content/Internationalization/icudt64l/region/lo.res" 1602
"../../../Engine/Content/Internationalization/icudt64l/lang/lrc.res" 1603
"../../../Engine/Content/Internationalization/icudt64l/region/lrc.res" 1604
"../../../Engine/Content/Internationalization/icudt64l/lang/lt.res" 1605
"../../../Engine/Content/Internationalization/icudt64l/region/lt.res" 1606
"../../../Engine/Content/Internationalization/icudt64l/lang/lu.res" 1607
"../../../Engine/Content/Internationalization/icudt64l/region/lu.res" 1608
"../../../Engine/Content/Internationalization/icudt64l/lang/luo.res" 1609
"../../../Engine/Content/Internationalization/icudt64l/region/luo.res" 1610
"../../../Engine/Content/Internationalization/icudt64l/lang/luy.res" 1611
"../../../Engine/Content/Internationalization/icudt64l/region/luy.res" 1612
"../../../Engine/Content/Internationalization/icudt64l/lang/lv.res" 1613
"../../../Engine/Content/Internationalization/icudt64l/region/lv.res" 1614
"../../../Engine/Content/Internationalization/icudt64l/lang/mas.res" 1615
"../../../Engine/Content/Internationalization/icudt64l/region/mas.res" 1616
"../../../Engine/Content/Internationalization/icudt64l/lang/mer.res" 1617
"../../../Engine/Content/Internationalization/icudt64l/region/mer.res" 1618
"../../../Engine/Content/Internationalization/icudt64l/lang/mfe.res" 1619
"../../../Engine/Content/Internationalization/icudt64l/region/mfe.res" 1620
"../../../Engine/Content/Internationalization/icudt64l/lang/mg.res" 1621
"../../../Engine/Content/Internationalization/icudt64l/region/mg.res" 1622
"../../../Engine/Content/Internationalization/icudt64l/lang/mgh.res" 1623
"../../../Engine/Content/Internationalization/icudt64l/region/mgh.res" 1624
"../../../Engine/Content/Internationalization/icudt64l/lang/mgo.res" 1625
"../../../Engine/Content/Internationalization/icudt64l/region/mgo.res" 1626
"../../../Engine/Content/Internationalization/icudt64l/lang/mi.res" 1627
"../../../Engine/Content/Internationalization/icudt64l/region/mi.res" 1628
"../../../Engine/Content/Internationalization/icudt64l/lang/mk.res" 1629
"../../../Engine/Content/Internationalization/icudt64l/region/mk.res" 1630
"../../../Engine/Content/Internationalization/icudt64l/lang/ml.res" 1631
"../../../Engine/Content/Internationalization/icudt64l/region/ml.res" 1632
"../../../Engine/Content/Internationalization/icudt64l/lang/mn.res" 1633
"../../../Engine/Content/Internationalization/icudt64l/region/mn.res" 1634
"../../../Engine/Content/Internationalization/icudt64l/lang/mr.res" 1635
"../../../Engine/Content/Internationalization/icudt64l/region/mr.res" 1636
"../../../Engine/Content/Internationalization/icudt64l/lang/ms.res" 1637
"../../../Engine/Content/Internationalization/icudt64l/region/ms.res" 1638
"../../../Engine/Content/Internationalization/icudt64l/lang/mt.res" 1639
"../../../Engine/Content/Internationalization/icudt64l/region/mt.res" 1640
"../../../Engine/Content/Internationalization/icudt64l/lang/mua.res" 1641
"../../../Engine/Content/Internationalization/icudt64l/region/mua.res" 1642
"../../../Engine/Content/Internationalization/icudt64l/lang/my.res" 1643
"../../../Engine/Content/Internationalization/icudt64l/region/my.res" 1644
"../../../Engine/Content/Internationalization/icudt64l/lang/mzn.res" 1645
"../../../Engine/Content/Internationalization/icudt64l/region/mzn.res" 1646
"../../../Engine/Content/Internationalization/icudt64l/lang/naq.res" 1647
"../../../Engine/Content/Internationalization/icudt64l/region/naq.res" 1648
"../../../Engine/Content/Internationalization/icudt64l/lang/nb.res" 1649
"../../../Engine/Content/Internationalization/icudt64l/lang/nb_NO.res" 1650
"../../../Engine/Content/Internationalization/icudt64l/region/nb_NO.res" 1651
"../../../Engine/Content/Internationalization/icudt64l/region/nb.res" 1652
"../../../Engine/Content/Internationalization/icudt64l/lang/nd.res" 1653
"../../../Engine/Content/Internationalization/icudt64l/region/nd.res" 1654
"../../../Engine/Content/Internationalization/icudt64l/lang/nds.res" 1655
"../../../Engine/Content/Internationalization/icudt64l/region/nds.res" 1656
"../../../Engine/Content/Internationalization/icudt64l/lang/ne.res" 1657
"../../../Engine/Content/Internationalization/icudt64l/region/ne.res" 1658
"../../../Engine/Content/Internationalization/icudt64l/lang/nl.res" 1659
"../../../Engine/Content/Internationalization/icudt64l/region/nl.res" 1660
"../../../Engine/Content/Internationalization/icudt64l/lang/nmg.res" 1661
"../../../Engine/Content/Internationalization/icudt64l/region/nmg.res" 1662
"../../../Engine/Content/Internationalization/icudt64l/lang/nn.res" 1663
"../../../Engine/Content/Internationalization/icudt64l/lang/nn_NO.res" 1664
"../../../Engine/Content/Internationalization/icudt64l/region/nn_NO.res" 1665
"../../../Engine/Content/Internationalization/icudt64l/region/nn.res" 1666
"../../../Engine/Content/Internationalization/icudt64l/lang/nnh.res" 1667
"../../../Engine/Content/Internationalization/icudt64l/region/nnh.res" 1668
"../../../Engine/Content/Internationalization/icudt64l/lang/nus.res" 1669
"../../../Engine/Content/Internationalization/icudt64l/region/nus.res" 1670
"../../../Engine/Content/Internationalization/icudt64l/lang/nyn.res" 1671
"../../../Engine/Content/Internationalization/icudt64l/region/nyn.res" 1672
"../../../Engine/Content/Internationalization/icudt64l/lang/om.res" 1673
"../../../Engine/Content/Internationalization/icudt64l/region/om.res" 1674
"../../../Engine/Content/Internationalization/icudt64l/lang/or.res" 1675
"../../../Engine/Content/Internationalization/icudt64l/region/or.res" 1676
"../../../Engine/Content/Internationalization/icudt64l/lang/os.res" 1677
"../../../Engine/Content/Internationalization/icudt64l/region/os.res" 1678
"../../../Engine/Content/Internationalization/icudt64l/lang/pa.res" 1679
"../../../Engine/Content/Internationalization/icudt64l/lang/pa_Arab.res" 1680
"../../../Engine/Content/Internationalization/icudt64l/lang/pa_PK.res" 1681
"../../../Engine/Content/Internationalization/icudt64l/lang/pa_Arab_PK.res" 1682
"../../../Engine/Content/Internationalization/icudt64l/region/pa_PK.res" 1683
"../../../Engine/Content/Internationalization/icudt64l/region/pa_Arab_PK.res" 1684
"../../../Engine/Content/Internationalization/icudt64l/region/pa_Arab.res" 1685
"../../../Engine/Content/Internationalization/icudt64l/lang/pa_Guru.res" 1686
"../../../Engine/Content/Internationalization/icudt64l/lang/pa_IN.res" 1687
"../../../Engine/Content/Internationalization/icudt64l/lang/pa_Guru_IN.res" 1688
"../../../Engine/Content/Internationalization/icudt64l/region/pa_IN.res" 1689
"../../../Engine/Content/Internationalization/icudt64l/region/pa_Guru_IN.res" 1690
"../../../Engine/Content/Internationalization/icudt64l/region/pa_Guru.res" 1691
"../../../Engine/Content/Internationalization/icudt64l/region/pa.res" 1692
"../../../Engine/Content/Internationalization/icudt64l/lang/pl.res" 1693
"../../../Engine/Content/Internationalization/icudt64l/region/pl.res" 1694
"../../../Engine/Content/Internationalization/icudt64l/lang/ps.res" 1695
"../../../Engine/Content/Internationalization/icudt64l/region/ps.res" 1696
"../../../Engine/Content/Internationalization/icudt64l/lang/ps_PK.res" 1697
"../../../Engine/Content/Internationalization/icudt64l/region/ps_PK.res" 1698
"../../../Engine/Content/Internationalization/icudt64l/lang/pt.res" 1699
"../../../Engine/Content/Internationalization/icudt64l/lang/pt_AO.res" 1700
"../../../Engine/Content/Internationalization/icudt64l/lang/pt_PT.res" 1701
"../../../Engine/Content/Internationalization/icudt64l/region/pt_AO.res" 1702
"../../../Engine/Content/Internationalization/icudt64l/region/pt_PT.res" 1703
"../../../Engine/Content/Internationalization/icudt64l/region/pt.res" 1704
"../../../Engine/Content/Internationalization/icudt64l/lang/pt_CH.res" 1705
"../../../Engine/Content/Internationalization/icudt64l/region/pt_CH.res" 1706
"../../../Engine/Content/Internationalization/icudt64l/lang/pt_CV.res" 1707
"../../../Engine/Content/Internationalization/icudt64l/region/pt_CV.res" 1708
"../../../Engine/Content/Internationalization/icudt64l/lang/pt_GQ.res" 1709
"../../../Engine/Content/Internationalization/icudt64l/region/pt_GQ.res" 1710
"../../../Engine/Content/Internationalization/icudt64l/lang/pt_GW.res" 1711
"../../../Engine/Content/Internationalization/icudt64l/region/pt_GW.res" 1712
"../../../Engine/Content/Internationalization/icudt64l/lang/pt_LU.res" 1713
"../../../Engine/Content/Internationalization/icudt64l/region/pt_LU.res" 1714
"../../../Engine/Content/Internationalization/icudt64l/lang/pt_MO.res" 1715
"../../../Engine/Content/Internationalization/icudt64l/region/pt_MO.res" 1716
"../../../Engine/Content/Internationalization/icudt64l/lang/pt_MZ.res" 1717
"../../../Engine/Content/Internationalization/icudt64l/region/pt_MZ.res" 1718
"../../../Engine/Content/Internationalization/icudt64l/lang/pt_ST.res" 1719
"../../../Engine/Content/Internationalization/icudt64l/region/pt_ST.res" 1720
"../../../Engine/Content/Internationalization/icudt64l/lang/pt_TL.res" 1721
"../../../Engine/Content/Internationalization/icudt64l/region/pt_TL.res" 1722
"../../../Engine/Content/Internationalization/icudt64l/lang/qu.res" 1723
"../../../Engine/Content/Internationalization/icudt64l/region/qu.res" 1724
"../../../Engine/Content/Internationalization/icudt64l/lang/rm.res" 1725
"../../../Engine/Content/Internationalization/icudt64l/region/rm.res" 1726
"../../../Engine/Content/Internationalization/icudt64l/lang/rn.res" 1727
"../../../Engine/Content/Internationalization/icudt64l/region/rn.res" 1728
"../../../Engine/Content/Internationalization/icudt64l/lang/ro.res" 1729
"../../../Engine/Content/Internationalization/icudt64l/lang/ro_MD.res" 1730
"../../../Engine/Content/Internationalization/icudt64l/region/ro_MD.res" 1731
"../../../Engine/Content/Internationalization/icudt64l/region/ro.res" 1732
"../../../Engine/Content/Internationalization/icudt64l/lang/rof.res" 1733
"../../../Engine/Content/Internationalization/icudt64l/region/rof.res" 1734
"../../../Engine/Content/Internationalization/icudt64l/region/ru_UA.res" 1735
"../../../Engine/Content/Internationalization/icudt64l/lang/rw.res" 1736
"../../../Engine/Content/Internationalization/icudt64l/region/rw.res" 1737
"../../../Engine/Content/Internationalization/icudt64l/lang/rwk.res" 1738
"../../../Engine/Content/Internationalization/icudt64l/region/rwk.res" 1739
"../../../Engine/Content/Internationalization/icudt64l/lang/sah.res" 1740
"../../../Engine/Content/Internationalization/icudt64l/region/sah.res" 1741
"../../../Engine/Content/Internationalization/icudt64l/lang/saq.res" 1742
"../../../Engine/Content/Internationalization/icudt64l/region/saq.res" 1743
"../../../Engine/Content/Internationalization/icudt64l/lang/sbp.res" 1744
"../../../Engine/Content/Internationalization/icudt64l/region/sbp.res" 1745
"../../../Engine/Content/Internationalization/icudt64l/lang/sd.res" 1746
"../../../Engine/Content/Internationalization/icudt64l/region/sd.res" 1747
"../../../Engine/Content/Internationalization/icudt64l/lang/se.res" 1748
"../../../Engine/Content/Internationalization/icudt64l/lang/se_FI.res" 1749
"../../../Engine/Content/Internationalization/icudt64l/region/se_FI.res" 1750
"../../../Engine/Content/Internationalization/icudt64l/region/se.res" 1751
"../../../Engine/Content/Internationalization/icudt64l/lang/seh.res" 1752
"../../../Engine/Content/Internationalization/icudt64l/region/seh.res" 1753
"../../../Engine/Content/Internationalization/icudt64l/lang/ses.res" 1754
"../../../Engine/Content/Internationalization/icudt64l/region/ses.res" 1755
"../../../Engine/Content/Internationalization/icudt64l/lang/sg.res" 1756
"../../../Engine/Content/Internationalization/icudt64l/region/sg.res" 1757
"../../../Engine/Content/Internationalization/icudt64l/lang/shi.res" 1758
"../../../Engine/Content/Internationalization/icudt64l/lang/shi_Latn.res" 1759
"../../../Engine/Content/Internationalization/icudt64l/lang/shi_MA.res" 1760
"../../../Engine/Content/Internationalization/icudt64l/lang/shi_Tfng_MA.res" 1761
"../../../Engine/Content/Internationalization/icudt64l/lang/shi_Tfng.res" 1762
"../../../Engine/Content/Internationalization/icudt64l/region/shi_MA.res" 1763
"../../../Engine/Content/Internationalization/icudt64l/region/shi_Tfng_MA.res" 1764
"../../../Engine/Content/Internationalization/icudt64l/region/shi_Tfng.res" 1765
"../../../Engine/Content/Internationalization/icudt64l/region/shi.res" 1766
"../../../Engine/Content/Internationalization/icudt64l/region/shi_Latn.res" 1767
"../../../Engine/Content/Internationalization/icudt64l/lang/si.res" 1768
"../../../Engine/Content/Internationalization/icudt64l/region/si.res" 1769
"../../../Engine/Content/Internationalization/icudt64l/lang/sk.res" 1770
"../../../Engine/Content/Internationalization/icudt64l/region/sk.res" 1771
"../../../Engine/Content/Internationalization/icudt64l/lang/sl.res" 1772
"../../../Engine/Content/Internationalization/icudt64l/region/sl.res" 1773
"../../../Engine/Content/Internationalization/icudt64l/lang/smn.res" 1774
"../../../Engine/Content/Internationalization/icudt64l/region/smn.res" 1775
"../../../Engine/Content/Internationalization/icudt64l/lang/sn.res" 1776
"../../../Engine/Content/Internationalization/icudt64l/region/sn.res" 1777
"../../../Engine/Content/Internationalization/icudt64l/lang/so.res" 1778
"../../../Engine/Content/Internationalization/icudt64l/region/so.res" 1779
"../../../Engine/Content/Internationalization/icudt64l/lang/sq.res" 1780
"../../../Engine/Content/Internationalization/icudt64l/region/sq.res" 1781
"../../../Engine/Content/Internationalization/icudt64l/lang/sr.res" 1782
"../../../Engine/Content/Internationalization/icudt64l/lang/sr_Cyrl.res" 1783
"../../../Engine/Content/Internationalization/icudt64l/lang/sr_BA.res" 1784
"../../../Engine/Content/Internationalization/icudt64l/lang/sr_Cyrl_BA.res" 1785
"../../../Engine/Content/Internationalization/icudt64l/region/sr_BA.res" 1786
"../../../Engine/Content/Internationalization/icudt64l/region/sr_Cyrl_BA.res" 1787
"../../../Engine/Content/Internationalization/icudt64l/region/sr_Cyrl.res" 1788
"../../../Engine/Content/Internationalization/icudt64l/region/sr.res" 1789
"../../../Engine/Content/Internationalization/icudt64l/lang/sr_ME.res" 1790
"../../../Engine/Content/Internationalization/icudt64l/lang/sr_Latn_ME.res" 1791
"../../../Engine/Content/Internationalization/icudt64l/lang/sr_Latn.res" 1792
"../../../Engine/Content/Internationalization/icudt64l/region/sr_ME.res" 1793
"../../../Engine/Content/Internationalization/icudt64l/region/sr_Latn_ME.res" 1794
"../../../Engine/Content/Internationalization/icudt64l/region/sr_Latn.res" 1795
"../../../Engine/Content/Internationalization/icudt64l/lang/sr_Cyrl_ME.res" 1796
"../../../Engine/Content/Internationalization/icudt64l/region/sr_Cyrl_ME.res" 1797
"../../../Engine/Content/Internationalization/icudt64l/lang/sr_RS.res" 1798
"../../../Engine/Content/Internationalization/icudt64l/lang/sr_Cyrl_RS.res" 1799
"../../../Engine/Content/Internationalization/icudt64l/region/sr_RS.res" 1800
"../../../Engine/Content/Internationalization/icudt64l/region/sr_Cyrl_RS.res" 1801
"../../../Engine/Content/Internationalization/icudt64l/lang/sr_XK.res" 1802
"../../../Engine/Content/Internationalization/icudt64l/lang/sr_Cyrl_XK.res" 1803
"../../../Engine/Content/Internationalization/icudt64l/region/sr_XK.res" 1804
"../../../Engine/Content/Internationalization/icudt64l/region/sr_Cyrl_XK.res" 1805
"../../../Engine/Content/Internationalization/icudt64l/lang/sr_Latn_BA.res" 1806
"../../../Engine/Content/Internationalization/icudt64l/region/sr_Latn_BA.res" 1807
"../../../Engine/Content/Internationalization/icudt64l/lang/sr_Latn_RS.res" 1808
"../../../Engine/Content/Internationalization/icudt64l/region/sr_Latn_RS.res" 1809
"../../../Engine/Content/Internationalization/icudt64l/lang/sr_Latn_XK.res" 1810
"../../../Engine/Content/Internationalization/icudt64l/region/sr_Latn_XK.res" 1811
"../../../Engine/Content/Internationalization/icudt64l/lang/sv.res" 1812
"../../../Engine/Content/Internationalization/icudt64l/region/sv.res" 1813
"../../../Engine/Content/Internationalization/icudt64l/lang/sv_FI.res" 1814
"../../../Engine/Content/Internationalization/icudt64l/lang/sw.res" 1815
"../../../Engine/Content/Internationalization/icudt64l/lang/sw_CD.res" 1816
"../../../Engine/Content/Internationalization/icudt64l/region/sw_CD.res" 1817
"../../../Engine/Content/Internationalization/icudt64l/region/sw.res" 1818
"../../../Engine/Content/Internationalization/icudt64l/lang/sw_KE.res" 1819
"../../../Engine/Content/Internationalization/icudt64l/region/sw_KE.res" 1820
"../../../Engine/Content/Internationalization/icudt64l/lang/ta.res" 1821
"../../../Engine/Content/Internationalization/icudt64l/region/ta.res" 1822
"../../../Engine/Content/Internationalization/icudt64l/lang/te.res" 1823
"../../../Engine/Content/Internationalization/icudt64l/region/te.res" 1824
"../../../Engine/Content/Internationalization/icudt64l/lang/teo.res" 1825
"../../../Engine/Content/Internationalization/icudt64l/region/teo.res" 1826
"../../../Engine/Content/Internationalization/icudt64l/lang/tg.res" 1827
"../../../Engine/Content/Internationalization/icudt64l/region/tg.res" 1828
"../../../Engine/Content/Internationalization/icudt64l/lang/th.res" 1829
"../../../Engine/Content/Internationalization/icudt64l/lang/th_TH.res" 1830
"../../../Engine/Content/Internationalization/icudt64l/region/th_TH.res" 1831
"../../../Engine/Content/Internationalization/icudt64l/region/th.res" 1832
"../../../Engine/Content/Internationalization/icudt64l/lang/ti.res" 1833
"../../../Engine/Content/Internationalization/icudt64l/region/ti.res" 1834
"../../../Engine/Content/Internationalization/icudt64l/lang/tk.res" 1835
"../../../Engine/Content/Internationalization/icudt64l/region/tk.res" 1836
"../../../Engine/Content/Internationalization/icudt64l/lang/to.res" 1837
"../../../Engine/Content/Internationalization/icudt64l/region/to.res" 1838
"../../../Engine/Content/Internationalization/icudt64l/lang/tr.res" 1839
"../../../Engine/Content/Internationalization/icudt64l/region/tr.res" 1840
"../../../Engine/Content/Internationalization/icudt64l/lang/tt.res" 1841
"../../../Engine/Content/Internationalization/icudt64l/region/tt.res" 1842
"../../../Engine/Content/Internationalization/icudt64l/lang/twq.res" 1843
"../../../Engine/Content/Internationalization/icudt64l/region/twq.res" 1844
"../../../Engine/Content/Internationalization/icudt64l/lang/tzm.res" 1845
"../../../Engine/Content/Internationalization/icudt64l/region/tzm.res" 1846
"../../../Engine/Content/Internationalization/icudt64l/lang/ug.res" 1847
"../../../Engine/Content/Internationalization/icudt64l/region/ug.res" 1848
"../../../Engine/Content/Internationalization/icudt64l/lang/uk.res" 1849
"../../../Engine/Content/Internationalization/icudt64l/region/uk.res" 1850
"../../../Engine/Content/Internationalization/icudt64l/lang/ur.res" 1851
"../../../Engine/Content/Internationalization/icudt64l/lang/ur_IN.res" 1852
"../../../Engine/Content/Internationalization/icudt64l/region/ur_IN.res" 1853
"../../../Engine/Content/Internationalization/icudt64l/region/ur.res" 1854
"../../../Engine/Content/Internationalization/icudt64l/lang/uz.res" 1855
"../../../Engine/Content/Internationalization/icudt64l/lang/uz_Arab.res" 1856
"../../../Engine/Content/Internationalization/icudt64l/lang/uz_AF.res" 1857
"../../../Engine/Content/Internationalization/icudt64l/lang/uz_Arab_AF.res" 1858
"../../../Engine/Content/Internationalization/icudt64l/region/uz_AF.res" 1859
"../../../Engine/Content/Internationalization/icudt64l/region/uz_Arab_AF.res" 1860
"../../../Engine/Content/Internationalization/icudt64l/region/uz_Arab.res" 1861
"../../../Engine/Content/Internationalization/icudt64l/lang/uz_Cyrl.res" 1862
"../../../Engine/Content/Internationalization/icudt64l/lang/uz_UZ.res" 1863
"../../../Engine/Content/Internationalization/icudt64l/lang/uz_Latn_UZ.res" 1864
"../../../Engine/Content/Internationalization/icudt64l/lang/uz_Latn.res" 1865
"../../../Engine/Content/Internationalization/icudt64l/region/uz_UZ.res" 1866
"../../../Engine/Content/Internationalization/icudt64l/region/uz_Latn_UZ.res" 1867
"../../../Engine/Content/Internationalization/icudt64l/region/uz_Latn.res" 1868
"../../../Engine/Content/Internationalization/icudt64l/region/uz.res" 1869
"../../../Engine/Content/Internationalization/icudt64l/region/uz_Cyrl.res" 1870
"../../../Engine/Content/Internationalization/icudt64l/lang/vai.res" 1871
"../../../Engine/Content/Internationalization/icudt64l/lang/vai_Latn.res" 1872
"../../../Engine/Content/Internationalization/icudt64l/lang/vai_LR.res" 1873
"../../../Engine/Content/Internationalization/icudt64l/lang/vai_Vaii_LR.res" 1874
"../../../Engine/Content/Internationalization/icudt64l/lang/vai_Vaii.res" 1875
"../../../Engine/Content/Internationalization/icudt64l/region/vai_LR.res" 1876
"../../../Engine/Content/Internationalization/icudt64l/region/vai_Vaii_LR.res" 1877
"../../../Engine/Content/Internationalization/icudt64l/region/vai_Vaii.res" 1878
"../../../Engine/Content/Internationalization/icudt64l/region/vai.res" 1879
"../../../Engine/Content/Internationalization/icudt64l/region/vai_Latn.res" 1880
"../../../Engine/Content/Internationalization/icudt64l/lang/vi.res" 1881
"../../../Engine/Content/Internationalization/icudt64l/region/vi.res" 1882
"../../../Engine/Content/Internationalization/icudt64l/lang/vun.res" 1883
"../../../Engine/Content/Internationalization/icudt64l/region/vun.res" 1884
"../../../Engine/Content/Internationalization/icudt64l/lang/wae.res" 1885
"../../../Engine/Content/Internationalization/icudt64l/region/wae.res" 1886
"../../../Engine/Content/Internationalization/icudt64l/lang/wo.res" 1887
"../../../Engine/Content/Internationalization/icudt64l/region/wo.res" 1888
"../../../Engine/Content/Internationalization/icudt64l/lang/xh.res" 1889
"../../../Engine/Content/Internationalization/icudt64l/region/xh.res" 1890
"../../../Engine/Content/Internationalization/icudt64l/lang/xog.res" 1891
"../../../Engine/Content/Internationalization/icudt64l/region/xog.res" 1892
"../../../Engine/Content/Internationalization/icudt64l/lang/yav.res" 1893
"../../../Engine/Content/Internationalization/icudt64l/region/yav.res" 1894
"../../../Engine/Content/Internationalization/icudt64l/lang/yi.res" 1895
"../../../Engine/Content/Internationalization/icudt64l/region/yi.res" 1896
"../../../Engine/Content/Internationalization/icudt64l/lang/yo.res" 1897
"../../../Engine/Content/Internationalization/icudt64l/lang/yo_BJ.res" 1898
"../../../Engine/Content/Internationalization/icudt64l/region/yo_BJ.res" 1899
"../../../Engine/Content/Internationalization/icudt64l/region/yo.res" 1900
"../../../Engine/Content/Internationalization/icudt64l/lang/yue.res" 1901
"../../../Engine/Content/Internationalization/icudt64l/lang/yue_Hans.res" 1902
"../../../Engine/Content/Internationalization/icudt64l/lang/yue_CN.res" 1903
"../../../Engine/Content/Internationalization/icudt64l/lang/yue_Hans_CN.res" 1904
"../../../Engine/Content/Internationalization/icudt64l/region/yue_CN.res" 1905
"../../../Engine/Content/Internationalization/icudt64l/region/yue_Hans_CN.res" 1906
"../../../Engine/Content/Internationalization/icudt64l/region/yue_Hans.res" 1907
"../../../Engine/Content/Internationalization/icudt64l/lang/yue_Hant.res" 1908
"../../../Engine/Content/Internationalization/icudt64l/lang/yue_HK.res" 1909
"../../../Engine/Content/Internationalization/icudt64l/lang/yue_Hant_HK.res" 1910
"../../../Engine/Content/Internationalization/icudt64l/region/yue_HK.res" 1911
"../../../Engine/Content/Internationalization/icudt64l/region/yue_Hant_HK.res" 1912
"../../../Engine/Content/Internationalization/icudt64l/region/yue_Hant.res" 1913
"../../../Engine/Content/Internationalization/icudt64l/region/yue.res" 1914
"../../../Engine/Content/Internationalization/icudt64l/lang/zgh.res" 1915
"../../../Engine/Content/Internationalization/icudt64l/region/zgh.res" 1916
"../../../Engine/Content/Internationalization/icudt64l/lang/zh.res" 1917
"../../../Engine/Content/Internationalization/icudt64l/lang/zh_Hans.res" 1918
"../../../Engine/Content/Internationalization/icudt64l/lang/zh_CN.res" 1919
"../../../Engine/Content/Internationalization/icudt64l/lang/zh_Hans_CN.res" 1920
"../../../Engine/Content/Internationalization/icudt64l/region/zh_CN.res" 1921
"../../../Engine/Content/Internationalization/icudt64l/region/zh_Hans_CN.res" 1922
"../../../Engine/Content/Internationalization/icudt64l/region/zh_Hans.res" 1923
"../../../Engine/Content/Internationalization/icudt64l/region/zh.res" 1924
"../../../Engine/Content/Internationalization/icudt64l/lang/zh_HK.res" 1925
"../../../Engine/Content/Internationalization/icudt64l/lang/zh_Hant_HK.res" 1926
"../../../Engine/Content/Internationalization/icudt64l/lang/zh_Hant.res" 1927
"../../../Engine/Content/Internationalization/icudt64l/region/zh_HK.res" 1928
"../../../Engine/Content/Internationalization/icudt64l/region/zh_Hant_HK.res" 1929
"../../../Engine/Content/Internationalization/icudt64l/region/zh_Hant.res" 1930
"../../../Engine/Content/Internationalization/icudt64l/lang/zh_MO.res" 1931
"../../../Engine/Content/Internationalization/icudt64l/lang/zh_Hant_MO.res" 1932
"../../../Engine/Content/Internationalization/icudt64l/region/zh_MO.res" 1933
"../../../Engine/Content/Internationalization/icudt64l/region/zh_Hant_MO.res" 1934
"../../../Engine/Content/Internationalization/icudt64l/lang/zh_SG.res" 1935
"../../../Engine/Content/Internationalization/icudt64l/lang/zh_Hans_SG.res" 1936
"../../../Engine/Content/Internationalization/icudt64l/region/zh_SG.res" 1937
"../../../Engine/Content/Internationalization/icudt64l/region/zh_Hans_SG.res" 1938
"../../../Engine/Content/Internationalization/icudt64l/lang/zh_TW.res" 1939
"../../../Engine/Content/Internationalization/icudt64l/lang/zh_Hant_TW.res" 1940
"../../../Engine/Content/Internationalization/icudt64l/region/zh_TW.res" 1941
"../../../Engine/Content/Internationalization/icudt64l/region/zh_Hant_TW.res" 1942
"../../../Engine/Content/Internationalization/icudt64l/lang/zu.res" 1943
"../../../Engine/Content/Internationalization/icudt64l/region/zu.res" 1944
"../../../Engine/Content/Internationalization/icudt64l/lang/no.res" 1945
"../../../Engine/Content/Internationalization/icudt64l/lang/tl.res" 1946
"../../../Engine/Config/Android/DataDrivenPlatformInfo.ini" 1947
"../../../Engine/Config/IOS/DataDrivenPlatformInfo.ini" 1948
"../../../Engine/Config/Linux/DataDrivenPlatformInfo.ini" 1949
"../../../Engine/Config/Mac/DataDrivenPlatformInfo.ini" 1950
"../../../Engine/Config/TVOS/DataDrivenPlatformInfo.ini" 1951
"../../../Engine/Config/Unix/DataDrivenPlatformInfo.ini" 1952
"../../../Engine/Config/VulkanPC/DataDrivenPlatformInfo.ini" 1953
"../../../Engine/Config/Windows/DataDrivenPlatformInfo.ini" 1954
"../../../Engine/Platforms/VisionOS/Config/DataDrivenPlatformInfo.ini" 1955
"../../../Engine/DerivedDataCache/Compressed.ddp" 1956
"C:/Users/PC/AppData/Local/UnrealEngine/5.6/Saved/Zen/zen.version" 1957
"C:/Users/PC/AppData/Local/UnrealEngine/Common/Zen/Install/zen.version" 1958
"C:/Users/PC/AppData/Local/UnrealEngine/Common/Zen/Install/zenserver.runcontext" 1959
"C:/Users/PC/AppData/Local/UnrealEngine/Common/DerivedDataCache/TestData/0/TestData_4kb.dat" 1960
"C:/Users/PC/AppData/Local/UnrealEngine/Common/DerivedDataCache/TestData/1/TestData_4kb.dat" 1961
"C:/Users/PC/AppData/Local/UnrealEngine/Common/DerivedDataCache/TestData/0/TestData_8kb.dat" 1962
"C:/Users/PC/AppData/Local/UnrealEngine/Common/DerivedDataCache/TestData/1/TestData_8kb.dat" 1963
"C:/Users/PC/AppData/Local/UnrealEngine/Common/DerivedDataCache/TestData/0/TestData_16kb.dat" 1964
"C:/Users/PC/AppData/Local/UnrealEngine/Common/DerivedDataCache/TestData/1/TestData_16kb.dat" 1965
"C:/Users/PC/AppData/Local/UnrealEngine/Common/DerivedDataCache/TestData/0/TestData_64kb.dat" 1966
"C:/Users/PC/AppData/Local/UnrealEngine/Common/DerivedDataCache/TestData/1/TestData_64kb.dat" 1967
"C:/Users/PC/AppData/Local/UnrealEngine/Common/DerivedDataCache/TestData/0/TestData_128kb.dat" 1968
"C:/Users/PC/AppData/Local/UnrealEngine/Common/DerivedDataCache/TestData/1/TestData_128kb.dat" 1969
"C:/Users/PC/AppData/Local/UnrealEngine/Common/DerivedDataCache/TestData/0/TestData_256kb.dat" 1970
"C:/Users/PC/AppData/Local/UnrealEngine/Common/DerivedDataCache/TestData/1/TestData_256kb.dat" 1971
"C:/Users/PC/AppData/Roaming/Unreal Engine/UnrealBuildTool/BuildConfiguration.xml" 1972
"../../../../../../Projects/MyProject2/Intermediate/ShaderAutogen/PCD3D_SM6/AutogenShaderHeaders.ush" 1973
"../../../Engine/Shaders/Private/HairStrands/HairStrandsVertexFactory.ush" 1974
"../../../Engine/Shaders/Private/VertexFactoryCommon.ush" 1975
"../../../Engine/Shaders/Private/Common.ush" 1976
"../../../Engine/Shaders/Public/Platform.ush" 1977
"../../../Engine/Shaders/Public/FP16Math.ush" 1978
"../../../Engine/Shaders/Public/Platform/D3D/D3DCommon.ush" 1979
"../../../Engine/Shaders/Shared/HLSLReservedSpaces.h" 1980
"../../../Engine/Shaders/Public/BindlessResources.ush" 1981
"../../../Engine/Shaders/Public/Platform/D3D/PlatformBindlessResources.ush" 1982
"../../../Engine/Shaders/Shared/RayTracingBuiltInResources.h" 1983
"../../../Engine/Shaders/Shared/RayTracingDefinitions.h" 1984
"../../../Engine/Shaders/Public/OverloadMacros.ush" 1985
"../../../Engine/Shaders/Public/ShaderVersion.ush" 1986
"../../../Engine/Shaders/Shared/ThirdParty/NVIDIA/nvHLSLExtns.h" 1987
"../../../Engine/Shaders/Shared/ThirdParty/NVIDIA/nvHLSLExtnsInternal.h" 1988
"../../../Engine/Shaders/Shared/ThirdParty/NVIDIA/nvShaderExtnEnums.h" 1989
"../../../Engine/Shaders/Private/PackUnpack.ush" 1990
"../../../Engine/Shaders/Private/GeneratedUniformBufferTypes.ush" 1991
"../../../Engine/Shaders/Private/Nanite/NanitePackedNaniteView.ush" 1992
"../../../Engine/Shaders/Private/HairStrands/HairStrandsVisibilityCommonStruct.ush" 1993
"../../../Engine/Shaders/Private/HairStrands/HairStrandsVoxelPageCommonStruct.ush" 1994
"../../../Engine/Shaders/Private/HairStrands/HairStrandsDeepShadowCommonStruct.ush" 1995
"../../../Engine/Shaders/Shared/LightSceneData.h" 1996
"../../../Engine/Shaders/Shared/HLSLTypeAliases.h" 1997
"../../../Engine/Shaders/Private/LargeWorldCoordinates.ush" 1998
"../../../Engine/Shaders/Private/DoubleFloat.ush" 1999
"../../../Engine/Shaders/Private/RandomPCG.ush" 2000
"../../../Engine/Shaders/Private/DoubleFloatOperations.ush" 2001
"../../../Engine/Shaders/Private/DoubleFloatVectorDefinition.ush" 2002
"../../../Engine/Shaders/Private/LWCOperations.ush" 2003
"../../../Engine/Shaders/Shared/LightViewData.h" 2004
"../../../Engine/Shaders/Shared/RayTracingTypes.h" 2005
"../../../Engine/Shaders/Shared/HLSLStaticAssert.h" 2006
"../../../Engine/Shaders/Private/CommonViewUniformBuffer.ush" 2007
"../../../Engine/Shaders/Private/InstancedStereo.ush" 2008
"../../../Engine/Shaders/Private/Definitions.usf" 2009
"../../../Engine/Shaders/Private/AssertionMacros.ush" 2010
"../../../Engine/Shaders/Private/FastMath.ush" 2011
"../../../Engine/Shaders/Private/FastMathThirdParty.ush" 2012
"../../../Engine/Shaders/Private/Random.ush" 2013
"../../../Engine/Shaders/Private/RandomInterleavedGradientNoise.ush" 2014
"../../../Engine/Shaders/Private/SceneData.ush" 2015
"../../../Engine/Shaders/Private/OctahedralCommon.ush" 2016
"../../../Engine/Shaders/Private/WaveOpUtil.ush" 2017
"../../../Engine/Shaders/Private/ByteBuffer.ush" 2018
"../../../Engine/Shaders/Shared/SceneDefinitions.h" 2019
"../../../Engine/Shaders/Private/SceneDataMobileLoader.ush" 2020
"../../../Engine/Shaders/Private/LocalVertexFactoryCommon.ush" 2021
"../../../Engine/Shaders/Private/HairStrands/HairStrandsVisibilityCommon.ush" 2022
"../../../Engine/Shaders/Shared/HairStrandsDefinitions.h" 2023
"../../../Engine/Shaders/Private/HairStrands/HairStrandsVertexFactoryCommon.ush" 2024
"../../../Engine/Shaders/Private/HairStrands/HairStrandsPack.ush" 2025
"../../../Engine/Shaders/Private/HairStrands/HairStrandsAttributeCommon.ush" 2026
"../../../Engine/Shaders/Private/HairStrands/HairStrandsAttributeTemplate.ush" 2027
"../../../Engine/Shaders/Private/VertexFactoryDefaultInterface.ush" 2028
"../../../Engine/Shaders/Private/HairStrands/HairCardsVertexFactory.ush" 2029
"../../../Engine/Shaders/Private/HairStrands/HairCardsAttributeCommon.ush" 2030
"../../../Engine/Shaders/Private/RayTracing/RayTracingCommon.ush" 2031
"../../../Engine/Shaders/Private/ShadingCommon.ush" 2032
"../../../Engine/Shaders/Shared/RayTracingPayloadType.h" 2033
"../../../Engine/Shaders/Private/RayTracing/RayTracingRayCone.ush" 2034
"../../../Engine/Shaders/Private/Substrate/Substrate.ush" 2035
"../../../Engine/Shaders/Private/ShadingEnergyConservation.ush" 2036
"../../../Engine/Shaders/Private/ShadingEnergyConservationTemplate.ush" 2037
"../../../Engine/Shaders/Private/BRDF.ush" 2038
"../../../Engine/Shaders/Private/ColorSpace.ush" 2039
"../../../Engine/Shaders/Private/DeferredShadingCommon.ush" 2040
"../../../Engine/Shaders/Private/LightAccumulator.ush" 2041
"../../../Engine/Shaders/Private/SceneTexturesCommon.ush" 2042
"../../../Engine/Shaders/Private/MonteCarlo.ush" 2043
"../../../Engine/Shaders/Private/GBufferHelpers.ush" 2044
"../../../Engine/Shaders/Private/SceneTextureParameters.ush" 2045
"S:/Projects/MyProject2/Intermediate/ShaderAutogen/PCD3D_SM6/AutogenShaderHeaders.ush" 2046
"../../../Engine/Shaders/Private/ParticipatingMediaCommon.ush" 2047
"../../../Engine/Shaders/Private/ThinFilmBSDF.ush" 2048
"../../../Engine/Shaders/Private/MortonCode.ush" 2049
"../../../Engine/Shaders/Private/SubsurfaceProfileCommon.ush" 2050
"../../../Engine/Shaders/Private/BurleyNormalizedSSSCommon.ush" 2051
"../../../Engine/Shaders/Private/GammaCorrectionCommon.ush" 2052
"../../../Engine/Shaders/Shared/SubstrateDefinitions.h" 2053
"../../../Engine/Shaders/Private/Substrate/SubstrateStatisticalOperators.ush" 2054
"../../../Engine/Shaders/Private/Substrate/SubstrateSubsurface.ush" 2055
"../../../Engine/Shaders/Private/TransmissionCommon.ush" 2056
"../../../Engine/Shaders/Private/Substrate/SubstrateExportCommon.ush" 2057
"../../../Engine/Shaders/Private/SpecularProfileCommon.ush" 2058
"../../../Engine/Shaders/Private/RayTracing/RayTracingCommonMetal.ush" 2059
"../../../Engine/Shaders/Private/PositionReconstructionCommon.ush" 2060
"../../../Engine/Shaders/Private/RayTracing/TraceRayInline.ush" 2061
"../../../Engine/Shaders/Private/RayTracing/TraceRayInlineCommon.ush" 2062
"../../../Engine/Shaders/Private/RayTracing/TraceRayInlineVulkan.ush" 2063
"../../../Engine/Shaders/Private/RayTracing/TraceRayInlineMetal.ush" 2064
"../../../Engine/Shaders/Private/RayTracing/TraceRayInlineD3D12.ush" 2065
"../../../Engine/Shaders/Private/RayTracing/RayTracingHitGroupCommon.ush" 2066
"../../../Engine/Shaders/Private/Nanite/NaniteRayTrace.ush" 2067
"../../../Engine/Shaders/Private/Nanite/NaniteDataDecode.ush" 2068
"../../../Engine/Shaders/Private/BitPacking.ush" 2069
"../../../Engine/Shaders/Private/BitStreamReaderImplementation.ush" 2070
"../../../Engine/Shaders/Private/BoneTransform.ush" 2071
"../../../Engine/Shaders/Private/Quaternion.ush" 2072
"../../../Engine/Shaders/Shared/NaniteDefinitions.h" 2073
"../../../Engine/Shaders/Shared/SkinningDefinitions.h" 2074
"../../../Engine/Shaders/Private/Nanite/NaniteAttributeDecode.ush" 2075
"../../../Engine/Shaders/Private/Barycentrics.ush" 2076
"../../../Engine/Shaders/Private/DualNumber.ush" 2077
"../../../Engine/Shaders/Shared/ThirdParty/RayTriangleIntersection.h" 2078
"../../../Engine/Shaders/Private/Nanite/NaniteVertexFetch.ush" 2079
"../../../Engine/Shaders/Private/Nanite/NaniteSceneCommon.ush" 2080
"../../../Engine/Plugins/FX/Niagara/Shaders/Private/NiagaraSpriteVertexFactory.ush" 2081
"../../../Engine/Shaders/Private/ParticleVertexFactoryCommon.ush" 2082
"../../../Engine/Plugins/FX/Niagara/Shaders/Private/NiagaraVFCommon.usf" 2083
"../../../Engine/Plugins/FX/Niagara/Shaders/Private/NiagaraVFParticleAccess.usf" 2084
"../../../Engine/Plugins/FX/Niagara/Shaders/Private/NiagaraParticleAccess.ush" 2085
"../../../Engine/Plugins/FX/Niagara/Shaders/Private/NiagaraRibbonVertexFactory.ush" 2086
"../../../Engine/Plugins/FX/Niagara/Shaders/Private/NiagaraMeshVertexFactory.ush" 2087
"../../../Engine/Plugins/FX/Niagara/Shaders/Private/NiagaraCommon.ush" 2088
"../../../Engine/Plugins/FX/Niagara/Shaders/Private/NiagaraMeshParticleUtils.ush" 2089
"../../../Engine/Shaders/Private/VectorFieldVisualizationVertexFactory.ush" 2090
"../../../Engine/Shaders/Private/Nanite/NaniteVertexFactory.ush" 2091
"../../../Engine/Shaders/Private/LightmapData.ush" 2092
"../../../Engine/Shaders/Private/SplineMeshCommon.ush" 2093
"../../../Engine/Shaders/Shared/SplineMeshShaderParams.h" 2094
"../../../Engine/Shaders/Private/ShaderPrint.ush" 2095
"../../../Engine/Shaders/Private/ShaderPrintCommon.ush" 2096
"../../../Engine/Shaders/Private/MiniFontCommon.ush" 2097
"../../../Engine/Shaders/Private/MaterialCache/MaterialCacheCommon.ush" 2098
"../../../Engine/Shaders/Shared/MaterialCacheDefinitions.h" 2099
"../../../Engine/Shaders/Private/Nanite/NaniteVertexDeformation.ush" 2100
"../../../Engine/Shaders/Private/ViewData.ush" 2101
"../../../Engine/Shaders/Shared/ViewDefinitions.h" 2102
"../../../Engine/Shaders/Private/Matrices.ush" 2103
"../../../Engine/Shaders/Private/ParticleSpriteVertexFactory.ush" 2104
"../../../Engine/Shaders/Private/ParticleGPUSpriteVertexFactory.ush" 2105
"../../../Engine/Shaders/Private/ParticleSimulationCommon.ush" 2106
"../../../Engine/Shaders/Private/ParticleBeamTrailVertexFactory.ush" 2107
"../../../Engine/Shaders/Private/MeshParticleVertexFactory.ush" 2108
"../../../Engine/Shaders/Private/LocalVertexFactory.ush" 2109
"../../../Engine/Shaders/Private/GpuSkinCommon.ush" 2110
"../../../Engine/Shaders/Private/GpuSkinVertexFactory.ush" 2111
"../../../Engine/Shaders/Private/GeometryCollectionVertexFactory.ush" 2112
"../../../Engine/Shaders/Private/GeometryCacheVertexFactory.ush" 2113
"../../../Engine/Shaders/Private/LandscapeVertexFactory.ush" 2114
"../../../Engine/Plugins/Experimental/Compositing/CompositeCore/Shaders/Private/CompositeCoreMerge.usf" 2115
"../../../Engine/Shaders/Private/ScreenPass.ush" 2116
"../../../Engine/Shaders/Private/LensDistortion.ush" 2117
"../../../Engine/Plugins/Experimental/Compositing/CompositeCore/Shaders/Private/CompositeCoreDisplayTransform.usf" 2118
"../../../Engine/Plugins/Experimental/Compositing/CompositeCore/Shaders/Private/CompositeCoreDilate.usf" 2119
"../../../Engine/Plugins/Runtime/HairStrands/Shaders/Private/NiagaraCopyVelocityGrid.usf" 2120
"../../../Engine/Plugins/Runtime/HairStrands/Shaders/Private/NiagaraClearVelocityGrid.usf" 2121
"../../../Engine/Plugins/Runtime/HairStrands/Shaders/Private/NiagaraClearPressureGrid.usf" 2122
"../../../Engine/Plugins/Runtime/HairStrands/Shaders/Private/NiagaraInterpolateGroomGuides.usf" 2123
"../../../Engine/Plugins/Runtime/HairStrands/Shaders/Private/NiagaraGroomInterpolationUtils.ush" 2124
"../../../Engine/Plugins/FX/Niagara/Shaders/Private/NiagaraQuaternionUtils.ush" 2125
"../../../Engine/Shaders/Private/HairStrands/HairStrandsMesh.usf" 2126
"../../../Engine/Shaders/Private/HairStrands/HairStrandsBindingCommon.ush" 2127
"../../../Engine/Shaders/Private/HairStrands/HairStrandsFollicleMask.usf" 2128
"../../../Engine/Shaders/Private/HairStrands/HairStrandsSkinUpdate.usf" 2129
"../../../Engine/Shaders/Private/HairStrands/HairStrandsClusterCulling.usf" 2130
"../../../Engine/Shaders/Private/ColorMap.ush" 2131
"../../../Engine/Shaders/Private/HairStrands/HairStrandsAABBCommon.ush" 2132
"../../../Engine/Shaders/Private/HairStrands/HairStrandsClusterCommon.ush" 2133
"../../../Engine/Shaders/Private/ThreadGroupPrefixSum.ush" 2134
"../../../Engine/Shaders/Private/HairStrands/HairStrandsRaytracingGeometry.usf" 2135
"../../../Engine/Shaders/Private/HairStrands/HairStrandsTangent.usf" 2136
"../../../Engine/Shaders/Private/HairStrands/HairCardsDeformation.usf" 2137
"../../../Engine/Shaders/Private/HairStrands/HairStrandsInterpolation.usf" 2138
"../../../Engine/Shaders/Private/HairStrands/HairStrandsGuideDeform.usf" 2139
"../../../Engine/Shaders/Private/HairStrands/HairStrandsTexturesGeneration.usf" 2140
"../../../Engine/Shaders/Private/HairStrands/HairCardsTextureCommon.ush" 2141
"../../../Engine/Shaders/Private/HairStrands/HairStrandsTranscode.usf" 2142
"../../../Engine/Shaders/Private/HairStrands/HairStrandsDebug.usf" 2143
"../../../Engine/Shaders/Private/HairShadingCommon.ush" 2144
"../../../Engine/Shaders/Private/PostProcessCommon.ush" 2145
"../../../Engine/Shaders/Private/ShadingModels.ush" 2146
"../../../Engine/Shaders/Private/CapsuleLight.ush" 2147
"../../../Engine/Shaders/Private/RectLight.ush" 2148
"../../../Engine/Shaders/Private/LightData.ush" 2149
"../../../Engine/Shaders/Shared/LightDefinitions.h" 2150
"../../../Engine/Shaders/Private/AreaLightCommon.ush" 2151
"../../../Engine/Shaders/Private/HairBsdf.ush" 2152
"../../../Engine/Shaders/Private/MobileGGX.ush" 2153
"../../../Engine/Shaders/Private/HairStrands/HairStrandsCommon.ush" 2154
"../../../Engine/Shaders/Private/HairStrands/HairStrandsEnvironmentLightingCommon.ush" 2155
"../../../Engine/Shaders/Private/HairStrands/HairStrandsDeepTransmittanceCommon.ush" 2156
"../../../Engine/Shaders/Private/HairStrands/HairStrandsDeepTransmittanceDualScattering.ush" 2157
"../../../Engine/Shaders/Private/HairStrands/HairStrandsDeepShadowCommon.ush" 2158
"../../../Engine/Shaders/Private/HairStrands/HairStrandsDebugCommonStruct.ush" 2159
"../../../Engine/Plugins/NNE/NNEDenoiser/Shaders/NNEDenoiserShadersTransferFunctionOidn.usf" 2160
"../../../Engine/Plugins/NNE/NNEDenoiser/Shaders/NNEDenoiserShadersMappedCopy.usf" 2161
"../../../Engine/Plugins/NNE/NNEDenoiser/Shaders/NNEDenoiserShadersDefaultIOProcess.usf" 2162
"../../../Engine/Plugins/NNE/NNEDenoiser/Shaders/NNEDenoiserShadersAutoExposureReduceFinal.usf" 2163
"../../../Engine/Plugins/NNE/NNEDenoiser/Shaders/NNEDenoiserShadersAutoExposureReduce.usf" 2164
"../../../Engine/Plugins/NNE/NNEDenoiser/Shaders/NNEDenoiserShadersAutoExposureDownsample.usf" 2165
"../../../Engine/Plugins/Media/WmfMedia/Shaders/Private/MediaHardwareVideoDecoding.usf" 2166
"../../../Engine/Shaders/Private/ColorUtils.ush" 2167
"../../../Engine/Plugins/Media/ImgMedia/Shaders/Private/ExrSwizzler.usf" 2168
"../../../Engine/Plugins/Experimental/NFORDenoise/Shaders/NFORDenoise.usf" 2169
"../../../Engine/Plugins/Experimental/NFORDenoise/Shaders/NFORRegressionCommon.ush" 2170
"../../../Engine/Plugins/Experimental/NFORDenoise/Shaders/NFORRegression.ush" 2171
"../../../Engine/Plugins/VirtualProduction/CameraCalibrationCore/Shaders/Private/CrosshairOverlay.usf" 2172
"../../../Engine/Plugins/VirtualProduction/CameraCalibrationCore/Shaders/Private/DisplacementMapBlending.usf" 2173
"../../../Engine/Plugins/VirtualProduction/CameraCalibrationCore/Shaders/Private/RecenterSTDisplacementMaps.usf" 2174
"../../../Engine/Plugins/VirtualProduction/CameraCalibrationCore/Shaders/Private/FillSTDisplacementMap.usf" 2175
"../../../Engine/Plugins/VirtualProduction/CameraCalibrationCore/Shaders/Private/InvertDisplacementMap.usf" 2176
"../../../Engine/Plugins/VirtualProduction/CameraCalibrationCore/Shaders/Private/CropDisplacementMap.usf" 2177
"../../../Engine/Plugins/VirtualProduction/CameraCalibrationCore/Shaders/Private/BlendDisplacementMaps.usf" 2178
"../../../Engine/Plugins/VirtualProduction/CameraCalibrationCore/Shaders/Private/DrawDisplacementMaps.usf" 2179
"../../../Engine/Plugins/VirtualProduction/CameraCalibrationCore/Shaders/Private/UndistortImagePoints.usf" 2180
"../../../Engine/Plugins/VirtualProduction/CameraCalibrationCore/Shaders/Private/DistortionSTMapProcessor.usf" 2181
"../../../Engine/Plugins/Enterprise/GLTFExporter/Shaders/Private/SimpleTexture2DPS.usf" 2182
"../../../Engine/Shaders/Private/SimpleElementNormalMapPixelShader.usf" 2183
"../../../Engine/Plugins/FX/Niagara/Shaders/Private/NiagaraVertexFactoryExport.usf" 2184
"../../../Engine/Shaders/Private/ComputeShaderUtils.ush" 2185
"../../../Engine/Shaders/Private/MaterialTemplate.ush" 2186
"../../../Engine/Shaders/Private/WorldSpaceMath.ush" 2187
"../../../Engine/Shaders/Private/EyeAdaptationCommon.ush" 2188
"../../../Engine/Shaders/Private/SobolRandom.ush" 2189
"../../../Engine/Shaders/Private/DepthOfFieldCommon.ush" 2190
"../../../Engine/Shaders/Private/CircleDOFCommon.ush" 2191
"../../../Engine/Shaders/Private/DistanceField/GlobalDistanceFieldShared.ush" 2192
"../../../Engine/Shaders/Private/PhysicsFieldSampler.ush" 2193
"../../../Engine/Shaders/Private/PhysicsFieldShared.ush" 2194
"../../../Engine/Shaders/Private/SparseVolumeTexture/SparseVolumeTextureCommon.ush" 2195
"../../../Engine/Shaders/Shared/EnvironmentComponentsFlags.h" 2196
"../../../Engine/Shaders/Private/MeshPaintTextureCommon.ush" 2197
"../../../Engine/Shaders/Private/VirtualTextureMaterial.ush" 2198
"../../../Engine/Shaders/Private/MaterialCache/MaterialCacheMaterialCommon.ush" 2199
"../../../Engine/Shaders/Private/MaterialCache/MaterialCacheABuffer.ush" 2200
"../../../Engine/Shaders/Private/SpeedTreeCommon.ush" 2201
"../../../Engine/Shaders/Private/VirtualTextureCommon.ush" 2202
"../../../Engine/Shaders/Private/MaterialTexture.ush" 2203
"../../../Engine/Shaders/Private/MinMaterialTexCoords.ush" 2204
"../../../Engine/Shaders/Private/SkyAtmosphereCommon.ush" 2205
"../../../Engine/Shaders/Private/SingleLayerWaterCommon.ush" 2206
"../../../Engine/Shaders/Private/TextureSampling.ush" 2207
"../../../Engine/Shaders/Private/PaniniProjection.ush" 2208
"../../../Engine/Shaders/Private/DBufferNormalReprojection.ush" 2209
"../../../Engine/Shaders/Public/SubstratePublic.ush" 2210
"../../../Engine/Shaders/Private/Substrate/SubstrateTree.ush" 2211
"../../../Engine/Shaders/Private/Substrate/SubstrateEvaluation.ush" 2212
"../../../Engine/Shaders/Private/Substrate/Glint/GlintThirdParty.ush" 2213
"../../../Engine/Shaders/Private/BlueNoise.ush" 2214
"../../../Engine/Shaders/Private/SHCommon.ush" 2215
"../../../Engine/Shaders/Private/ShadingModelsSampling.ush" 2216
"../../../Engine/Shaders/Private/HairStrands/HairBsdfSample.ush" 2217
"../../../Engine/Shaders/Private/Substrate/SubstrateLegacyConversion.ush" 2218
"../../../Engine/Shaders/Private/DBufferDecalShared.ush" 2219
"../../../Engine/Plugins/FX/Niagara/Shaders/Private/NiagaraSortKeyGen.usf" 2220
"../../../Engine/Plugins/FX/Niagara/Shaders/Private/NiagaraGPURayTracingTransforms.usf" 2221
"../../../Engine/Plugins/FX/Niagara/Shaders/Private/NiagaraDrawIndirectArgsGen.usf" 2222
"../../../Engine/Plugins/FX/Niagara/Shaders/Private/NiagaraDispatchIndirectArgsGen.usf" 2223
"../../../Engine/Plugins/FX/Niagara/Shaders/Private/Stateless/NiagaraStatelessSimulationDefault.usf" 2224
"../../../Engine/Plugins/FX/Niagara/Shaders/Private/Stateless/NiagaraStatelessSimulationTemplate.ush" 2225
"../../../Engine/Plugins/FX/Niagara/Shaders/Private/Stateless/NiagaraStatelessCommon.ush" 2226
"../../../Engine/Plugins/FX/Niagara/Shaders/Shared/NiagaraStatelessDefinitions.h" 2227
"../../../Engine/Plugins/FX/Niagara/Shaders/Shared/NiagaraStatelessBuiltDistribution.h" 2228
"../../../Engine/Plugins/FX/Niagara/Shaders/Private/Stateless/NiagaraStatelessDistribution.ush" 2229
"../../../Engine/Plugins/FX/Niagara/Shaders/Private/Stateless/Modules/NiagaraStatelessModule_CalculateAccurateVelocity.ush" 2230
"../../../Engine/Plugins/FX/Niagara/Shaders/Private/Stateless/Modules/NiagaraStatelessModule_CameraOffset.ush" 2231
"../../../Engine/Plugins/FX/Niagara/Shaders/Private/Stateless/Modules/NiagaraStatelessModule_DynamicMaterialParameters.ush" 2232
"../../../Engine/Plugins/FX/Niagara/Shaders/Private/Stateless/Modules/NiagaraStatelessModule_InitializeParticle.ush" 2233
"../../../Engine/Plugins/FX/Niagara/Shaders/Private/Stateless/Modules/NiagaraStatelessModule_InitialMeshOrientation.ush" 2234
"../../../Engine/Plugins/FX/Niagara/Shaders/Private/Stateless/Modules/NiagaraStatelessModule_MeshIndex.ush" 2235
"../../../Engine/Plugins/FX/Niagara/Shaders/Private/Stateless/Modules/NiagaraStatelessModule_MeshRotationRate.ush" 2236
"../../../Engine/Plugins/FX/Niagara/Shaders/Private/Stateless/Modules/NiagaraStatelessModule_RotateAroundPoint.ush" 2237
"../../../Engine/Plugins/FX/Niagara/Shaders/Private/Stateless/Modules/NiagaraStatelessModule_ShapeLocation.ush" 2238
"../../../Engine/Plugins/FX/Niagara/Shaders/Private/Stateless/Modules/NiagaraStatelessModule_ScaleColor.ush" 2239
"../../../Engine/Plugins/FX/Niagara/Shaders/Private/Stateless/Modules/NiagaraStatelessModule_ScaleRibbonWidth.ush" 2240
"../../../Engine/Plugins/FX/Niagara/Shaders/Private/Stateless/Modules/NiagaraStatelessModule_ScaleSpriteSize.ush" 2241
"../../../Engine/Plugins/FX/Niagara/Shaders/Private/Stateless/Modules/NiagaraStatelessModule_ScaleSpriteSizeBySpeed.ush" 2242
"../../../Engine/Plugins/FX/Niagara/Shaders/Private/Stateless/Modules/NiagaraStatelessModule_ScaleMeshSize.ush" 2243
"../../../Engine/Plugins/FX/Niagara/Shaders/Private/Stateless/Modules/NiagaraStatelessModule_ScaleMeshSizebySpeed.ush" 2244
"../../../Engine/Plugins/FX/Niagara/Shaders/Private/Stateless/Modules/NiagaraStatelessModule_SolveVelocitiesAndForces.ush" 2245
"../../../Engine/Plugins/FX/Niagara/Shaders/Private/Stateless/Modules/NiagaraStatelessModule_SpriteFacingAndAlignment.ush" 2246
"../../../Engine/Plugins/FX/Niagara/Shaders/Private/Stateless/Modules/NiagaraStatelessModule_SpriteRotationRate.ush" 2247
"../../../Engine/Plugins/FX/Niagara/Shaders/Private/Stateless/Modules/NiagaraStatelessModule_SubUVAnimation.ush" 2248
"../../../Engine/Plugins/FX/Niagara/Shaders/Private/NiagaraBlendSVTsToDenseBuffer.usf" 2249
"../../../Engine/Plugins/FX/Niagara/Shaders/Private/NiagaraSVTToDenseBuffer.usf" 2250
"../../../Engine/Plugins/FX/Niagara/Shaders/Private/NiagaraFillIntBuffer.usf" 2251
"../../../Engine/Plugins/FX/Niagara/Shaders/Private/NiagaraComputeFreeIDs.usf" 2252
"../../../Engine/Plugins/FX/Niagara/Shaders/Private/NiagaraInitFreeIDBuffer.usf" 2253
"../../../Engine/Plugins/FX/Niagara/Shaders/Private/NiagaraEmitterInstanceShader.usf" 2254
"../../../Engine/Plugins/FX/Niagara/Shaders/Private/NiagaraShaderVersion.ush" 2255
"../../../Engine/Plugins/FX/Niagara/Shaders/Private/NiagaraPhysicsCommon.ush" 2256
"../../../Engine/Plugins/FX/Niagara/Shaders/Private/Ribbons/NiagaraRibbonAggregationApply.usf" 2257
"../../../Engine/Plugins/FX/Niagara/Shaders/Private/Ribbons/NiagaraRibbonCommon.ush" 2258
"../../../Engine/Plugins/FX/Niagara/Shaders/Private/Ribbons/NiagaraRibbonAggregationStep.usf" 2259
"../../../Engine/Plugins/FX/Niagara/Shaders/Private/Ribbons/NiagaraRibbonGenerateIndices.usf" 2260
"../../../Engine/Plugins/FX/Niagara/Shaders/Private/Ribbons/NiagaraRibbonInitializeIndices.usf" 2261
"../../../Engine/Plugins/FX/Niagara/Shaders/Private/Ribbons/NiagaraRibbonRibbonUVParamCalculation.usf" 2262
"../../../Engine/Plugins/FX/Niagara/Shaders/Private/Ribbons/NiagaraRibbonVertexReductionFinalization.usf" 2263
"../../../Engine/Plugins/FX/Niagara/Shaders/Private/Ribbons/NiagaraRibbonVertexReductionInitialization.usf" 2264
"../../../Engine/Plugins/FX/Niagara/Shaders/Private/Ribbons/NiagaraRibbonSortParticles.usf" 2265
"../../../Engine/Plugins/FX/Niagara/Shaders/Private/NiagaraLWCHelper.usf" 2266
"../../../Engine/Plugins/FX/Niagara/Shaders/Private/NiagaraUpdateMeshGPUSceneInstances.usf" 2267
"../../../Engine/Shaders/Private/GPUScene/GPUSceneWriter.ush" 2268
"../../../Engine/Plugins/FX/Niagara/Shaders/Private/NiagaraGenerateMips.usf" 2269
"../../../Engine/Plugins/FX/Niagara/Shaders/Private/NiagaraDebugDraw.usf" 2270
"../../../Engine/Plugins/FX/Niagara/Shaders/Private/NiagaraDebugDraw.ush" 2271
"../../../Engine/Plugins/FX/Niagara/Shaders/Private/NiagaraVisualizeTexture.usf" 2272
"../../../Engine/Plugins/FX/Niagara/Shaders/Private/NiagaraClearCounts.usf" 2273
"../../../Engine/Plugins/FX/Niagara/Shaders/Private/NiagaraBatchedElements.usf" 2274
"../../../Engine/Plugins/FX/Niagara/Shaders/Private/NiagaraRayTracingShaders.usf" 2275
"../../../Engine/Plugins/FX/Niagara/Shaders/Private/NiagaraAsyncGpuTraceCommon.ush" 2276
"../../../Engine/Shaders/Private/HashTable.ush" 2277
"../../../Engine/Shaders/Private/Hash.ush" 2278
"../../../Engine/Shaders/Private/RayTracing/VFXTraceRay.ush" 2279
"../../../Engine/Plugins/FX/Niagara/Shaders/Private/NiagaraRayMarchingShaders.usf" 2280
"../../../Engine/Plugins/FX/Niagara/Shaders/Private/NiagaraRayTraceCollisionGroupShaders.usf" 2281
"../../../Engine/Plugins/FX/Niagara/Shaders/Private/NiagaraAsyncGpuTraceUtils.usf" 2282
"../../../Engine/Plugins/Runtime/ComputeFramework/Shaders/Private/ComputeKernel.usf" 2283
"../../../Engine/Plugins/Runtime/ComputeFramework/Shaders/Private/ComputeKernelCommon.ush" 2284
"../../../Engine/Shaders/Private/VirtualTextureAdapter.usf" 2285
"../../../Engine/Shaders/Private/BlockCompressionCommon.ush" 2286
"../../../Engine/Shaders/Private/BCCompressionCommon.ush" 2287
"../../../Engine/Shaders/Private/TranslucentLightingShaders.usf" 2288
"../../../Engine/Shaders/Private/CubemapCommon.ush" 2289
"../../../Engine/Shaders/Private/VectorFieldCompositeShaders.usf" 2290
"../../../Engine/Shaders/Private/UpdateTextureShaders.usf" 2291
"../../../Engine/Shaders/Private/StereoLayerShader.usf" 2292
"../../../Engine/Shaders/Private/SparseVolumeTexture/UpdateSparseVolumeTexture.usf" 2293
"../../../Engine/Shaders/Private/MorphTargets.usf" 2294
"../../../Engine/Shaders/Private/SimpleElementColorChannelMaskPixelShader.usf" 2295
"../../../Engine/Shaders/Private/SimpleElementHitProxyPixelShader.usf" 2296
"../../../Engine/Shaders/Private/SimpleElementPixelShader.usf" 2297
"../../../Engine/Shaders/Private/IESLightProfilesCommon.ush" 2298
"../../../Engine/Shaders/Private/SimpleElementVertexShader.usf" 2299
"../../../Engine/Shaders/Private/ScreenPixelShaderOES.usf" 2300
"../../../Engine/Shaders/Private/ScreenVertexShader.usf" 2301
"../../../Engine/Shaders/Private/ScreenPixelShader.usf" 2302
"../../../Engine/Shaders/Private/SSProfilePreIntegratedMobile.usf" 2303
"../../../Engine/Shaders/Private/SpecularProfile.usf" 2304
"../../../Engine/Shaders/Private/Nanite/NaniteStreaming.usf" 2305
"../../../Engine/Shaders/Private/Nanite/NaniteStreaming.ush" 2306
"../../../Engine/Shaders/Private/Nanite/NaniteTranscode.usf" 2307
"../../../Engine/Shaders/Private/VolumetricLightmapStreaming.usf" 2308
"../../../Engine/Shaders/Private/PhysicsFieldReset.usf" 2309
"../../../Engine/Shaders/Private/PhysicsFieldBuilder.usf" 2310
"../../../Engine/Shaders/Private/PhysicsFieldEval.ush" 2311
"../../../Engine/Shaders/Private/ParticleSortKeyGen.usf" 2312
"../../../Engine/Shaders/Private/ParticleBoundsShader.usf" 2313
"../../../Engine/Shaders/Private/ParticleSimVisualizeShader.usf" 2314
"../../../Engine/Shaders/Private/ParticleInjectionShader.usf" 2315
"../../../Engine/Shaders/Private/ParticleSimulationShader.usf" 2316
"../../../Engine/Shaders/Private/ParticleCurveInjectionShader.usf" 2317
"../../../Engine/Shaders/Private/CopyUIntBuffer.usf" 2318
"../../../Engine/Shaders/Private/RadixSortShaders.usf" 2319
"../../../Engine/Shaders/Private/RecomputeTangentsPerVertexPass.usf" 2320
"../../../Engine/Shaders/Private/RecomputeTangentsCommon.ush" 2321
"../../../Engine/Shaders/Private/RecomputeTangentsPerTrianglePass.usf" 2322
"../../../Engine/Shaders/Private/GpuSkinCacheComputeShader.usf" 2323
"../../../Engine/Shaders/Private/HeightFieldAtlasManagement.usf" 2324
"../../../Engine/Shaders/Private/Landscape/LandscapeEditLayersUtils.usf" 2325
"../../../Engine/Shaders/Private/Landscape/LandscapeCommon.ush" 2326
"../../../Engine/Shaders/Private/Landscape/LandscapeEditLayersWeightmaps.usf" 2327
"../../../Engine/Shaders/Private/Landscape/LandscapeEditLayersHeightmaps.usf" 2328
"../../../Engine/Shaders/Private/Landscape/LandscapeLayersWeightmapsPS.usf" 2329
"../../../Engine/Shaders/Private/Landscape/LandscapeLayersHeightmapsPS.usf" 2330
"../../../Engine/Shaders/Private/LandscapeLayersCS.usf" 2331
"../../../Engine/Shaders/Private/LandscapeLayersPS.usf" 2332
"../../../Engine/Shaders/Private/LandscapeLayersVS.usf" 2333
"../../../Engine/Shaders/Private/LandscapePhysicalMaterial.usf" 2334
"../../../Engine/Shaders/Private/LandscapeGrassWeight.usf" 2335
"../../../Engine/Shaders/Private/Landscape/LandscapeCulling.usf" 2336
"../../../Engine/Shaders/Private/Nanite/NaniteHZBCull.ush" 2337
"../../../Engine/Shaders/Private/HZB.ush" 2338
"../../../Engine/Shaders/Private/Landscape/LandscapeMergeTexturesPS.usf" 2339
"../../../Engine/Shaders/Private/WideCustomResolveShaders.usf" 2340
"../../../Engine/Shaders/Private/WideCustomResolve_Wide.ush" 2341
"../../../Engine/Shaders/Private/WideCustomResolve_Wider.ush" 2342
"../../../Engine/Shaders/Private/WideCustomResolve_Widest.ush" 2343
"../../../Engine/Shaders/Private/WaterInfoTextureBlur.usf" 2344
"../../../Engine/Shaders/Private/WaterInfoTextureMerge.usf" 2345
"../../../Engine/Shaders/Private/PageTableUpdate.usf" 2346
"../../../Engine/Shaders/Private/VirtualTextureCompress.usf" 2347
"../../../Engine/Shaders/Private/ASTCCompressionCommon.ush" 2348
"../../../Engine/Shaders/Private/IntegerSequenceEncoding.ush" 2349
"../../../Engine/Shaders/Private/ETCCompressionCommon.ush" 2350
"../../../Engine/Shaders/Private/VirtualTextureMaterial.usf" 2351
"../../../Engine/Shaders/Private/PixelShaderOutputCommon.ush" 2352
"../../../Engine/Shaders/Private/ShaderOutputCommon.ush" 2353
"../../../Engine/Shaders/Private/VolumetricRenderTarget.usf" 2354
"../../../Engine/Shaders/Private/HeightFogCommon.ush" 2355
"../../../Engine/Shaders/Private/LocalFogVolumes/LocalFogVolumeCommon.ush" 2356
"../../../Engine/Shaders/Private/ReflectionEnvironmentShared.ush" 2357
"../../../Engine/Shaders/Private/VolumetricFogVoxelization.usf" 2358
"../../../Engine/Shaders/Private/VolumetricCloudMaterialPixelCommon.ush" 2359
"../../../Engine/Shaders/Private/VolumetricFogLightFunction.usf" 2360
"../../../Engine/Shaders/Private/LightFunctionCommon.ush" 2361
"../../../Engine/Shaders/Private/VolumetricFog.usf" 2362
"../../../Engine/Shaders/Private/DeferredLightingCommon.ush" 2363
"../../../Engine/Shaders/Private/DynamicLightingCommon.ush" 2364
"../../../Engine/Shaders/Private/CapsuleLightIntegrate.ush" 2365
"../../../Engine/Shaders/Private/CapsuleLightSampling.ush" 2366
"../../../Engine/Shaders/Private/RectLightIntegrate.ush" 2367
"../../../Engine/Shaders/Private/ScreenSpaceShadowRayCast.ush" 2368
"../../../Engine/Shaders/Private/LightFunctionAtlas/LightFunctionAtlasCommon.usf" 2369
"../../../Engine/Shaders/Private/HeterogeneousVolumes/HeterogeneousVolumesAdaptiveVolumetricShadowMapSampling.ush" 2370
"../../../Engine/Shaders/Private/HeterogeneousVolumes/HeterogeneousVolumesAdaptiveVolumetricShadowMapUtils.ush" 2371
"../../../Engine/Shaders/Private/HeterogeneousVolumes/HeterogeneousVolumesRayMarchingUtils.ush" 2372
"../../../Engine/Shaders/Private/HeterogeneousVolumes/HeterogeneousVolumesRayMarchingTypes.ush" 2373
"../../../Engine/Shaders/Private/PathTracing/Utilities/PathTracingRandomSequence.ush" 2374
"../../../Engine/Shaders/Private/HeterogeneousVolumes/HeterogeneousVolumesTracingUtils.ush" 2375
"../../../Engine/Shaders/Private/VelocityCommon.ush" 2376
"../../../Engine/Shaders/Private/HeterogeneousVolumes/HeterogeneousVolumesTransmittanceVolumeUtils.ush" 2377
"../../../Engine/Shaders/Private/ForwardShadowingCommon.ush" 2378
"../../../Engine/Shaders/Private/ShadowFilteringCommon.ush" 2379
"../../../Engine/Shaders/Private/PixelQuadMessagePassing.ush" 2380
"../../../Engine/Shaders/Private/VolumeLightingCommon.ush" 2381
"../../../Engine/Shaders/Private/ShadowProjectionCommon.ush" 2382
"../../../Engine/Shaders/Private/VolumeLightingCommonSampling.ush" 2383
"../../../Engine/Shaders/Private/Lumen/LumenTranslucencyVolumeShared.ush" 2384
"../../../Engine/Shaders/Private/Lumen/LumenRadianceCacheInterpolation.ush" 2385
"../../../Engine/Shaders/Private/HeterogeneousVolumes/HeterogeneousVolumesAdaptiveVolumetricShadowMapSampler.ush" 2386
"../../../Engine/Shaders/Private/LightGridCommon.ush" 2387
"../../../Engine/Shaders/Private/DistanceFieldAOShared.ush" 2388
"../../../Engine/Shaders/Private/IntersectionUtils.ush" 2389
"../../../Engine/Shaders/Private/VolumetricLightmapShared.ush" 2390
"../../../Engine/Shaders/Private/LightDataUniforms.ush" 2391
"../../../Engine/Shaders/Private/VirtualShadowMaps/VirtualShadowMapProjectionCommon.ush" 2392
"../../../Engine/Shaders/Private/VirtualShadowMaps/VirtualShadowMapPageAccessCommon.ush" 2393
"../../../Engine/Shaders/Shared/VirtualShadowMapDefinitions.h" 2394
"../../../Engine/Shaders/Shared/HLSLMathAliases.h" 2395
"../../../Engine/Shaders/Private/VirtualShadowMaps/VirtualShadowMapProjectionStructs.ush" 2396
"../../../Engine/Shaders/Private/VolumetricCloudCommon.ush" 2397
"../../../Engine/Shaders/Private/VolumetricCloud.usf" 2398
"../../../Engine/Shaders/Private/VisualizeVolumetricLightmap.usf" 2399
"../../../Engine/Shaders/Private/VirtualShadowMaps/VirtualShadowMapProjectionComposite.usf" 2400
"../../../Engine/Shaders/Private/LightShaderParameters.ush" 2401
"../../../Engine/Shaders/Private/VirtualShadowMaps/VirtualShadowMapMaskBitsCommon.ush" 2402
"../../../Engine/Shaders/Private/VirtualShadowMaps/VirtualShadowMapLightGrid.ush" 2403
"../../../Engine/Shaders/Private/VirtualShadowMaps/VirtualShadowMapProjection.usf" 2404
"../../../Engine/Shaders/Private/Visualization.ush" 2405
"../../../Engine/Shaders/Private/VirtualShadowMaps/VirtualShadowMapProjectionFilter.ush" 2406
"../../../Engine/Shaders/Private/VirtualShadowMaps/VirtualShadowMapProjectionDirectional.ush" 2407
"../../../Engine/Shaders/Private/VirtualShadowMaps/VirtualShadowMapSMRTCommon.ush" 2408
"../../../Engine/Shaders/Private/VirtualShadowMaps/VirtualShadowMapSMRTTemplate.ush" 2409
"../../../Engine/Shaders/Private/VirtualShadowMaps/VirtualShadowMapProjectionSpot.ush" 2410
"../../../Engine/Shaders/Private/VirtualShadowMaps/VirtualShadowMapTransmissionCommon.ush" 2411
"../../../Engine/Shaders/Private/VirtualShadowMaps/VirtualShadowMapScreenRayTrace.ush" 2412
"../../../Engine/Shaders/Private/VirtualShadowMaps/VirtualShadowMapStats.ush" 2413
"../../../Engine/Shaders/Private/HairStrands/HairStrandsVoxelPageCommon.ush" 2414
"../../../Engine/Shaders/Private/HairStrands/HairStrandsVoxelPageTraversal.ush" 2415
"../../../Engine/Shaders/Private/VirtualShadowMaps/VirtualShadowMapCacheGPUInvalidation.usf" 2416
"../../../Engine/Shaders/Private/VirtualShadowMaps/VirtualShadowMapPageCacheCommon.ush" 2417
"../../../Engine/Shaders/Private/VirtualShadowMaps/VirtualShadowMapCacheInvalidation.ush" 2418
"../../../Engine/Shaders/Private/VirtualShadowMaps/VirtualShadowMapPageOverlap.ush" 2419
"../../../Engine/Shaders/Private/ScreenSpaceDenoise/SSDDefinitions.ush" 2420
"../../../Engine/Shaders/Private/InstanceCulling/InstanceCullingLoadBalancer.ush" 2421
"../../../Engine/Shaders/Private/VirtualShadowMaps/VirtualShadowMapCacheLoadBalancer.usf" 2422
"../../../Engine/Shaders/Private/VirtualShadowMaps/VirtualShadowMapCopyStats.usf" 2423
"../../../Engine/Shaders/Private/VirtualShadowMaps/VirtualShadowMapDebug.usf" 2424
"../../../Engine/Shaders/Private/VirtualShadowMaps/Desaturate.usf" 2425
"../../../Engine/Shaders/Private/VirtualShadowMaps/VirtualShadowMapPhysicalPageManagement.usf" 2426
"../../../Engine/Shaders/Private/ReductionCommon.ush" 2427
"../../../Engine/Shaders/Private/GPUMessaging.ush" 2428
"../../../Engine/Shaders/Private/VirtualShadowMaps/VirtualShadowMapPerPageDispatch.ush" 2429
"../../../Engine/Shaders/Private/VirtualShadowMaps/VirtualShadowMapCompactViews.usf" 2430
"../../../Engine/Shaders/Shared/SceneCullingDefinitions.h" 2431
"../../../Engine/Shaders/Private/VirtualShadowMaps/VirtualShadowMapBuildPerPageDrawCommands.usf" 2432
"../../../Engine/Shaders/Private/Nanite/NaniteCullingCommon.ush" 2433
"../../../Engine/Shaders/Private/Nanite/NaniteCulling.ush" 2434
"../../../Engine/Shaders/Private/Nanite/NaniteHierarchyTraversalCommon.ush" 2435
"../../../Engine/Shaders/Private/InstanceCulling/InstanceCullingCommon.ush" 2436
"../../../Engine/Shaders/Shared/InstanceCullingDefinitions.h" 2437
"../../../Engine/Shaders/Private/VirtualShadowMaps/VirtualShadowMapPrintStats.usf" 2438
"../../../Engine/Shaders/Private/VirtualShadowMaps/VirtualShadowMapPageManagement.usf" 2439
"../../../Engine/Shaders/Private/VirtualShadowMaps/VirtualShadowMapPageMarking.usf" 2440
"../../../Engine/Shaders/Shared/SingleLayerWaterDefinitions.h" 2441
"../../../Engine/Shaders/Private/HairStrands/HairStrandsTileCommon.ush" 2442
"../../../Engine/Shaders/Private/Froxel/Froxel.ush" 2443
"../../../Engine/Shaders/Shared/FroxelDefinitions.h" 2444
"../../../Engine/Shaders/Private/DiaphragmDOF/DOFCommon.ush" 2445
"../../../Engine/Shaders/Private/VariableRateShading/VRSShadingRatePreview.usf" 2446
"../../../Engine/Shaders/Private/VariableRateShading/VRSShadingRateCommon.ush" 2447
"../../../Engine/Shaders/Private/VariableRateShading/VRSShadingRateCombine.usf" 2448
"../../../Engine/Shaders/Private/VariableRateShading/VRSShadingRateFoveated.usf" 2449
"../../../Engine/Shaders/Private/VariableRateShading/VRSShadingRateReproject.usf" 2450
"../../../Engine/Shaders/Private/VariableRateShading/VRSShadingRateCalculate.usf" 2451
"../../../Engine/Shaders/Private/TranslucencyUpsampling.usf" 2452
"../../../Engine/Shaders/Private/ComposeSeparateTranslucency.usf" 2453
"../../../Engine/Shaders/Private/SeparateTranslucency.ush" 2454
"../../../Engine/Shaders/Private/TranslucentLightInjectionShaders.usf" 2455
"../../../Engine/Shaders/Private/TranslucentShadowDepthShaders.usf" 2456
"../../../Engine/Shaders/Private/ShadowDepthCommon.ush" 2457
"../../../Engine/Shaders/Private/RayTracing/RayTracingTest.usf" 2458
"../../../Engine/Shaders/Private/PostprocessSubsurfaceTile.usf" 2459
"../../../Engine/Shaders/Private/PostProcessSubsurfaceCommon.ush" 2460
"../../../Engine/Shaders/Private/Substrate/SubstrateVisualize.usf" 2461
"../../../Engine/Shaders/Private/Substrate/SubstrateTile.ush" 2462
"../../../Engine/Shaders/Shared/SubstrateVisualizeDefinitions.h" 2463
"../../../Engine/Shaders/Private/Substrate/SubstrateVisualizeCommon.ush" 2464
"../../../Engine/Shaders/Private/SkyLightingDiffuseShared.ush" 2465
"../../../Engine/Shaders/Private/SkyLightingShared.ush" 2466
"../../../Engine/Shaders/Private/ClearCoatCommon.ush" 2467
"../../../Engine/Shaders/Private/ReflectionEnvironmentComposite.ush" 2468
"../../../Engine/Shaders/Private/Substrate/SubstrateLightingCommon.ush" 2469
"../../../Engine/Shaders/Private/Substrate/SubstrateRoughRefraction.usf" 2470
"../../../Engine/Shaders/Private/PathTracing/Material/PathTracingFresnel.ush" 2471
"../../../Engine/Shaders/Private/PathTracing/Material/PathTracingGlossy.ush" 2472
"../../../Engine/Shaders/Private/Substrate/SubstrateMaterialSampling.usf" 2473
"../../../Engine/Shaders/Private/Substrate/SubstrateMaterialSampling.ush" 2474
"../../../Engine/Shaders/Private/Lumen/LumenPosition.ush" 2475
"../../../Engine/Shaders/Private/Substrate/SubstrateTile.usf" 2476
"../../../Engine/Shaders/Private/Substrate/SubstrateMaterialClassification.usf" 2477
"../../../Engine/Shaders/Private/Substrate/SubstrateDBuffer.usf" 2478
"../../../Engine/Shaders/Private/StochasticLighting/StochasticLightingDenoising.usf" 2479
"../../../Engine/Shaders/Private/Lumen/LumenMaterial.ush" 2480
"../../../Engine/Shaders/Private/StochasticLighting/StochasticLightingCommon.ush" 2481
"../../../Engine/Shaders/Private/SplineMeshSceneTexture.usf" 2482
"../../../Engine/Shaders/Private/SparseVolumeTexture/VisualizeSparseVolumeTexture.usf" 2483
"../../../Engine/Shaders/Private/SkyAtmosphere.usf" 2484
"../../../Engine/Shaders/Private/Skinning/SkinnedMeshDebug.usf" 2485
"../../../Engine/Shaders/Private/Skinning/AnimBankEval.usf" 2486
"../../../Engine/Shaders/Private/SingleLayerWaterComposite.usf" 2487
"../../../Engine/Shaders/Private/Froxel/FroxelBuild.ush" 2488
"../../../Engine/Shaders/Private/SingleLayerWaterRefractionCulling.usf" 2489
"../../../Engine/Shaders/Private/ScreenSpaceShadows.usf" 2490
"../../../Engine/Shaders/Private/bend_sss_gpu.ush" 2491
"../../../Engine/Shaders/Private/ShadowFactorsUpsampleCommon.ush" 2492
"../../../Engine/Shaders/Private/FirstPersonSelfShadow.usf" 2493
"../../../Engine/Shaders/Private/HZBTracing.ush" 2494
"../../../Engine/Shaders/Private/ShadowProjectionVertexShader.usf" 2495
"../../../Engine/Shaders/Private/ShadowProjectionPixelShader.usf" 2496
"../../../Engine/Shaders/Private/MobileLightingCommon.ush" 2497
"../../../Engine/Shaders/Private/PlanarReflectionShared.ush" 2498
"../../../Engine/Shaders/Private/MobileSSR.ush" 2499
"../../../Engine/Shaders/Private/SSRT/SSRTRayCast.ush" 2500
"../../../Engine/Shaders/Private/ShadowPercentageCloserFiltering.ush" 2501
"../../../Engine/Shaders/Private/TransmissionThickness.ush" 2502
"../../../Engine/Shaders/Private/CopyShadowMaps.usf" 2503
"../../../Engine/Shaders/Private/ShadowDepthPixelShader.usf" 2504
"../../../Engine/Shaders/Private/ShadowDepthVertexShader.usf" 2505
"../../../Engine/Shaders/Private/ShadingEnergyConservationTable.usf" 2506
"../../../Engine/Shaders/Shared/PathTracingDefinitions.h" 2507
"../../../Engine/Shaders/Private/ShadingFurnaceTest.usf" 2508
"../../../Engine/Shaders/Private/Substrate/SubstrateDeferredLighting.ush" 2509
"../../../Engine/Shaders/Private/ShaderPrintDraw.usf" 2510
"../../../Engine/Shaders/Private/ShaderPrintDrawPrimitive.usf" 2511
"../../../Engine/Shaders/Private/DefaultSSRTiles.usf" 2512
"../../../Engine/Shaders/Private/ScreenSpaceReflectionTileCommons.ush" 2513
"../../../Engine/Shaders/Private/SSRT/SSRTDiffuseIndirect.usf" 2514
"../../../Engine/Shaders/Private/SSRT/SSRTTileClassificationBuffer.ush" 2515
"../../../Engine/Shaders/Private/SSRT/SSRTReflections.usf" 2516
"../../../Engine/Shaders/Private/ScreenSpaceDenoise/SSDPublic.ush" 2517
"../../../Engine/Shaders/Private/SSRT/SSRTTileClassification.usf" 2518
"../../../Engine/Shaders/Private/SSRT/SSRTPrevFrameReduction.usf" 2519
"../../../Engine/Shaders/Private/ScreenSpaceDenoise/SSDComposeHarmonics.usf" 2520
"../../../Engine/Shaders/Private/ScreenSpaceDenoise/SSDPublicHarmonics.ush" 2521
"../../../Engine/Shaders/Private/ScreenSpaceDenoise/SSDSignalFramework.ush" 2522
"../../../Engine/Shaders/Private/ScreenSpaceDenoise/SSDCommon.ush" 2523
"../../../Engine/Shaders/Private/SphericalGaussian.ush" 2524
"../../../Engine/Shaders/Public/WaveBroadcastIntrinsics.ush" 2525
"../../../Engine/Shaders/Private/ScreenSpaceDenoise/SSDMetadata.ush" 2526
"../../../Engine/Shaders/Private/ScreenSpaceDenoise/SSDSignalCore.ush" 2527
"../../../Engine/Shaders/Private/ScreenSpaceDenoise/DenoisingCommon.ush" 2528
"../../../Engine/Shaders/Private/ScreenSpaceDenoise/SSDSignalArray.ush" 2529
"../../../Engine/Shaders/Private/ScreenSpaceDenoise/SSDSignalBufferEncoding.ush" 2530
"../../../Engine/Shaders/Private/ScreenSpaceDenoise/SSDPublicBufferEncoding.ush" 2531
"../../../Engine/Shaders/Private/Lumen/LumenBufferEncoding.ush" 2532
"../../../Engine/Shaders/Private/ScreenSpaceDenoise/SSDTemporalAccumulation.usf" 2533
"../../../Engine/Shaders/Private/ScreenSpaceDenoise/SSDSpatialKernel.ush" 2534
"../../../Engine/Shaders/Private/ScreenSpaceDenoise/SSDSignalAccumulatorArray.ush" 2535
"../../../Engine/Shaders/Private/ScreenSpaceDenoise/SSDSignalAccumulator.ush" 2536
"../../../Engine/Shaders/Private/ScreenSpaceDenoise/SSDSignalCompression.ush" 2537
"../../../Engine/Shaders/Private/ScreenSpaceDenoise/SSDSpatialAccumulation.usf" 2538
"../../../Engine/Shaders/Private/ScreenSpaceDenoise/SSDInjest.usf" 2539
"../../../Engine/Shaders/Private/ScreenSpaceDenoise/SSDCompressMetadata.usf" 2540
"../../../Engine/Shaders/Private/DownsampleDepthPixelShader.usf" 2541
"../../../Engine/Shaders/Private/ScreenPass.usf" 2542
"../../../Engine/Shaders/Private/HZB.usf" 2543
"../../../Engine/Shaders/Private/OcclusionFeedbackShaders.usf" 2544
"../../../Engine/Shaders/Private/HZBOcclusion.usf" 2545
"../../../Engine/Shaders/Private/OcclusionQueryPixelShader.usf" 2546
"../../../Engine/Shaders/Private/OcclusionQueryVertexShader.usf" 2547
"../../../Engine/Shaders/Private/HitProxyCopy.usf" 2548
"../../../Engine/Shaders/Private/HitProxyPixelShader.usf" 2549
"../../../Engine/Shaders/Private/HitProxyVertexShader.usf" 2550
"../../../Engine/Shaders/Private/SceneCulling/SceneCullingDebugRender.usf" 2551
"../../../Engine/Shaders/Private/SceneCulling/SceneCulling.ush" 2552
"../../../Engine/Shaders/Private/SceneCulling/SceneCullingBuildExplicitBounds.usf" 2553
"../../../Engine/Shaders/Private/SceneCapturePixelShader.usf" 2554
"../../../Engine/Shaders/Private/RendererUtils.usf" 2555
"../../../Engine/Shaders/Private/RTWriteMaskDecode.usf" 2556
"../../../Engine/Shaders/Private/ReflectionEnvironmentShaders.usf" 2557
"../../../Engine/Shaders/Private/RectLightAtlas.usf" 2558
"../../../Engine/Shaders/Private/RayTracing/TraceRayInlineStatistics.usf" 2559
"../../../Engine/Shaders/Private/RayTracing/CompositeSkyLightPS.usf" 2560
"../../../Engine/Shaders/Private/RayTracing/GenerateSkyLightVisibilityRaysCS.usf" 2561
"../../../Engine/Shaders/Private/RayTracing/RayTracingSkyLightCommon.ush" 2562
"../../../Engine/Shaders/Private/RayTracing/SkyLightVisibilityRaysData.ush" 2563
"../../../Engine/Shaders/Private/Raytracing/RaytracingSkylightRGS.usf" 2564
"../../../Engine/Shaders/Private/HairStrands/HairStrandsRaytracing.ush" 2565
"../../../Engine/Shaders/Private/Raytracing/RayTracingSkyLightEvaluation.ush" 2566
"../../../Engine/Shaders/Private/Raytracing/RayTracingDeferredShadingCommon.ush" 2567
"../../../Engine/Shaders/Private/RayTracing/RayTracingOcclusionRGS.usf" 2568
"../../../Engine/Shaders/Private/RayTracing/RayTracingDirectionalLight.ush" 2569
"../../../Engine/Shaders/Private/RayTracing/RayTracingRectLight.ush" 2570
"../../../Engine/Shaders/Private/RayTracing/RayTracingSphereLight.ush" 2571
"../../../Engine/Shaders/Private/RayTracing/RayTracingCapsuleLight.ush" 2572
"../../../Engine/Shaders/Private/Raytracing/RayTracingFeedback.usf" 2573
"../../../Engine/Shaders/Shared/RayTracingDebugTypes.h" 2574
"../../../Engine/Shaders/Private/RayTracing/RayTracingPrimaryRays.usf" 2575
"../../../Engine/Shaders/Private/RayTracing/RayTracingLightingCommon.ush" 2576
"../../../Engine/Shaders/Private/RayTracing/RayTracingLightCullingCommon.ush" 2577
"../../../Engine/Shaders/Private/RayTracing/RayTracingMaterialDefaultHitShaders.usf" 2578
"../../../Engine/Shaders/Private/RayTracing/RayTracingMaterialHitShaders.usf" 2579
"../../../Engine/Shaders/Private/RayTracing/RayTracingShaderUtils.ush" 2580
"../../../Engine/Shaders/Private/RayTracing/RayTracingCalcInterpolants.ush" 2581
"../../../Engine/Shaders/Private/LightmapCommon.ush" 2582
"../../../Engine/Shaders/Private/Lumen/LumenHardwareRayTracingPayloadCommon.ush" 2583
"../../../Engine/Shaders/Shared/LumenDefinitions.h" 2584
"../../../Engine/Shaders/Private/Substrate/SubstrateExport.ush" 2585
"../../../Engine/Shaders/Private/RayTracing/RayTracingLightingMS.usf" 2586
"../../../Engine/Shaders/Private/Lumen/LumenDiffuseColorBoost.ush" 2587
"../../../Engine/Shaders/Private/RayTracing/RayTracingLightFunctionCommon.ush" 2588
"../../../Engine/Shaders/Private/RayTracing/RayTracingBuildLightGrid.usf" 2589
"../../../Engine/Shaders/Private/Raytracing/RayTracingInstanceBufferUtil.usf" 2590
"../../../Engine/Shaders/Private/RayTracing/RayTracingDynamicMesh.usf" 2591
"../../../Engine/Shaders/Private/RayTracing/RayTracingDefaultDecalHitShader.usf" 2592
"../../../Engine/Shaders/Private/RayTracing/RayTracingDecalMaterialShader.usf" 2593
"../../../Engine/Shaders/Private/PathTracing/PathTracingShaderUtils.ush" 2594
"../../../Engine/Shaders/Private/PathTracing/PathTracingCommon.ush" 2595
"../../../Engine/Shaders/Private/PathTracing/Material/PathTracingMaterialCommon.ush" 2596
"../../../Engine/Shaders/Private/PathTracing/Utilities/PathTracingRIS.ush" 2597
"../../../Engine/Shaders/Private/RayTracing/RayTracingBuildDecalGrid.usf" 2598
"../../../Engine/Shaders/Private/RayTracing/RayTracingDebugHitStatsUtils.usf" 2599
"../../../Engine/Shaders/Private/RayTracing/RayTracingDebugInstanceOverlap.usf" 2600
"../../../Engine/Shaders/Private/RayTracing/RayTracingDebugPicking.usf" 2601
"../../../Engine/Shaders/Private/RayTracing/RayTracingDebugUtils.ush" 2602
"../../../Engine/Shaders/Private/RayTracing/RayTracingDebugTraversal.usf" 2603
"../../../Engine/Shaders/Private/RayTracing/RayTracingDeferredMaterials.ush" 2604
"../../../Engine/Shaders/Shared/ThirdParty/AMD/ags_shader_intrinsics_dx12.h" 2605
"../../../Engine/Shaders/Shared/RayTracingDebugDefinitions.h" 2606
"../../../Engine/Shaders/Private/RayTracing/RayTracingDebugHitStatsCHS.usf" 2607
"../../../Engine/Shaders/Private/RayTracing/RayTracingDebugHitStats.usf" 2608
"../../../Engine/Shaders/Private/RayTracing/RayTracingDebugMS.usf" 2609
"../../../Engine/Shaders/Private/RayTracing/RayTracingDebugCHS.usf" 2610
"../../../Engine/Shaders/Private/RayTracing/RayTracingDebug.usf" 2611
"../../../Engine/Shaders/Private/RayTracing/RayTracingBuiltInShaders.usf" 2612
"../../../Engine/Shaders/Private/RayTracing/RayTracingBarycentrics.usf" 2613
"../../../Engine/Shaders/Private/RayTracing/RayTracingAmbientOcclusionRGS.usf" 2614
"../../../Engine/Shaders/Private/VisualizeShadingModels.usf" 2615
"../../../Engine/Shaders/Private/MotionBlur/VisualizeMotionVectors.usf" 2616
"../../../Engine/Shaders/Private/TemporalSuperResolution/TSRVisualize.usf" 2617
"../../../Engine/Shaders/Private/TemporalSuperResolution/TSRColorSpace.ush" 2618
"../../../Engine/Shaders/Private/TemporalSuperResolution/TSRCommon.ush" 2619
"../../../Engine/Shaders/Public/DualPixelVectorization.ush" 2620
"../../../Engine/Shaders/Private/TemporalSuperResolution/TSRReprojectionField.ush" 2621
"../../../Engine/Shaders/Private/TemporalSuperResolution/TSRResolveHistory.usf" 2622
"../../../Engine/Shaders/Private/TemporalSuperResolution/TSRConvolutionNetwork.ush" 2623
"../../../Engine/Shaders/Private/TemporalSuperResolution/TSRKernels.ush" 2624
"../../../Engine/Shaders/Public/LaneVectorization.ush" 2625
"../../../Engine/Shaders/Private/TemporalSuperResolution/TSRUpdateHistory.usf" 2626
"../../../Engine/Shaders/Private/TemporalSuperResolution/TSRSpatialAntiAliasing.ush" 2627
"../../../Engine/Shaders/Private/TemporalSuperResolution/TSRSpatialAntiAliasing.usf" 2628
"../../../Engine/Shaders/Private/TemporalSuperResolution/TSRRejectShading.usf" 2629
"../../../Engine/Shaders/Private/TemporalSuperResolution/TSRShadingAnalysis.ush" 2630
"../../../Engine/Shaders/Private/TemporalSuperResolution/TSRConvolutionNetworkPass.ush" 2631
"../../../Engine/Shaders/Private/TemporalSuperResolution/TSRDecimateHistory.usf" 2632
"../../../Engine/Shaders/Private/TemporalSuperResolution/TSRDepthVelocityAnalysis.ush" 2633
"../../../Engine/Shaders/Private/TemporalSuperResolution/TSRClosestOccluder.ush" 2634
"../../../Engine/Shaders/Private/TemporalSuperResolution/TSRWeightRelaxation.usf" 2635
"../../../Engine/Shaders/Private/TemporalSuperResolution/TSRThinGeometryCommon.ush" 2636
"../../../Engine/Shaders/Private/TemporalSuperResolution/TSRDetectThinGeometry.usf" 2637
"../../../Engine/Shaders/Private/TemporalSuperResolution/TSRDilateVelocity.usf" 2638
"../../../Engine/Shaders/Private/MotionBlur/MotionBlurVelocityFlatten.ush" 2639
"../../../Engine/Shaders/Private/MotionBlur/MotionBlurCommon.ush" 2640
"../../../Engine/Shaders/Private/TemporalSuperResolution/TSRClearPrevTextures.usf" 2641
"../../../Engine/Shaders/Private/TemporalSuperResolution/TSRMeasureCoverage.usf" 2642
"../../../Engine/Shaders/Private/TemporalSuperResolution/TSRMeasureFlickeringLuma.usf" 2643
"../../../Engine/Shaders/Private/TemporalAA.usf" 2644
"../../../Engine/Shaders/Private/FilterPixelShader.usf" 2645
"../../../Engine/Shaders/Private/FilterVertexShader.usf" 2646
"../../../Engine/Shaders/Private/VisualizeVirtualTexture.usf" 2647
"../../../Engine/Shaders/Private/PostProcessVisualizeBuffer.usf" 2648
"../../../Engine/Shaders/Private/PostProcessVisualizeLocalExposure.usf" 2649
"../../../Engine/Shaders/Private/PostProcessHistogramCommon.ush" 2650
"../../../Engine/Shaders/Private/TonemapCommon.ush" 2651
"../../../Engine/Shaders/Private/ACES/ACESCommon.ush" 2652
"../../../Engine/Shaders/Private/ACES/ACESOutputTransform.ush" 2653
"../../../Engine/Shaders/Private/ACES/ACESUtilities.ush" 2654
"../../../Engine/Shaders/Private/ACES/ACESTonescale.ush" 2655
"../../../Engine/Shaders/Private/ACES/ACESDisplayEncoding.ush" 2656
"../../../Engine/Shaders/Private/ACES/ACES_v1.3.ush" 2657
"../../../Engine/Shaders/Private/PostProcessVisualizeLevelInstance.usf" 2658
"../../../Engine/Shaders/Private/PostProcessVisualizeHDR.usf" 2659
"../../../Engine/Shaders/Private/ShaderComplexityApplyPixelShader.usf" 2660
"../../../Engine/Shaders/Private/QuadOverdraw.ush" 2661
"../../../Engine/Shaders/Private/PostProcessUpscale.usf" 2662
"../../../Engine/Shaders/Private/PostProcessTonemap.usf" 2663
"../../../Engine/Shaders/Private/PostProcessing/FilmGrainPackConstants.usf" 2664
"../../../Engine/Shaders/Private/PostProcessing/FilmGrainReduce.usf" 2665
"../../../Engine/Shaders/Private/PostProcessTestImage.usf" 2666
"../../../Engine/Shaders/Private/PostProcessSubsurface.usf" 2667
"../../../Engine/Shaders/Private/SeparableSSS.ush" 2668
"../../../Engine/Shaders/Private/SubsurfaceBurleyNormalized.ush" 2669
"../../../Engine/Shaders/Private/PostProcessSelectionOutline.usf" 2670
"../../../Engine/Shaders/Private/MotionBlur/MotionBlurVisualize.usf" 2671
"../../../Engine/Shaders/Private/MotionBlur/MotionBlurApply.usf" 2672
"../../../Engine/Shaders/Private/MotionBlur/MotionBlurFilterTileClassify.usf" 2673
"../../../Engine/Shaders/Private/MotionBlur/MotionBlurTileScatter.usf" 2674
"../../../Engine/Shaders/Private/MotionBlur/MotionBlurTileGather.usf" 2675
"../../../Engine/Shaders/Private/MotionBlur/MotionBlurVelocityFlatten.usf" 2676
"../../../Engine/Shaders/Private/PostProcessMobile.usf" 2677
"../../../Engine/Shaders/Private/PostProcessMitchellNetravali.usf" 2678
"../../../Engine/Shaders/Private/PostProcessMaterialShaders.usf" 2679
"../../../Engine/Shaders/Private/NeuralPostProcessCommon.usf" 2680
"../../../Engine/Shaders/Private/PostProcessLocalExposure.usf" 2681
"../../../Engine/Shaders/Private/PostProcessLensFlares.usf" 2682
"../../../Engine/Shaders/Private/PostProcessGBufferHints.usf" 2683
"../../../Engine/Shaders/Private/PostProcessHMD.usf" 2684
"../../../Engine/Shaders/Private/Histogram.usf" 2685
"../../../Engine/Shaders/Private/PostProcessHistogramReduce.usf" 2686
"../../../Engine/Shaders/Private/PostProcessHistogram.usf" 2687
"../../../Engine/Shaders/Private/Bloom/BloomFinalizeApplyConstants.usf" 2688
"../../../Engine/Shaders/Private/Bloom/BloomCommon.ush" 2689
"../../../Engine/Shaders/Private/Bloom/BloomResizeKernel.usf" 2690
"../../../Engine/Shaders/Private/Bloom/BloomDownsampleKernel.usf" 2691
"../../../Engine/Shaders/Private/Bloom/BloomClampKernel.usf" 2692
"../../../Engine/Shaders/Private/Bloom/BloomPackKernelConstants.usf" 2693
"../../../Engine/Shaders/Private/Bloom/BloomSumScatterDispersionEnergy.usf" 2694
"../../../Engine/Shaders/Private/Bloom/BloomReduceKernelSurvey.usf" 2695
"../../../Engine/Shaders/Private/Bloom/BloomSurveyKernelCenterEnergy.usf" 2696
"../../../Engine/Shaders/Private/Bloom/BloomSurveyMaxScatterDispersion.usf" 2697
"../../../Engine/Shaders/Private/Bloom/BloomFindKernelCenter.usf" 2698
"../../../Engine/Shaders/Private/PostProcessEyeAdaptation.usf" 2699
"../../../Engine/Shaders/Private/TranslucencyVolumeCommon.ush" 2700
"../../../Engine/Shaders/Private/PostProcessEyeAdaptationUtils.usf" 2701
"../../../Engine/Shaders/Private/PostProcessDownsample.usf" 2702
"../../../Engine/Shaders/Private/PostProcessDOF.usf" 2703
"../../../Engine/Shaders/Private/PostProcessDeviceEncodingOnly.usf" 2704
"../../../Engine/Shaders/Private/PostProcessCompositePrimitives.usf" 2705
"../../../Engine/Shaders/Private/PostProcessCombineLUTs.usf" 2706
"../../../Engine/Shaders/Private/PostProcessVisualizeDOF.usf" 2707
"../../../Engine/Shaders/Private/PostProcessBloom.usf" 2708
"../../../Engine/Shaders/Private/PostProcessAmbientOcclusionMobile.usf" 2709
"../../../Engine/Shaders/Private/PostProcessAmbientOcclusionCommon.ush" 2710
"../../../Engine/Shaders/Private/FXAAShader.usf" 2711
"../../../Engine/Shaders/Private/Fxaa3_11.ush" 2712
"../../../Engine/Shaders/Private/PaniniProjection.usf" 2713
"../../../Engine/Shaders/Private/DiaphragmDOF/DOFRecombine.usf" 2714
"../../../Engine/Shaders/Private/DiaphragmDOF/DOFHybridScatterPixelShader.usf" 2715
"../../../Engine/Shaders/Private/DiaphragmDOF/DOFHybridScatterCommon.ush" 2716
"../../../Engine/Shaders/Private/DiaphragmDOF/DOFVignetteCommon.ush" 2717
"../../../Engine/Shaders/Private/DiaphragmDOF/DOFHybridScatterVertexShader.usf" 2718
"../../../Engine/Shaders/Private/DiaphragmDOF/DOFPostfiltering.usf" 2719
"../../../Engine/Shaders/Private/DiaphragmDOF/DOFGatherTileSuggest.ush" 2720
"../../../Engine/Shaders/Private/DiaphragmDOF/DOFCocTileCommon.ush" 2721
"../../../Engine/Shaders/Private/DiaphragmDOF/DOFGatherPass.usf" 2722
"../../../Engine/Shaders/Private/DiaphragmDOF/DOFGatherCommon.ush" 2723
"../../../Engine/Shaders/Private/DiaphragmDOF/DOFGatherAccumulator.ush" 2724
"../../../Engine/Shaders/Private/DiaphragmDOF/DOFGatherKernel.ush" 2725
"../../../Engine/Shaders/Private/DiaphragmDOF/DOFBokehLUT.usf" 2726
"../../../Engine/Shaders/Private/DiaphragmDOF/DOFHybridScatterCompilation.usf" 2727
"../../../Engine/Shaders/Private/DiaphragmDOF/DOFReduce.usf" 2728
"../../../Engine/Shaders/Private/DiaphragmDOF/DOFDownsample.ush" 2729
"../../../Engine/Shaders/Private/DiaphragmDOF/DOFHybridScatterCompilation.ush" 2730
"../../../Engine/Shaders/Private/DiaphragmDOF/DOFDownsample.usf" 2731
"../../../Engine/Shaders/Private/DiaphragmDOF/DOFCocTileDilate.usf" 2732
"../../../Engine/Shaders/Private/DiaphragmDOF/DOFCocTileFlatten.usf" 2733
"../../../Engine/Shaders/Private/DiaphragmDOF/DOFSetup.usf" 2734
"../../../Engine/Shaders/Private/Tools/DebugAlphaChannel.usf" 2735
"../../../Engine/Shaders/Private/PostProcessAlphaInvert.usf" 2736
"../../../Engine/Shaders/Private/PlanarReflectionShaders.usf" 2737
"../../../Engine/Shaders/Private/PhysicsFieldVisualizer.usf" 2738
"../../../Engine/Shaders/Private/PathTracing/PathTracingSpatialTemporalDenoising.usf" 2739
"../../../Engine/Shaders/Private/ColorDifference.ush" 2740
"../../../Engine/Shaders/Private/PathTracing/PathTracingCompositingPixelShader.usf" 2741
"../../../Engine/Shaders/Private/PathTracing/PathTracingAdaptiveUtils.ush" 2742
"../../../Engine/Shaders/Private/PathTracing/PathTracingDefaultHitShader.usf" 2743
"../../../Engine/Shaders/Private/PathTracing/PathTracingGPULightmassMaterialHitShader.usf" 2744
"../../../Engine/Shaders/Private/PathTracing/PathTracingMaterialHitShader.usf" 2745
"../../../Engine/Shaders/Private/PathTracing/Material/PathTracingSubstrateCommon.ush" 2746
"../../../Engine/Shaders/Private/PathTracing/PathTracingLightingMissShader.usf" 2747
"../../../Engine/Shaders/Private/PathTracing/PathTracingMissShader.usf" 2748
"../../../Engine/Shaders/Private/PathTracing/PathTracingAdaptiveStart.usf" 2749
"../../../Engine/Shaders/Private/PathTracing/PathTracingBuildAdaptiveError.usf" 2750
"../../../Engine/Shaders/Private/PathTracing/PathTracingVolumetricCloudMaterialShader.usf" 2751
"../../../Engine/Shaders/Private/PathTracing/Volume/PathTracingCloudsMaterialCommon.ush" 2752
"../../../Engine/Shaders/Private/PathTracing/Volume/PathTracingVolumeCommon.ush" 2753
"../../../Engine/Shaders/Private/PathTracing/Volume/PathTracingCloudsCommon.ush" 2754
"../../../Engine/Shaders/Private/PathTracing/Volume/PathTracingFog.ush" 2755
"../../../Engine/Shaders/Private/PathTracing/Volume/PathTracingAtmosphere.ush" 2756
"../../../Engine/Shaders/Private/PathTracing/Volume/PathTracingAtmosphereCommon.ush" 2757
"../../../Engine/Shaders/Private/PathTracing/Volume/PathTracingVolumeSampling.ush" 2758
"../../../Engine/Shaders/Private/PathTracing/PathTracingBuildCloudAccelerationMap.usf" 2759
"../../../Engine/Shaders/Private/PathTracing/PathTracingBuildAtmosphereLUT.usf" 2760
"../../../Engine/Shaders/Private/PathTracing/PathTracingSwizzleScanlines.usf" 2761
"../../../Engine/Shaders/Private/PathTracing/PathTracingInitExtinctionCoefficient.usf" 2762
"../../../Engine/Shaders/Private/PathTracing/PathTracingCopyDepth.usf" 2763
"../../../Engine/Shaders/Private/PathTracing/PathTracingDebug.usf" 2764
"../../../Engine/Shaders/Private/RayTracing/RayTracingDecalGrid.ush" 2765
"../../../Engine/Shaders/Private/PathTracing/Material/PathTracingMaterialSampling.ush" 2766
"../../../Engine/Shaders/Private/PathTracing/Material/PathTracingLambert.ush" 2767
"../../../Engine/Shaders/Private/PathTracing/Material/PathTracingSubstrate.ush" 2768
"../../../Engine/Shaders/Private/PathTracing/Material/PathTracingSubstrateFoliage.ush" 2769
"../../../Engine/Shaders/Private/PathTracing/Material/PathTracingSubstrateSolidGlass.ush" 2770
"../../../Engine/Shaders/Private/PathTracing/Material/PathTracingSubstrateThinGlass.ush" 2771
"../../../Engine/Shaders/Private/PathTracing/Material/PathTracingSolidGlass.ush" 2772
"../../../Engine/Shaders/Private/PathTracing/Material/PathTracingEnergyConservation.ush" 2773
"../../../Engine/Shaders/Private/PathTracing/Material/PathTracingThinGlass.ush" 2774
"../../../Engine/Shaders/Private/PathTracing/Material/PathTracingDefaultLit.ush" 2775
"../../../Engine/Shaders/Private/PathTracing/Material/PathTracingClearCoat.ush" 2776
"../../../Engine/Shaders/Private/PathTracing/Material/PathTracingTwoSidedFoliage.ush" 2777
"../../../Engine/Shaders/Private/PathTracing/Material/PathTracingCloth.ush" 2778
"../../../Engine/Shaders/Private/PathTracing/Material/PathTracingSubsurfaceProfile.ush" 2779
"../../../Engine/Shaders/Private/PathTracing/Material/PathTracingEye.ush" 2780
"../../../Engine/Shaders/Private/PathTracing/Material/PathTracingHair.ush" 2781
"../../../Engine/Shaders/Private/PathTracing/Material/PathTracingMedium.ush" 2782
"../../../Engine/Shaders/Private/PathTracing/Light/PathTracingLightSampling.ush" 2783
"../../../Engine/Shaders/Private/PathTracing/Light/PathTracingLightCommon.ush" 2784
"../../../Engine/Shaders/Private/PathTracing/Light/PathTracingDirectionalLight.ush" 2785
"../../../Engine/Shaders/Private/PathTracing/Light/PathTracingPointLight.ush" 2786
"../../../Engine/Shaders/Private/PathTracing/Light/PathTracingCapsuleLight.ush" 2787
"../../../Engine/Shaders/Private/PathTracing/Light/PathTracingRectLight.ush" 2788
"../../../Engine/Shaders/Private/PathTracing/Light/PathTracingSkyLight.ush" 2789
"../../../Engine/Shaders/Private/PathTracing/Light/PathTracingLightGrid.ush" 2790
"../../../Engine/Shaders/Private/PathTracing/PathTracing.usf" 2791
"../../../Engine/Shaders/Private/PathTracing/PathTracingCore.ush" 2792
"../../../Engine/Shaders/Private/HeterogeneousVolumes/HeterogeneousVolumesVoxelGridTypes.ush" 2793
"../../../Engine/Shaders/Private/PathTracing/Volume/PathTracingVolume.ush" 2794
"../../../Engine/Shaders/Private/PathTracing/Volume/PathTracingClouds.ush" 2795
"../../../Engine/Shaders/Private/PathTracing/Volume/PathTracingHeterogeneousVolumes.ush" 2796
"../../../Engine/Shaders/Private/HeterogeneousVolumes/HeterogeneousVolumesVoxelGridTraversal.ush" 2797
"../../../Engine/Shaders/Private/HeterogeneousVolumes/HeterogeneousVolumesVoxelGridUtils.ush" 2798
"../../../Engine/Shaders/Private/HeterogeneousVolumes/HeterogeneousVolumesFrustumVoxelGridUtils.ush" 2799
"../../../Engine/Shaders/Private/PathTracing/PathTracingBuildLightGrid.usf" 2800
"../../../Engine/Shaders/Private/PathTracing/PathTracingSkylightMISCompensation.usf" 2801
"../../../Engine/Shaders/Private/PathTracing/PathTracingSkylightPrepare.usf" 2802
"../../../Engine/Shaders/Private/OIT/OITSorting.usf" 2803
"../../../Engine/Shaders/Private/OITCombine.usf" 2804
"../../../Engine/Shaders/Private/OITCommon.ush" 2805
"../../../Engine/Shaders/Private/Nanite/Voxel/RasterizeBricks.usf" 2806
"../../../Engine/Shaders/Private/Nanite/Voxel/Brick.ush" 2807
"../../../Engine/Shaders/Private/Nanite/Voxel/Voxel.ush" 2808
"../../../Engine/Shaders/Private/Nanite/Voxel/ScatterBricks.usf" 2809
"../../../Engine/Shaders/Private/Nanite/Voxel/TileBricks.usf" 2810
"../../../Engine/Shaders/Private/Nanite/Voxel/AutoVoxel.usf" 2811
"../../../Engine/Shaders/Private/Nanite/NaniteDebugViews.usf" 2812
"../../../Engine/Shaders/Private/Nanite/NaniteEditorCommon.ush" 2813
"../../../Engine/Shaders/Private/BinarySearch.ush" 2814
"../../../Engine/Shaders/Private/Nanite/NaniteDepthDecode.usf" 2815
"../../../Engine/Shaders/Private/HTileEncoding.ush" 2816
"../../../Engine/Shaders/Private/Nanite/NaniteVisualize.usf" 2817
"../../../Engine/Shaders/Private/Nanite/NaniteStreamOut.usf" 2818
"../../../Engine/Shaders/Private/Nanite/NaniteHierarchyTraversal.ush" 2819
"../../../Engine/Shaders/Private/Nanite/NaniteSkinningUpdateViewData.usf" 2820
"../../../Engine/Shaders/Private/Skinning/TransformProviders.usf" 2821
"../../../Engine/Shaders/Private/Nanite/NaniteShadeBinning.usf" 2822
"../../../Engine/Shaders/Private/Nanite/NaniteShadeCommon.ush" 2823
"../../../Engine/Shaders/Private/Nanite/NaniteFastClear.usf" 2824
"../../../Engine/Shaders/Private/Nanite/NaniteExportGBuffer.usf" 2825
"../../../Engine/Shaders/Private/Nanite/NaniteClusterCulling.usf" 2826
"../../../Engine/Shaders/Private/Nanite/NanitePrintStats.usf" 2827
"../../../Engine/Shaders/Private/Nanite/NaniteRasterizer.usf" 2828
"../../../Engine/Shaders/Private/Nanite/NaniteRasterizationCommon.ush" 2829
"../../../Engine/Shaders/Private/Nanite/NaniteRasterizer.ush" 2830
"../../../Engine/Shaders/Private/Nanite/NaniteWritePixel.ush" 2831
"../../../Engine/Shaders/Private/Nanite/NaniteTessellation.ush" 2832
"../../../Engine/Shaders/Private/WorkDistribution.ush" 2833
"../../../Engine/Shaders/Private/Nanite/NaniteDice.ush" 2834
"../../../Engine/Shaders/Private/ShaderBundleWorkGraphCommon.ush" 2835
"../../../Engine/Shaders/Public/RootConstants.ush" 2836
"../../../Engine/Shaders/Public/Platform/D3D/D3DRootConstants.ush" 2837
"../../../Engine/Shaders/Private/Nanite/NaniteSplit.usf" 2838
"../../../Engine/Shaders/Private/Nanite/NaniteRasterBinning.usf" 2839
"../../../Engine/Shaders/Private/Nanite/NaniteInstanceCulling.usf" 2840
"../../../Engine/Shaders/Private/Nanite/NaniteImposter.ush" 2841
"../../../Engine/Shaders/Private/Nanite/NaniteInstanceHierarchyCulling.usf" 2842
"../../../Engine/Shaders/Private/WorkGroupLoadBalancer.ush" 2843
"../../../Engine/Shaders/Private/Nanite/NanitePrimitiveFilter.usf" 2844
"../../../Engine/Shaders/Private/Nanite/NaniteRasterClear.usf" 2845
"../../../Engine/Shaders/Private/Nanite/NaniteDepthExport.usf" 2846
"../../../Engine/Shaders/Private/Nanite/NaniteEmitShadow.usf" 2847
"../../../Engine/Shaders/Private/MobileDeferredUtils.usf" 2848
"../../../Engine/Shaders/Private/MobileLocalLightsBuffer.usf" 2849
"../../../Engine/Shaders/Private/MobileFog.usf" 2850
"../../../Engine/Shaders/Private/DistortApplyScreenPS.usf" 2851
"../../../Engine/Shaders/Private/MobileDeferredShading.usf" 2852
"../../../Engine/Shaders/Private/MobileBasePassPixelShader.usf" 2853
"../../../Engine/Shaders/Private/MobileBasePassCommon.ush" 2854
"../../../Engine/Shaders/Private/BasePassCommon.ush" 2855
"../../../Engine/Shaders/Private/ShadingModelsMaterial.ush" 2856
"../../../Engine/Shaders/Private/ThinTranslucentCommon.ush" 2857
"../../../Engine/Shaders/Private/SingleLayerWaterShading.ush" 2858
"../../../Engine/Shaders/Private/DistortionCommon.ush" 2859
"../../../Engine/Shaders/Private/Substrate/SubstrateMobileForwardLighting.ush" 2860
"../../../Engine/Shaders/Private/MobileBasePassVertexShader.usf" 2861
"../../../Engine/Shaders/Private/MeshEdges.usf" 2862
"../../../Engine/Shaders/Private/MegaLights/MegaLightsVSMTracing.usf" 2863
"../../../Engine/Shaders/Private/MegaLights/MegaLights.ush" 2864
"../../../Engine/Shaders/Shared/MegaLightsDefinitions.h" 2865
"../../../Engine/Shaders/Private/HairStrands/HairStrandsVisibilityUtils.ush" 2866
"../../../Engine/Shaders/Private/MegaLights/MegaLightsRayTracing.ush" 2867
"../../../Engine/Shaders/Private/MegaLights/MegaLightsRayTracing.usf" 2868
"../../../Engine/Shaders/Private/DistanceField/GlobalDistanceFieldUtils.ush" 2869
"../../../Engine/Shaders/Private/Lumen/LumenScreenTracing.ush" 2870
"../../../Engine/Shaders/Private/MegaLights/MegaLightsVolumeRayTracing.usf" 2871
"../../../Engine/Shaders/Private/MegaLights/MegaLightsVolume.ush" 2872
"../../../Engine/Shaders/Private/MegaLights/MegaLightsVolumeHardwareRayTracing.usf" 2873
"../../../Engine/Shaders/Private/Lumen/LumenHardwareRayTracingCommon.ush" 2874
"../../../Engine/Shaders/Private/RayTracing/RayTracingReflectionEnvironment.ush" 2875
"../../../Engine/Shaders/Private/Lumen/LumenHardwareRayTracingPlatformCommon.ush" 2876
"../../../Engine/Shaders/Private/Lumen/LumenReflectionsCombine.ush" 2877
"../../../Engine/Shaders/Private/Lumen/LumenTracingCommon.ush" 2878
"../../../Engine/Shaders/Private/Lumen/SurfaceCache/LumenSurfaceCacheSampling.ush" 2879
"../../../Engine/Shaders/Private/Lumen/SurfaceCache/LumenSurfaceCache.ush" 2880
"../../../Engine/Shaders/Private/Lumen/LumenCardCommon.ush" 2881
"../../../Engine/Shaders/Private/Lumen/LumenCardTileShadowDownsampleFactor.ush" 2882
"../../../Engine/Shaders/Private/MegaLights/MegaLightsHardwareRayTracing.usf" 2883
"../../../Engine/Shaders/Private/MegaLights/MegaLights.usf" 2884
"../../../Engine/Shaders/Private/MegaLights/MegaLightsShading.ush" 2885
"../../../Engine/Shaders/Private/MegaLights/MegaLightsFilterVisibleLightHash.usf" 2886
"../../../Engine/Shaders/Private/MegaLights/MegaLightsDenoiserSpatial.usf" 2887
"../../../Engine/Shaders/Private/Lumen/LumenReflectionDenoiserCommon.ush" 2888
"../../../Engine/Shaders/Private/MegaLights/MegaLightsDenoiserTemporal.usf" 2889
"../../../Engine/Shaders/Private/MegaLights/MegaLightsShading.usf" 2890
"../../../Engine/Shaders/Private/StochasticLighting/StochasticLightingUpsample.ush" 2891
"../../../Engine/Shaders/Private/MegaLights/MegaLightsVisibleLightHash.usf" 2892
"../../../Engine/Shaders/Private/MegaLights/MegaLightsVolumeShading.usf" 2893
"../../../Engine/Shaders/Private/MegaLights/MegaLightsSampling.usf" 2894
"../../../Engine/Shaders/Private/MegaLights/MegaLightsSampling.ush" 2895
"../../../Engine/Shaders/Private/MegaLights/MegaLightsVolumeSampling.usf" 2896
"../../../Engine/Shaders/Private/MaterialCache/MaterialCacheABufferPages.usf" 2897
"../../../Engine/Shaders/Private/MaterialCache/MaterialCacheShade.usf" 2898
"../../../Engine/Shaders/Private/MaterialCache/MaterialCacheUnwrapNaniteShade.usf" 2899
"../../../Engine/Shaders/Private/MaterialCache/MaterialCacheUnwrapPixelShader.usf" 2900
"../../../Engine/Shaders/Private/MaterialCache/MaterialCacheUnwrapVertexShader.usf" 2901
"../../../Engine/Shaders/Private/Lumen/LumenVisualizeRadianceCache.usf" 2902
"../../../Engine/Shaders/Private/Lumen/LumenRadianceCacheCommon.ush" 2903
"../../../Engine/Shaders/Private/Lumen/LumenVisualizeHardwareRayTracing.usf" 2904
"../../../Engine/Shaders/Private/Lumen/LumenVisualize.ush" 2905
"../../../Engine/Shaders/Private/Lumen/LumenHairTracing.ush" 2906
"../../../Engine/Shaders/Private/Lumen/LumenVisualize.usf" 2907
"../../../Engine/Shaders/Private/Lumen/LumenSoftwareRayTracing.ush" 2908
"../../../Engine/Shaders/Private/DistanceField/GlobalDistanceFieldObjectGrid.ush" 2909
"../../../Engine/Shaders/Private/DistanceFieldLightingShared.ush" 2910
"../../../Engine/Shaders/Private/Lumen/LumenVisualizeTraces.ush" 2911
"../../../Engine/Shaders/Private/Lumen/LumenTranslucencyVolumeLighting.usf" 2912
"../../../Engine/Shaders/Private/Lumen/LumenRadianceCacheMarkCommon.ush" 2913
"../../../Engine/Shaders/Private/Lumen/LumenTranslucencyVolumeLightingShared.ush" 2914
"../../../Engine/Shaders/Private/Lumen/LumenScreenProbeCommon.ush" 2915
"../../../Engine/Shaders/Private/RayTracing/RayGenUtils.ush" 2916
"../../../Engine/Shaders/Private/Lumen/LumenRadianceCacheTracingCommon.ush" 2917
"../../../Engine/Shaders/Private/Lumen/LumenTranslucencyVolumeHardwareRayTracing.usf" 2918
"../../../Engine/Shaders/Private/Lumen/LumenTranslucencyRadianceCacheMarkShaders.usf" 2919
"../../../Engine/Shaders/Private/Lumen/SurfaceCache/LumenSurfaceCache.usf" 2920
"../../../Engine/Shaders/Private/Lumen/LumenShortRangeAOHardwareRayTracing.usf" 2921
"../../../Engine/Shaders/Private/Lumen/LumenScreenSpaceBentNormal.ush" 2922
"../../../Engine/Shaders/Private/Lumen/LumenScreenSpaceBentNormal.usf" 2923
"../../../Engine/Shaders/Private/Lumen/LumenScreenProbeTracing.usf" 2924
"../../../Engine/Shaders/Private/Lumen/LumenScreenProbeTracingCommon.ush" 2925
"../../../Engine/Shaders/Private/Lumen/LumenFloatQuantization.ush" 2926
"../../../Engine/Shaders/Private/Lumen/LumenScreenProbeImportanceSampling.usf" 2927
"../../../Engine/Shaders/Private/Lumen/LumenScreenProbeImportanceSamplingShared.ush" 2928
"../../../Engine/Shaders/Private/Lumen/LumenScreenProbeHardwareRayTracing.usf" 2929
"../../../Engine/Shaders/Private/Lumen/LumenScreenProbeDebug.usf" 2930
"../../../Engine/Shaders/Private/Lumen/LumenScreenProbeGather.usf" 2931
"../../../Engine/Shaders/Private/Lumen/LumenScreenProbeGatherTemporal.usf" 2932
"../../../Engine/Shaders/Private/Lumen/LumenScreenProbeFiltering.usf" 2933
"../../../Engine/Shaders/Private/Lumen/LumenSceneLighting.usf" 2934
"../../../Engine/Shaders/Private/Lumen/LumenCardTile.ush" 2935
"../../../Engine/Shaders/Private/Lumen/LumenSceneLighting.ush" 2936
"../../../Engine/Shaders/Private/Lumen/Radiosity/LumenRadiosity.ush" 2937
"../../../Engine/Shaders/Private/Lumen/LumenSceneLightingDebug.usf" 2938
"../../../Engine/Shaders/Private/Lumen/LumenScene.usf" 2939
"../../../Engine/Shaders/Private/Lumen/LumenSceneDirectLightingHardwareRayTracing.usf" 2940
"../../../Engine/Shaders/Private/Lumen/LumenSceneDirectLightingStochastic.ush" 2941
"../../../Engine/Shaders/Private/Lumen/LumenReflectionCommon.ush" 2942
"../../../Engine/Shaders/Private/Lumen/LumenSceneDirectLighting.ush" 2943
"../../../Engine/Shaders/Private/Lumen/LumenSceneDebugHardwareRayTracing.usf" 2944
"../../../Engine/Shaders/Private/Lumen/LumenSceneDirectLightingStochastic.usf" 2945
"../../../Engine/Shaders/Private/Lumen/LumenSceneDirectLightingSoftwareRayTracing.usf" 2946
"../../../Engine/Shaders/Private/DistanceFieldShadowingShared.ush" 2947
"../../../Engine/Shaders/Private/Lumen/LumenSceneDirectLightingPerLightShadowCommon.ush" 2948
"../../../Engine/Shaders/Private/Lumen/LumenSceneDirectLightingShadowMask.usf" 2949
"../../../Engine/Shaders/Private/Lumen/LumenSceneDirectLighting.usf" 2950
"../../../Engine/Shaders/Private/Lumen/LumenSceneDirectLightingCulling.usf" 2951
"../../../Engine/Shaders/Private/Lumen/LumenCardComputeShader.usf" 2952
"../../../Engine/Shaders/Private/Lumen/LumenCardBasePass.ush" 2953
"../../../Engine/Shaders/Private/Lumen/LumenCardPixelShader.usf" 2954
"../../../Engine/Shaders/Private/Lumen/LumenCardVertexShader.usf" 2955
"../../../Engine/Shaders/Private/Lumen/LumenReSTIRGather.usf" 2956
"../../../Engine/Shaders/Private/Lumen/LumenReflectionTracing.usf" 2957
"../../../Engine/Shaders/Private/Lumen/LumenReflectionDenoiserSpatial.usf" 2958
"../../../Engine/Shaders/Private/Lumen/LumenReflectionDenoiserClear.usf" 2959
"../../../Engine/Shaders/Private/Lumen/LumenReflectionDenoiserTemporal.usf" 2960
"../../../Engine/Shaders/Private/Lumen/LumenReflectionResolve.usf" 2961
"../../../Engine/Shaders/Private/Lumen/LumenReflections.usf" 2962
"../../../Engine/Shaders/Private/Lumen/RayTracedTranslucency.usf" 2963
"../../../Engine/Shaders/Private/Lumen/LumenReflectionHardwareRayTracing.usf" 2964
"../../../Engine/Shaders/Private/Lumen/Radiosity/LumenVisualizeRadiosityProbes.usf" 2965
"../../../Engine/Shaders/Private/Lumen/Radiosity/LumenRadiosity.usf" 2966
"../../../Engine/Shaders/Private/Lumen/Radiosity/LumenRadiosityHardwareRayTracing.usf" 2967
"../../../Engine/Shaders/Private/Lumen/Radiosity/LumenRadiosityCulling.usf" 2968
"../../../Engine/Shaders/Private/Lumen/LumenRadianceCacheHardwareRayTracing.usf" 2969
"../../../Engine/Shaders/Private/Lumen/LumenRadianceCache.usf" 2970
"../../../Engine/Shaders/Private/Lumen/LumenRadianceCacheUpdate.ush" 2971
"../../../Engine/Shaders/Private/Lumen/LumenRadianceCacheDebug.usf" 2972
"../../../Engine/Shaders/Private/Lumen/LumenRadianceCacheUpdate.usf" 2973
"../../../Engine/Shaders/Private/Lumen/LumenMeshSDFCulling.usf" 2974
"../../../Engine/Shaders/Private/HybridIndirectLighting.ush" 2975
"../../../Engine/Shaders/Private/MeshDistanceFieldCommon.ush" 2976
"../../../Engine/Shaders/Private/Lumen/LumenIrradianceFieldGather.usf" 2977
"../../../Engine/Shaders/Private/Lumen/LumenHardwareRayTracingMaterials.usf" 2978
"../../../Engine/Shaders/Private/Lumen/LumenFrontLayerTranslucency.usf" 2979
"../../../Engine/Shaders/Private/LocalFogVolumes/LocalFogVolumeSplat.usf" 2980
"../../../Engine/Shaders/Private/LocalFogVolumes/LocalFogVolumeTiledCulling.usf" 2981
"../../../Engine/Shaders/Private/LightShaftShader.usf" 2982
"../../../Engine/Shaders/Private/StationaryLightOverlapShaders.usf" 2983
"../../../Engine/Shaders/Private/DeferredLightPixelShaders.usf" 2984
"../../../Engine/Shaders/Private/DeferredLightVertexShaders.usf" 2985
"../../../Engine/Shaders/Private/LightMapDensityShader.usf" 2986
"../../../Engine/Shaders/Private/LightGridInjection.usf" 2987
"../../../Engine/Shaders/Shared/LightGridDefinitions.h" 2988
"../../../Engine/Shaders/Private/LightFunctionPixelShader.usf" 2989
"../../../Engine/Shaders/Private/LightFunctionVertexShader.usf" 2990
"../../../Engine/Shaders/Private/LightFunctionAtlas/LightFunctionAtlasRender.usf" 2991
"../../../Engine/Shaders/Private/InstanceCulling/InstanceCullingOcclusionQuery.usf" 2992
"../../../Engine/Shaders/Private/InstanceCulling/InstanceCullingSetup.ush" 2993
"../../../Engine/Shaders/Private/InstanceCulling/BuildInstanceDrawCommands.usf" 2994
"../../../Engine/Shaders/Private/InstanceCulling/InstanceCompactionCommon.ush" 2995
"../../../Engine/Shaders/Private/SceneDataMobileWriter.ush" 2996
"../../../Engine/Shaders/Private/InstanceCulling/CompactVisibleInstances.usf" 2997
"../../../Engine/Shaders/Private/ReflectionEnvironmentPixelShader.usf" 2998
"../../../Engine/Shaders/Private/AmbientCubemapComposite.usf" 2999
"../../../Engine/Shaders/Private/DiffuseIndirectComposite.usf" 3000
"../../../Engine/Shaders/Private/IESAtlas.usf" 3001
"../../../Engine/Shaders/Private/HeterogeneousVolumes/HeterogeneousVolumesVoxelGridShadows.usf" 3002
"../../../Engine/Shaders/Private/HeterogeneousVolumes/HeterogeneousVolumesStochasticFiltering.ush" 3003
"../../../Engine/Shaders/Private/HeterogeneousVolumes/HeterogeneousVolumesVoxelGridRenderingUtils.ush" 3004
"../../../Engine/Shaders/Private/HeterogeneousVolumes/HeterogeneousVolumesLightingUtils.ush" 3005
"../../../Engine/Shaders/Private/HeterogeneousVolumes/HeterogeneousVolumesVoxelGridRendering.usf" 3006
"../../../Engine/Shaders/Private/HeterogeneousVolumes/HeterogeneousVolumesVoxelGridPipeline.usf" 3007
"../../../Engine/Shaders/Private/HeterogeneousVolumes/HeterogeneousVolumesMaterialBakingPipeline.usf" 3008
"../../../Engine/Shaders/Private/HeterogeneousVolumes/HeterogeneousVolumesLiveShadingUtils.ush" 3009
"../../../Engine/Shaders/Private/HeterogeneousVolumes/HeterogeneousVolumesFrustumVoxelGrid.usf" 3010
"../../../Engine/Shaders/Private/HeterogeneousVolumes/HeterogeneousVolumesSparseVoxelPipeline.usf" 3011
"../../../Engine/Shaders/Private/HeterogeneousVolumes/HeterogeneousVolumesSparseVoxelUtils.ush" 3012
"../../../Engine/Shaders/Private/HeterogeneousVolumes/HeterogeneousVolumesSparseVoxelUniformBufferUtils.ush" 3013
"../../../Engine/Shaders/Private/HeterogeneousVolumes/HeterogeneousVolumesPreshadingPipeline.usf" 3014
"../../../Engine/Shaders/Private/HeterogeneousVolumes/HeterogeneousVolumesLiveShadingShadows.usf" 3015
"../../../Engine/Shaders/Private/HeterogeneousVolumes/HeterogeneousVolumesLiveShadingGlobalPipeline.usf" 3016
"../../../Engine/Shaders/Private/HeterogeneousVolumes/HeterogeneousVolumesLiveShadingPipeline.usf" 3017
"../../../Engine/Shaders/Private/HeterogeneousVolumes/HeterogeneousVolumesHardwareRayTracing.usf" 3018
"../../../Engine/Shaders/Private/HeterogeneousVolumes/HeterogeneousVolumesAmbientOcclusionPipeline.usf" 3019
"../../../Engine/Shaders/Private/HeterogeneousVolumes/HeterogeneousVolumesComposite.usf" 3020
"../../../Engine/Shaders/Private/HdrCustomResolveShaders.usf" 3021
"../../../Engine/Shaders/Private/HairStrands/RenderCurveRaster.usf" 3022
"../../../Engine/Shaders/Private/HairStrands/HairStrandsVoxelRasterCompute.usf" 3023
"../../../Engine/Shaders/Private/HairStrands/HairStrandsHitProxy.usf" 3024
"../../../Engine/Shaders/Private/HairStrands/HairStrandsVisibilityRasterComputeNaive.usf" 3025
"../../../Engine/Shaders/Private/HairStrands/HairStrandsVisibilityRasterHW.usf" 3026
"../../../Engine/Shaders/Private/HairStrands/HairStrandsVisibilityRasterCompute.usf" 3027
"../../../Engine/Shaders/Private/HairStrands/HairStrandsVisibilityRasterClassification.usf" 3028
"../../../Engine/Shaders/Private/HairStrands/HairStrandsCoverage.usf" 3029
"../../../Engine/Shaders/Private/HairStrands/HairStrandsVisibilityDepthPS.usf" 3030
"../../../Engine/Shaders/Private/HairStrands/HairStrandsVisibilityTransmittanceDepthPS.usf" 3031
"../../../Engine/Shaders/Private/HairStrands/HairStrandsVisibilityFillOpaqueDepthPS.usf" 3032
"../../../Engine/Shaders/Private/HairStrands/HairStrandsVisibilityCompactionComputeRaster.usf" 3033
"../../../Engine/Shaders/Private/HairStrands/HairStrandsVisibilityCompaction.usf" 3034
"../../../Engine/Shaders/Private/HairStrands/HairStrandsVisibilityCopyIndirectArg.usf" 3035
"../../../Engine/Shaders/Private/HairStrands/HairStrandsVisibilityClearPS.usf" 3036
"../../../Engine/Shaders/Private/HairStrands/HairStrandsVisibilityPS.usf" 3037
"../../../Engine/Shaders/Private/HairStrands/HairStrandsVisibilityVS.usf" 3038
"../../../Engine/Shaders/Private/HairStrands/HairStrandsVelocity.usf" 3039
"../../../Engine/Shaders/Private/HairStrands/HairStrandsVisibilityComputeSampleCoverage.usf" 3040
"../../../Engine/Shaders/Private/HairStrands/HairStrandsMaterialPS.usf" 3041
"../../../Engine/Shaders/Private/HairStrands/HairStrandsMaterialCommon.ush" 3042
"../../../Engine/Shaders/Private/HairStrands/HairStrandsMaterialVS.usf" 3043
"../../../Engine/Shaders/Private/HairStrands/HairStrandsLightSample.usf" 3044
"../../../Engine/Shaders/Private/HairStrands/HairStrandsDeepShadowMask.usf" 3045
"../../../Engine/Shaders/Private/HairStrands/HairStrandsDeepTransmittanceMask.usf" 3046
"../../../Engine/Shaders/Private/HairStrands/HairStrandsVisibilityTile.usf" 3047
"../../../Engine/Shaders/Private/HairStrands/HairStrandsDeepShadowPS.usf" 3048
"../../../Engine/Shaders/Private/HairStrands/HairStrandsDeepShadowVS.usf" 3049
"../../../Engine/Shaders/Private/HairStrands/HairStrandsAABB.usf" 3050
"../../../Engine/Shaders/Private/HairStrands/HairStrandsLUT.usf" 3051
"../../../Engine/Shaders/Private/HairStrands/HairStrandsForwardRaster.usf" 3052
"../../../Engine/Shaders/Private/HairStrands/HairStrandsForwardCulling.usf" 3053
"../../../Engine/Shaders/Private/HairStrands/HairStrandsEnvironmentLighting.usf" 3054
"../../../Engine/Shaders/Private/HairStrands/HairStrandsEnvironmentAO.usf" 3055
"../../../Engine/Shaders/Private/HairStrands/HairStrandsDeepShadowAllocation.usf" 3056
"../../../Engine/Shaders/Private/HairStrands/HairStrandsVoxelDebug.usf" 3057
"../../../Engine/Shaders/Private/HairStrands/HairStrandsComposition.usf" 3058
"../../../Engine/Shaders/Private/HairStrands/HairStrandsGBufferCommon.ush" 3059
"../../../Engine/Shaders/Private/GPUScene/GPUSceneDataManagement.usf" 3060
"../../../Engine/Shaders/Private/GPUSceneDebugRender.usf" 3061
"../../../Engine/Shaders/Private/GPUFeedbackCompaction.usf" 3062
"../../../Engine/Shaders/Private/GPUFastFourierTransform.usf" 3063
"../../../Engine/Shaders/Private/GPUFastFourierTransform2DCore.ush" 3064
"../../../Engine/Shaders/Private/GPUFastFourierTransformCore.ush" 3065
"../../../Engine/Shaders/Private/GPUBenchmark.usf" 3066
"../../../Engine/Shaders/Private/DistanceField/GlobalDistanceFieldDebug.usf" 3067
"../../../Engine/Shaders/Private/DistanceField/GlobalDistanceFieldUpdate.ush" 3068
"../../../Engine/Shaders/Private/DistanceField/GlobalDistanceFieldMip.usf" 3069
"../../../Engine/Shaders/Private/DistanceField/GlobalDistanceField.usf" 3070
"../../../Engine/Shaders/Private/DistanceField/GlobalDistanceFieldCompositeObjects.usf" 3071
"../../../Engine/Shaders/Private/DistanceField/GlobalDistanceFieldHeightfields.usf" 3072
"../../../Engine/Shaders/Private/HeightfieldLightingShared.ush" 3073
"../../../Engine/Shaders/Private/GenerateConservativeDepth.usf" 3074
"../../../Engine/Shaders/Private/HeightFogPixelShader.usf" 3075
"../../../Engine/Shaders/Private/HeightFogVertexShader.usf" 3076
"../../../Engine/Shaders/Private/DistortFiltering.usf" 3077
"../../../Engine/Shaders/Private/DistortAccumulatePS.usf" 3078
"../../../Engine/Shaders/Private/DistortAccumulateVS.usf" 3079
"../../../Engine/Shaders/Private/DistanceFieldVisualization.usf" 3080
"../../../Engine/Shaders/Private/DistanceFieldStreaming.usf" 3081
"../../../Engine/Shaders/Private/DistanceFieldShadowing.usf" 3082
"../../../Engine/Shaders/Private/DistanceFieldScreenGridLighting.usf" 3083
"../../../Engine/Shaders/Private/DistanceFieldObjectCulling.usf" 3084
"../../../Engine/Shaders/Private/DistanceFieldLightingPost.usf" 3085
"../../../Engine/Shaders/Private/DitheredTransitionStencil.usf" 3086
"../../../Engine/Shaders/Private/CopyDepthTexture.usf" 3087
"../../../Engine/Shaders/Private/CopyDepthTextureCS.usf" 3088
"../../../Engine/Shaders/Private/DeferredDecal.usf" 3089
"../../../Engine/Shaders/Private/DecalCommon.ush" 3090
"../../../Engine/Shaders/Private/DebugViewModeVertexShader.usf" 3091
"../../../Engine/Shaders/Private/DebugViewModeCommon.ush" 3092
"../../../Engine/Shaders/Private/DebugViewModePixelShader.usf" 3093
"../../../Engine/Shaders/Private/DebugProbes.usf" 3094
"../../../Engine/Shaders/Private/MeshDecals.usf" 3095
"../../../Engine/Shaders/Private/PostProcessAmbientOcclusion.usf" 3096
"../../../Engine/Shaders/Private/ClusteredDeferredShadingPixelShader.usf" 3097
"../../../Engine/Shaders/Private/ClusteredDeferredShadingVertexShader.usf" 3098
"../../../Engine/Shaders/Private/CapsuleShadowShaders.usf" 3099
"../../../Engine/Shaders/Private/BasePassPixelShader.usf" 3100
"../../../Engine/Shaders/Private/ForwardLightingCommon.ush" 3101
"../../../Engine/Shaders/Private/Substrate/SubstrateForwardLighting.ush" 3102
"../../../Engine/Shaders/Private/ComputeShaderOutputCommon.ush" 3103
"../../../Engine/Shaders/Private/BasePassVertexShader.usf" 3104
"../../../Engine/Shaders/Private/BasePassVertexCommon.ush" 3105
"../../../Engine/Shaders/Private/SimpleElementVolumeTexturePreviewPixelShader.usf" 3106
"../../../Engine/Shaders/Private/SimpleElementTexture2DPreviewPixelShader.usf" 3107
"../../../Engine/Shaders/Private/meshpaintdilatepixelshader.usf" 3108
"../../../Engine/Shaders/Private/meshpaintdilatevertexshader.usf" 3109
"../../../Engine/Shaders/Private/MeshPaintPixelShader.usf" 3110
"../../../Engine/Shaders/Private/MeshPaintVertexShader.usf" 3111
"../../../Engine/Shaders/Private/SlateElementPixelShader.usf" 3112
"../../../Engine/Shaders/Private/SlateShaderCommon.ush" 3113
"../../../Engine/Shaders/Private/SlateMaskingShader.usf" 3114
"../../../Engine/Shaders/Private/SlateVertexShader.usf" 3115
"../../../Engine/Shaders/Private/CompositeUIPixelShader.usf" 3116
"../../../Engine/Shaders/Private/ColorDeficiency.ush" 3117
"../../../Engine/Shaders/Private/SlatePostProcessColorDeficiencyPixelShader.usf" 3118
"../../../Engine/Shaders/Private/SlatePostProcessPixelShader.usf" 3119
"../../../Engine/Shaders/Private/Tools/VisualizeTexture.usf" 3120
"../../../Engine/Shaders/Private/UpdateDescriptorHandle.usf" 3121
"../../../Engine/Shaders/Private/ByteBuffer.usf" 3122
"../../../Engine/Shaders/Private/ShaderBundleWorkGraphDispatch.usf" 3123
"../../../Engine/Shaders/Private/ShaderBundleDispatch.usf" 3124
"../../../Engine/Shaders/Private/ResolveVertexShader.usf" 3125
"../../../Engine/Shaders/Private/ResolvePixelShader.usf" 3126
"../../../Engine/Shaders/Private/Tools/SetupIndirectArgs.usf" 3127
"../../../Engine/Shaders/Private/ClearReplacementShaders.usf" 3128
"../../../Engine/Shaders/Private/Tools/DrawTexture.usf" 3129
"../../../Engine/Shaders/Private/RayTracing/RayTracingValidation.usf" 3130
"../../../Engine/Shaders/Private/RenderGraphUtilities.usf" 3131
"../../../Engine/Shaders/Private/OneColorShader.usf" 3132
"../../../Engine/Shaders/Private/OculusShaders.usf" 3133
"../../../Engine/Shaders/Private/MediaShaders.usf" 3134
"../../../Engine/Shaders/Private/GPUMessaging.usf" 3135
"../../../Engine/Shaders/Private/Tools/GPUDebugCrashUtils.usf" 3136
"../../../Engine/Shaders/Private/NullPixelShader.usf" 3137
"../../../Engine/Shaders/Private/ComputeGenerateMips.usf" 3138
"../../../Engine/Shaders/Private/Tools/DumpTexture.usf" 3139
"../../../Engine/Shaders/Private/CopyTextureShaders.usf" 3140
"../../../Engine/Shaders/Private/Tools/FullscreenVertexShader.usf" 3141
"../../../Engine/Shaders/Private/RayTracing/RayTracingDispatchDesc.usf" 3142
"../../../Engine/Shaders/Private/Bink.usf" 3143
"../../../Engine/Shaders/Private/VelocityShader.usf" 3144
"../../../Engine/Shaders/Private/DepthOnlyPixelShader.usf" 3145
"../../../Engine/Shaders/Private/PositionOnlyDepthVertexShader.usf" 3146
"../../../Engine/Shaders/Private/DepthOnlyVertexShader.usf" 3147
"../../../Engine/Shaders/Private/AnisotropyPassShader.usf" 3148
"S:/Projects/MyProject2/Content/Game/BP_PlayerFighter.uasset" 3149
"S:/Projects/MyProject2/Content/Game/BP_MobFighter.uasset" 3150
"S:/Projects/MyProject2/Content/Game/BP_Fighter.uasset" 3151
"S:/Projects/MyProject2/Content/Game/ClassBuffs/Abilities/BP_StoneSkin.uasset" 3152
"S:/Projects/MyProject2/Content/Game/ClassBuffs/Abilities/BP_RushAction.uasset" 3153
"S:/Projects/MyProject2/Content/Game/ClassBuffs/Abilities/BP_SlashDamageResist.uasset" 3154
"S:/Projects/MyProject2/Content/Game/ClassBuffs/Abilities/BP_PoisonAtack.uasset" 3155
"S:/Projects/MyProject2/Content/Game/ClassBuffs/Abilities/BP_fragility.uasset" 3156
"/Engine/EngineResources/WhiteSquareTexture" 3157
"../../../Engine/Content/EngineResources/WhiteSquareTexture.uasset" 3158
"/Engine/EngineResources/GradientTexture0" 3159
"../../../Engine/Content/EngineResources/GradientTexture0.uasset" 3160
"/Engine/EngineResources/Black" 3161
"../../../Engine/Content/EngineResources/Black.uasset" 3162
"/Engine/EditorResources/S_Actor" 3163
"../../../Engine/Content/EditorResources/S_Actor.uasset" 3164
"/Engine/EngineFonts/RobotoDistanceField" 3165
"../../../Engine/Content/EngineFonts/RobotoDistanceField.uasset" 3166
"/Engine/EngineMaterials/DefaultTextMaterialOpaque" 3167
"../../../Engine/Content/EngineMaterials/DefaultTextMaterialOpaque.uasset" 3168
"/Engine/Functions/Engine_MaterialFunctions01/Shading/PowerToRoughness" 3169
"../../../Engine/Content/Functions/Engine_MaterialFunctions01/Shading/PowerToRoughness.uasset" 3170
"/Engine/Functions/Engine_MaterialFunctions01/Shading/ConvertFromDiffSpec" 3171
"../../../Engine/Content/Functions/Engine_MaterialFunctions01/Shading/ConvertFromDiffSpec.uasset" 3172
"/Engine/EngineMaterials/WorldGridMaterial" 3173
"../../../Engine/Content/EngineMaterials/WorldGridMaterial.uasset" 3174
"../../../Engine/Content/Functions/Engine_MaterialFunctions01/Opacity/CameraDepthFade.uasset" 3175
"../../../Engine/Content/EngineMaterials/T_Default_Material_Grid_M.uasset" 3176
"../../../Engine/Content/EngineMaterials/T_Default_Material_Grid_N.uasset" 3177
"/Engine/EngineMaterials/DefaultDeferredDecalMaterial" 3178
"../../../Engine/Content/EngineMaterials/DefaultDeferredDecalMaterial.uasset" 3179
"../../../Engine/Content/EngineMaterials/DefaultDiffuse.uasset" 3180
"/Engine/EngineMaterials/DefaultLightFunctionMaterial" 3181
"../../../Engine/Content/EngineMaterials/DefaultLightFunctionMaterial.uasset" 3182
"/Engine/EngineMaterials/DefaultPostProcessMaterial" 3183
"../../../Engine/Content/EngineMaterials/DefaultPostProcessMaterial.uasset" 3184
"../../../Engine/Content/Functions/Engine_MaterialFunctions02/Utility/BreakOutFloat2Components.uasset" 3185
"/Engine/EditorResources/S_Trigger" 3186
"../../../Engine/Content/EditorResources/S_Trigger.uasset" 3187
"/Engine/EditorResources/S_BoxReflectionCapture" 3188
"../../../Engine/Content/EditorResources/S_BoxReflectionCapture.uasset" 3189
"/Engine/EngineResources/DefaultTexture" 3190
"../../../Engine/Content/EngineResources/DefaultTexture.uasset" 3191
"/Engine/EditorResources/S_TriggerBox" 3192
"../../../Engine/Content/EditorResources/S_TriggerBox.uasset" 3193
"/Engine/EditorResources/S_TriggerCapsule" 3194
"../../../Engine/Content/EditorResources/S_TriggerCapsule.uasset" 3195
"/Engine/EditorResources/S_TriggerSphere" 3196
"../../../Engine/Content/EditorResources/S_TriggerSphere.uasset" 3197
"/Engine/EngineDamageTypes/DmgTypeBP_Environmental" 3198
"../../../Engine/Content/EngineDamageTypes/DmgTypeBP_Environmental.uasset" 3199
"/Engine/EngineMeshes/Sphere" 3200
"../../../Engine/Content/EngineMeshes/Sphere.uasset" 3201
"/Engine/EngineResources/DefaultTextureCube" 3202
"../../../Engine/Content/EngineResources/DefaultTextureCube.uasset" 3203
"/Engine/EngineResources/DefaultVolumeTexture" 3204
"../../../Engine/Content/EngineResources/DefaultVolumeTexture.uasset" 3205
"../../../Engine/Content/EngineResources/DefaultVolumeTexture2D.uasset" 3206
"/Engine/VREditor/TransformGizmo/SM_Sequencer_Node" 3207
"../../../Engine/Content/VREditor/TransformGizmo/SM_Sequencer_Node.uasset" 3208
"../../../Engine/Content/VREditor/TransformGizmo/Main.uasset" 3209
"../../../Engine/Content/VREditor/TransformGizmo/Xray.uasset" 3210
"/Engine/EditorResources/S_Solver" 3211
"../../../Engine/Content/EditorResources/S_Solver.uasset" 3212
"/Engine/EngineDebugMaterials/VolumeToRender" 3213
"../../../Engine/Content/EngineDebugMaterials/VolumeToRender.uasset" 3214
"/Engine/EngineDebugMaterials/M_VolumeRenderSphereTracePP" 3215
"../../../Engine/Content/EngineDebugMaterials/M_VolumeRenderSphereTracePP.uasset" 3216
"../../../Engine/Content/Functions/Engine_MaterialFunctions02/Utility/CameraDirectionVector.uasset" 3217
"/Engine/EditorMeshes/Camera/SM_CraneRig_Base" 3218
"../../../Engine/Content/EditorMeshes/Camera/SM_CraneRig_Base.uasset" 3219
"../../../Engine/Content/EditorMaterials/Camera/MI_CineMat_Rig.uasset" 3220
"../../../Engine/Content/EditorMaterials/Camera/CineMat.uasset" 3221
"/Engine/EditorMeshes/Camera/SM_CraneRig_Arm" 3222
"../../../Engine/Content/EditorMeshes/Camera/SM_CraneRig_Arm.uasset" 3223
"/Engine/EditorMeshes/Camera/SM_CraneRig_Mount" 3224
"../../../Engine/Content/EditorMeshes/Camera/SM_CraneRig_Mount.uasset" 3225
"/Engine/EditorMeshes/Camera/SM_CraneRig_Body" 3226
"../../../Engine/Content/EditorMeshes/Camera/SM_CraneRig_Body.uasset" 3227
"/Engine/EditorMeshes/Camera/SM_RailRig_Track" 3228
"../../../Engine/Content/EditorMeshes/Camera/SM_RailRig_Track.uasset" 3229
"/Engine/EditorMeshes/Camera/SM_RailRig_Mount" 3230
"../../../Engine/Content/EditorMeshes/Camera/SM_RailRig_Mount.uasset" 3231
"/Engine/EditorLandscapeResources/SplineEditorMesh" 3232
"../../../Engine/Content/EditorLandscapeResources/SplineEditorMesh.uasset" 3233
"../../../Engine/Content/EditorLandscapeResources/SplineEditorMeshMat.uasset" 3234
"/Engine/BasicShapes/Cube" 3235
"../../../Engine/Content/BasicShapes/Cube.uasset" 3236
"/CameraCalibrationCore/Materials/M_DefaultOddSquare" 3237
"../../Plugins/VirtualProduction/CameraCalibrationCore/Content/Materials/M_DefaultOddSquare.uasset" 3238
"/CameraCalibrationCore/Materials/M_DefaultEvenSquare" 3239
"../../Plugins/VirtualProduction/CameraCalibrationCore/Content/Materials/M_DefaultEvenSquare.uasset" 3240
"/HairStrands/Materials/HairDebugMaterial" 3241
"../../Plugins/Runtime/HairStrands/Content/Materials/HairDebugMaterial.uasset" 3242
"../../../Engine/Content/Functions/Engine_MaterialFunctions02/Utility/MakeFloat2.uasset" 3243
"../../../Engine/Content/Functions/Engine_MaterialFunctions02/Utility/MakeFloat3.uasset" 3244
"../../../Engine/Content/EngineMaterials/HairColorMap.uasset" 3245
"../../../Engine/Content/EngineMaterials/HairDebugColor.uasset" 3246
"../../Plugins/Runtime/HairStrands/Content/Materials/HairGroupColors.uasset" 3247
"/HairStrands/Materials/HairDefaultMaterial" 3248
"../../Plugins/Runtime/HairStrands/Content/Materials/HairDefaultMaterial.uasset" 3249
"/HairStrands/Materials/HairCardsDefaultMaterial" 3250
"../../Plugins/Runtime/HairStrands/Content/Materials/HairCardsDefaultMaterial.uasset" 3251
"/HairStrands/Materials/HairMeshesDefaultMaterial" 3252
"../../Plugins/Runtime/HairStrands/Content/Materials/HairMeshesDefaultMaterial.uasset" 3253
"/Engine/EngineMaterials/Widget3DPassThrough_Translucent" 3254
"../../../Engine/Content/EngineMaterials/Widget3DPassThrough_Translucent.uasset" 3255
"../../../Engine/Content/EngineMaterials/Widget3DPassThrough.uasset" 3256
"/Engine/EngineMaterials/Widget3DPassThrough_Translucent_OneSided" 3257
"../../../Engine/Content/EngineMaterials/Widget3DPassThrough_Translucent_OneSided.uasset" 3258
"/Engine/EngineMaterials/Widget3DPassThrough_Opaque" 3259
"../../../Engine/Content/EngineMaterials/Widget3DPassThrough_Opaque.uasset" 3260
"/Engine/EngineMaterials/Widget3DPassThrough_Opaque_OneSided" 3261
"../../../Engine/Content/EngineMaterials/Widget3DPassThrough_Opaque_OneSided.uasset" 3262
"/Engine/EngineMaterials/Widget3DPassThrough_Masked" 3263
"../../../Engine/Content/EngineMaterials/Widget3DPassThrough_Masked.uasset" 3264
"/Engine/EngineMaterials/Widget3DPassThrough_Masked_OneSided" 3265
"../../../Engine/Content/EngineMaterials/Widget3DPassThrough_Masked_OneSided.uasset" 3266
"/Engine/VREditor/ViewportInteractionAssetContainerData" 3267
"../../../Engine/Content/VREditor/ViewportInteractionAssetContainerData.uasset" 3268
"../../../Engine/Content/VREditor/SnapGrid/SnapGridMaterial.uasset" 3269
"../../../Engine/Content/VREditor/TransformGizmo/TransformGizmoMaterial_Inst.uasset" 3270
"../../../Engine/Content/VREditor/TransformGizmo/TranslucentTransformGizmoMaterial_Inst.uasset" 3271
"../../../Engine/Content/VREditor/SnapGrid/SnapGridPlaneMesh.uasset" 3272
"../../../Engine/Content/VREditor/Sounds/UI/Drop_Item_From_ContentBrowser.uasset" 3273
"../../../Engine/Content/VREditor/Sounds/UI/Gizmo_Handle_Clicked.uasset" 3274
"../../../Engine/Content/VREditor/Sounds/UI/Object_PickUp.uasset" 3275
"../../../Engine/Content/VREditor/Sounds/UI/Object_Snaps_To_Another_Actor.uasset" 3276
"../../../Engine/Content/VREditor/Sounds/UI/Object_Snaps_To_Grid.uasset" 3277
"../../../Engine/Content/VREditor/Sounds/UI/Scaling_Down.uasset" 3278
"../../../Engine/Content/VREditor/Sounds/UI/Scaling_Up.uasset" 3279
"../../../Engine/Content/VREditor/Sounds/UI/Selection_Changes.uasset" 3280
"../../../Engine/Content/VREditor/TransformGizmo/PlaneTranslationHandle.uasset" 3281
"../../../Engine/Content/VREditor/TransformGizmo/RotationHandleFull.uasset" 3282
"../../../Engine/Content/VREditor/TransformGizmo/RotationHandleIndicator.uasset" 3283
"../../../Engine/Content/VREditor/TransformGizmo/RotationHandleQuarter.uasset" 3284
"../../../Engine/Content/VREditor/TransformGizmo/StartRotationHandleIndicator.uasset" 3285
"../../../Engine/Content/VREditor/TransformGizmo/TransformGizmoFreeRotation.uasset" 3286
"../../../Engine/Content/VREditor/TransformGizmo/TranslateArrowHandle.uasset" 3287
"../../../Engine/Content/VREditor/TransformGizmo/UniformScaleHandle.uasset" 3288
"../../../Engine/Content/Functions/Engine_MaterialFunctions02/Math/Transform3x3Matrix.uasset" 3289
"../../../Engine/Content/Functions/Engine_MaterialFunctions02/SplitComponents.uasset" 3290
"../../../Engine/Content/VREditor/TransformGizmo/TransformGizmoMaterial.uasset" 3291
"../../../Engine/Content/VREditor/TransformGizmo/TranslucentTransformGizmoMaterial.uasset" 3292
"../../../Engine/Content/Functions/Engine_MaterialFunctions02/Utility/BreakOutFloat3Components.uasset" 3293
"../../../Engine/Content/VREditor/LaserPointer/VR_LaserPower_01.uasset" 3294
"/Engine/VREditor/TransformGizmo/BoundingBoxCorner" 3295
"../../../Engine/Content/VREditor/TransformGizmo/BoundingBoxCorner.uasset" 3296
"/Engine/VREditor/TransformGizmo/BoundingBoxEdge" 3297
"../../../Engine/Content/VREditor/TransformGizmo/BoundingBoxEdge.uasset" 3298
"/Engine/ArtTools/RenderToTexture/Meshes/S_1_Unit_Plane" 3299
"../../../Engine/Content/ArtTools/RenderToTexture/Meshes/S_1_Unit_Plane.uasset" 3300
"/Engine/EngineDebugMaterials/M_SimpleUnlitTranslucent" 3301
"../../../Engine/Content/EngineDebugMaterials/M_SimpleUnlitTranslucent.uasset" 3302
"/Engine/EngineFonts/Roboto" 3303
"../../../Engine/Content/EngineFonts/Roboto.uasset" 3304
"../../../Engine/Content/EngineFonts/Faces/DroidSansFallback.uasset" 3305
"../../../Engine/Content/EngineFonts/Faces/RobotoBold.uasset" 3306
"../../../Engine/Content/EngineFonts/Faces/RobotoBoldItalic.uasset" 3307
"../../../Engine/Content/EngineFonts/Faces/RobotoItalic.uasset" 3308
"../../../Engine/Content/EngineFonts/Faces/RobotoLight.uasset" 3309
"../../../Engine/Content/EngineFonts/Faces/RobotoRegular.uasset" 3310
"/Engine/EditorMaterials/ParticleSystems/PSysThumbnail_NoImage" 3311
"../../../Engine/Content/EditorMaterials/ParticleSystems/PSysThumbnail_NoImage.uasset" 3312
"/Engine/EditorMaterials/ParticleSystems/PSysThumbnail_OOD" 3313
"../../../Engine/Content/EditorMaterials/ParticleSystems/PSysThumbnail_OOD.uasset" 3314
"/Engine/EngineResources/LandscapeVisibilityLayerInfo" 3315
"../../../Engine/Content/EngineResources/LandscapeVisibilityLayerInfo.uasset" 3316
"../../../Engine/Content/Internationalization/icudt64l/coll/en.res" 3317
"/ACLPlugin/ACLAnimBoneCompressionSettings" 3318
"../../Plugins/Animation/ACLPlugin/Content/ACLAnimBoneCompressionSettings.uasset" 3319
"/Engine/Animation/DefaultRecorderBoneCompression" 3320
"../../../Engine/Content/Animation/DefaultRecorderBoneCompression.uasset" 3321
"/ACLPlugin/ACLAnimCurveCompressionSettings" 3322
"../../Plugins/Animation/ACLPlugin/Content/ACLAnimCurveCompressionSettings.uasset" 3323
"/Engine/Animation/DefaultVariableFrameStrippingSettings" 3324
"../../../Engine/Content/Animation/DefaultVariableFrameStrippingSettings.uasset" 3325
"/ControlRig/Controls/ControlRigXRayMaterial" 3326
"../../Plugins/Animation/ControlRig/Content/Controls/ControlRigXRayMaterial.uasset" 3327
"/ControlRig/Controls/DefaultGizmoLibraryNormalized" 3328
"../../Plugins/Animation/ControlRig/Content/Controls/DefaultGizmoLibraryNormalized.uasset" 3329
"/ControlRig/M_Manip" 3330
"../../Plugins/Animation/ControlRig/Content/M_Manip.uasset" 3331
"../../../Engine/Content/Functions/Engine_MaterialFunctions02/WorldPositionOffset/CameraOffset.uasset" 3332
"/Paper2D/MaskedUnlitSpriteMaterial" 3333
"../../Plugins/2D/Paper2D/Content/MaskedUnlitSpriteMaterial.uasset" 3334
"../../Plugins/2D/Paper2D/Content/DefaultSpriteMaterial.uasset" 3335
"../../Plugins/2D/Paper2D/Content/PlaceholderTextures/DummySpriteTexture.uasset" 3336
"/Paper2D/OpaqueUnlitSpriteMaterial" 3337
"../../Plugins/2D/Paper2D/Content/OpaqueUnlitSpriteMaterial.uasset" 3338
"/Paper2D/DefaultPaperTerrainMaterial" 3339
"../../Plugins/2D/Paper2D/Content/DefaultPaperTerrainMaterial.uasset" 3340
"../../Plugins/2D/Paper2D/Content/DummySprite.uasset" 3341
"/AudioWidgets/Resources/ScrubHandleDown_Clamped" 3342
"../../Plugins/Runtime/AudioWidgets/Content/Resources/ScrubHandleDown_Clamped.uasset" 3343
"../../../Engine/Intermediate/ProjectFiles/PrimaryProjectPath.txt" 3344
"/MediaPlate/SM_MediaPlateScreen" 3345
"../../Plugins/Media/MediaPlate/Content/SM_MediaPlateScreen.uasset" 3346
"/SpeedTreeImporter/SpeedTree9/SpeedTreeMaster" 3347
"../../Plugins/Editor/SpeedTreeImporter/Content/SpeedTree9/SpeedTreeMaster.uasset" 3348
"../../../Engine/Content/Functions/Engine_MaterialFunctions02/ObjectLocalBounds.uasset" 3349
"../../../Engine/Content/Functions/Engine_MaterialFunctions02/SafeNormalize.uasset" 3350
"../../../Engine/Content/Functions/Engine_MaterialFunctions02/Utility/VectorLength.uasset" 3351
"../../../Engine/Content/Functions/Engine_MaterialFunctions02/UVs/BoundingBoxBased_0-1_UVW.uasset" 3352
"../../../Engine/Content/Functions/Engine_MaterialFunctions02/WorldPositionOffset/ObjectScale.uasset" 3353
"../../Plugins/Editor/SpeedTreeImporter/Content/SpeedTree9/SpeedTreeBranchMotion.uasset" 3354
"../../Plugins/Editor/SpeedTreeImporter/Content/SpeedTree9/SpeedTreeCameraFacing.uasset" 3355
"../../Plugins/Editor/SpeedTreeImporter/Content/SpeedTree9/SpeedTreeWind.uasset" 3356
"../../Plugins/Editor/SpeedTreeImporter/Content/SpeedTree9/SpeedTreeWindMotion.uasset" 3357
"../../Plugins/Editor/SpeedTreeImporter/Content/SpeedTree9/UnpackDirection.uasset" 3358
"../../Plugins/Editor/SpeedTreeImporter/Content/SpeedTree9/UnpackInteger3.uasset" 3359
"../../Plugins/Editor/SpeedTreeImporter/Content/SpeedTree9/Empty.uasset" 3360
"../../Plugins/Editor/SpeedTreeImporter/Content/SpeedTree9/EmptyNormal.uasset" 3361
"../../Plugins/Editor/SpeedTreeImporter/Content/SpeedTree9/game_wind_noise.uasset" 3362
"/SpeedTreeImporter/SpeedTree9/SpeedTreeBillboardMaster" 3363
"../../Plugins/Editor/SpeedTreeImporter/Content/SpeedTree9/SpeedTreeBillboardMaster.uasset" 3364
"../../Plugins/Editor/SpeedTreeImporter/Content/SpeedTree9/SpeedTreeBillboard.uasset" 3365
"/Engine/BasicShapes/BasicShapeMaterial" 3366
"../../../Engine/Content/BasicShapes/BasicShapeMaterial.uasset" 3367
"/Engine/EditorMaterials/Dataflow/DataflowVertexMaterial" 3368
"../../../Engine/Content/EditorMaterials/Dataflow/DataflowVertexMaterial.uasset" 3369
"/Engine/EditorMaterials/Dataflow/DataflowTwoSidedVertexMaterial" 3370
"../../../Engine/Content/EditorMaterials/Dataflow/DataflowTwoSidedVertexMaterial.uasset" 3371
"/Engine/EditorLandscapeResources/LayerVisMaterial" 3372
"../../../Engine/Content/EditorLandscapeResources/LayerVisMaterial.uasset" 3373
"../../../Engine/Content/EditorLandscapeResources/WhiteSquareTexture.uasset" 3374
"/Engine/EditorLandscapeResources/SelectBrushMaterial_Selected" 3375
"../../../Engine/Content/EditorLandscapeResources/SelectBrushMaterial_Selected.uasset" 3376
"../../../Engine/Content/EditorLandscapeResources/SelectBrushMaterial.uasset" 3377
"../../../Engine/Content/Functions/Engine_MaterialFunctions03/Math/WithinRangeFloat2.uasset" 3378
"../../../Engine/Content/EditorLandscapeResources/DefaultAlphaTexture.uasset" 3379
"/Engine/EditorLandscapeResources/SelectBrushMaterial_SelectedRegion" 3380
"../../../Engine/Content/EditorLandscapeResources/SelectBrushMaterial_SelectedRegion.uasset" 3381
"/Engine/EditorLandscapeResources/MaskBrushMaterial_MaskedRegion" 3382
"../../../Engine/Content/EditorLandscapeResources/MaskBrushMaterial_MaskedRegion.uasset" 3383
"../../../Engine/Content/EditorLandscapeResources/MaskBrushMaterial.uasset" 3384
"/Engine/EditorLandscapeResources/ColorMaskBrushMaterial_MaskedRegion" 3385
"../../../Engine/Content/EditorLandscapeResources/ColorMaskBrushMaterial_MaskedRegion.uasset" 3386
"../../../Engine/Content/EditorLandscapeResources/ColorMaskBrushMaterial.uasset" 3387
"/Engine/EditorLandscapeResources/LandscapeDirtyMaterial" 3388
"../../../Engine/Content/EditorLandscapeResources/LandscapeDirtyMaterial.uasset" 3389
"/Engine/EditorLandscapeResources/LandscapeLayerUsageMaterial" 3390
"../../../Engine/Content/EditorLandscapeResources/LandscapeLayerUsageMaterial.uasset" 3391
"../../../Engine/Content/Functions/Engine_MaterialFunctions01/Debug/DebugIntValues.uasset" 3392
"../../../Engine/Content/Functions/Engine_MaterialFunctions01/Texturing/ScaleUVsByCenter.uasset" 3393
"../../../Engine/Content/Functions/Engine_MaterialFunctions02/WorldPositionOffset/LocalPosition.uasset" 3394
"../../../Engine/Content/Functions/Engine_MaterialFunctions01/Texturing/TextureCropping.uasset" 3395
"../../../Engine/Content/Functions/Engine_MaterialFunctions02/ExampleContent/DebugNumberStrip.uasset" 3396
"C:/Users/PC/AppData/Local/UnrealEngine/Editor/UInteractiveToolsPresetCollectionAsset_DefaultCollection.json" 3397
"/Engine/EngineMaterials/NaniteHiddenSectionMaterial" 3398
"../../../Engine/Content/EngineMaterials/NaniteHiddenSectionMaterial.uasset" 3399
"/Engine/EngineMaterials/RemoveSurfaceMaterial" 3400
"../../../Engine/Content/EngineMaterials/RemoveSurfaceMaterial.uasset" 3401
"/Engine/EngineDebugMaterials/DebugMeshMaterial" 3402
"../../../Engine/Content/EngineDebugMaterials/DebugMeshMaterial.uasset" 3403
"/Engine/EngineMaterials/EmissiveMeshMaterial" 3404
"../../../Engine/Content/EngineMaterials/EmissiveMeshMaterial.uasset" 3405
"../../../Engine/Content/EngineMaterials/DefaultWhiteGrid_Low.uasset" 3406
"/Engine/EngineMaterials/M_InvalidLightmapSettings" 3407
"../../../Engine/Content/EngineMaterials/M_InvalidLightmapSettings.uasset" 3408
"../../../Engine/Content/EngineMaterials/InvalidLightmapSettings.uasset" 3409
"/Engine/EngineMaterials/GizmoMaterial" 3410
"../../../Engine/Content/EngineMaterials/GizmoMaterial.uasset" 3411
"/Engine/EngineMaterials/PhAT_JointLimitMaterial" 3412
"../../../Engine/Content/EngineMaterials/PhAT_JointLimitMaterial.uasset" 3413
"/Engine/EngineMaterials/FlattenMaterial" 3414
"../../../Engine/Content/EngineMaterials/FlattenMaterial.uasset" 3415
"../../../Engine/Content/EngineMaterials/BaseFlattenDiffuseMap.uasset" 3416
"../../../Engine/Content/EngineMaterials/BaseFlattenEmissiveMap.uasset" 3417
"../../../Engine/Content/EngineMaterials/BaseFlattenGrayscaleMap.uasset" 3418
"../../../Engine/Content/EngineMaterials/BaseFlattenLinearColor.uasset" 3419
"../../../Engine/Content/EngineMaterials/BaseFlattenNormalMap.uasset" 3420
"../../../Engine/Content/Functions/Engine_MaterialFunctions02/PivotPainter2/Black_1x1_EXR_Texture.uasset" 3421
"/Engine/EngineMaterials/FlattenMaterial_VT" 3422
"../../../Engine/Content/EngineMaterials/FlattenMaterial_VT.uasset" 3423
"../../../Engine/Content/EngineMaterials/BaseFlattenDiffuseMap_VT.uasset" 3424
"../../../Engine/Content/EngineMaterials/BaseFlattenEmissiveMap_VT.uasset" 3425
"../../../Engine/Content/EngineMaterials/BaseFlattenGrayscaleMap_VT.uasset" 3426
"../../../Engine/Content/EngineMaterials/BaseFlattenLinearColor_VT.uasset" 3427
"../../../Engine/Content/EngineMaterials/BaseFlattenNormalMap_VT.uasset" 3428
"../../../Engine/Content/EngineMaterials/Black_1x1_EXR_Texture_VT.uasset" 3429
"/Engine/EngineMaterials/FlattenMaterial_WS_Normal_VT" 3430
"../../../Engine/Content/EngineMaterials/FlattenMaterial_WS_Normal_VT.uasset" 3431
"/Engine/EngineMaterials/Good64x64TilingNoiseHighFreq" 3432
"../../../Engine/Content/EngineMaterials/Good64x64TilingNoiseHighFreq.uasset" 3433
"/Engine/EngineMaterials/DefaultBokeh" 3434
"../../../Engine/Content/EngineMaterials/DefaultBokeh.uasset" 3435
"/Engine/EngineMaterials/MiniFont" 3436
"../../../Engine/Content/EngineMaterials/MiniFont.uasset" 3437
"/Engine/EngineMaterials/WeightMapPlaceholderTexture" 3438
"../../../Engine/Content/EngineMaterials/WeightMapPlaceholderTexture.uasset" 3439
"/Engine/EngineMaterials/WeightMapArrayPlaceholderTexture" 3440
"../../../Engine/Content/EngineMaterials/WeightMapArrayPlaceholderTexture.uasset" 3441
"/Engine/EngineMaterials/DefaultWhiteGrid" 3442
"../../../Engine/Content/EngineMaterials/DefaultWhiteGrid.uasset" 3443
"/Engine/EngineMaterials/PreintegratedSkinBRDF" 3444
"../../../Engine/Content/EngineMaterials/PreintegratedSkinBRDF.uasset" 3445
"/Engine/EngineMaterials/LTC/GGX_LTCAmp" 3446
"../../../Engine/Content/EngineMaterials/LTC/GGX_LTCAmp.uasset" 3447
"/Engine/EngineMaterials/LTC/GGX_LTCMat" 3448
"../../../Engine/Content/EngineMaterials/LTC/GGX_LTCMat.uasset" 3449
"/Engine/EngineMaterials/EnergyConservation/GGX_ReflectionEnergy" 3450
"../../../Engine/Content/EngineMaterials/EnergyConservation/GGX_ReflectionEnergy.uasset" 3451
"/Engine/EngineMaterials/EnergyConservation/GGX_TransmissionEnergyArray" 3452
"../../../Engine/Content/EngineMaterials/EnergyConservation/GGX_TransmissionEnergyArray.uasset" 3453
"/Engine/EngineMaterials/EnergyConservation/SheenLegacy_Energy" 3454
"../../../Engine/Content/EngineMaterials/EnergyConservation/SheenLegacy_Energy.uasset" 3455
"/Engine/EngineMaterials/DefaultPhysicalMaterial" 3456
"../../../Engine/Content/EngineMaterials/DefaultPhysicalMaterial.uasset" 3457
"/Engine/EngineMaterials/DefaultDestructiblePhysicalMaterial" 3458
"../../../Engine/Content/EngineMaterials/DefaultDestructiblePhysicalMaterial.uasset" 3459
"C:/Users/PC/AppData/Local/UnrealEngine/Editor/ProjectEditorRecords.json" 3460
"/Niagara/ParameterDefinitions/SpriteRenderer" 3461
"../../Plugins/FX/Niagara/Content/ParameterDefinitions/SpriteRenderer.uasset" 3462
"/Niagara/ParameterDefinitions/RibbonRenderer" 3463
"../../Plugins/FX/Niagara/Content/ParameterDefinitions/RibbonRenderer.uasset" 3464
"/Niagara/ParameterDefinitions/MeshRenderer" 3465
"../../Plugins/FX/Niagara/Content/ParameterDefinitions/MeshRenderer.uasset" 3466
"/Niagara/ParameterDefinitions/LightRenderer" 3467
"../../Plugins/FX/Niagara/Content/ParameterDefinitions/LightRenderer.uasset" 3468
"/Niagara/ParameterDefinitions/DecalRenderer" 3469
"../../Plugins/FX/Niagara/Content/ParameterDefinitions/DecalRenderer.uasset" 3470
"/Niagara/ParameterDefinitions/CoreParameters" 3471
"../../Plugins/FX/Niagara/Content/ParameterDefinitions/CoreParameters.uasset" 3472
"/DeformerGraph/Deformers/DG_LinearBlendSkin_Morph_Cloth" 3473
"../../Plugins/Animation/DeformerGraph/Content/Deformers/DG_LinearBlendSkin_Morph_Cloth.uasset" 3474
"../../Plugins/Animation/DeformerGraph/Content/DeformerFunctions/DG_Function_LinearBlendSkin_Morph_Cloth.uasset" 3475
"/DeformerGraph/Deformers/DG_LinearBlendSkin_Morph_Cloth_RecomputeNormals" 3476
"../../Plugins/Animation/DeformerGraph/Content/Deformers/DG_LinearBlendSkin_Morph_Cloth_RecomputeNormals.uasset" 3477
"../../Plugins/Animation/DeformerGraph/Content/DeformerFunctions/DG_Function_ComputeNormalsTangents.uasset" 3478
"../../Plugins/Animation/DeformerGraph/Content/DeformerFunctions/DG_Function_LinearBlendSkin_Morph_Cloth_PositionOnly.uasset" 3479
"/Engine/BasicShapes/Sphere" 3480
"../../../Engine/Content/BasicShapes/Sphere.uasset" 3481
"../../../Engine/Content/EngineMaterials/DefaultMaterial.uasset" 3482
"/Engine/BasicShapes/Cylinder" 3483
"../../../Engine/Content/BasicShapes/Cylinder.uasset" 3484
"/Engine/BasicShapes/Cone" 3485
"../../../Engine/Content/BasicShapes/Cone.uasset" 3486
"/Engine/BasicShapes/Plane" 3487
"../../../Engine/Content/BasicShapes/Plane.uasset" 3488
"/Engine/EngineFonts/DroidSansMono" 3489
"../../../Engine/Content/EngineFonts/DroidSansMono.uasset" 3490
"../../../Engine/Content/EngineFonts/Faces/DroidSansMono.uasset" 3491
"/Engine/EditorResources/SequenceRecorder/Countdown" 3492
"../../../Engine/Content/EditorResources/SequenceRecorder/Countdown.uasset" 3493
"/Engine/EditorResources/SequenceRecorder/RecordingIndicator" 3494
"../../../Engine/Content/EditorResources/SequenceRecorder/RecordingIndicator.uasset" 3495
"/Engine/EditorMaterials/PhAT_UnselectedMaterial" 3496
"../../../Engine/Content/EditorMaterials/PhAT_UnselectedMaterial.uasset" 3497
"/Engine/EditorMaterials/PhAT_NoCollisionMaterial" 3498
"../../../Engine/Content/EditorMaterials/PhAT_NoCollisionMaterial.uasset" 3499
"../../../Engine/Documentation/Source/Shared/Types/ABrush/ABrush.INT.udn" 3500
"../../../Engine/Content/Internationalization/icudt64l/brkitr/ru.res" 3501
"../../../Engine/Content/Internationalization/icudt64l/brkitr/root.res" 3502
"../../../Engine/Content/Internationalization/icudt64l/brkitr/char.brk" 3503
"../../../Engine/Content/Internationalization/icudt64l/brkitr/word.brk" 3504
"/Engine/EditorResources/S_Terrain" 3505
"../../../Engine/Content/EditorResources/S_Terrain.uasset" 3506
"../../../Engine/Plugins/FX/Niagara/Shaders/Private/NiagaraDataInterfaceTexture2DArrayTemplate.ush" 3507
"../../../Engine/Plugins/FX/Niagara/Shaders/Private/NiagaraDataInterfaceActorComponentTemplate.ush" 3508
"../../../Engine/Plugins/FX/Niagara/Shaders/Private/NiagaraDataInterfaceArrayTemplate.ush" 3509
"../../../Engine/Plugins/FX/Niagara/Shaders/Private/NiagaraDataInterfaceArrayRWTemplate.ush" 3510
"../../../Engine/Plugins/FX/Niagara/Shaders/Private/NiagaraDataInterfaceAsyncGpuTrace.ush" 3511
"../../../Engine/Plugins/FX/Niagara/Shaders/Private/NiagaraDataInterfaceAsyncGpuTraceTemplate.ush" 3512
"../../../Engine/Plugins/FX/Niagara/Shaders/Private/NiagaraDataInterfaceCamera.ush" 3513
"../../../Engine/Plugins/Experimental/ChaosNiagara/Shaders/NiagaraDataInterfaceChaosDestruction.ush" 3514
"../../../Engine/Plugins/FX/Niagara/Shaders/Private/NiagaraDataInterfaceCollisionQuery.ush" 3515
"S:/Projects/MyProject2/Intermediate/ShaderAutogen/PCD3D_SM5/AutogenShaderHeaders.ush" 3516
"../../../Engine/Plugins/FX/Niagara/Shaders/Private/NiagaraDataInterfaceCollisionQueryTemplate.ush" 3517
"../../../Engine/Plugins/FX/Niagara/Shaders/Private/NiagaraDataInterfaceCurveTemplate.ush" 3518
"../../../Engine/Plugins/FX/Niagara/Shaders/Private/NiagaraDataInterfaceCubeTextureTemplate.ush" 3519
"../../../Engine/Plugins/FX/Niagara/Shaders/Private/DataChannel/NiagaraDataInterfaceDataChannelCommon.ush" 3520
"../../../Engine/Plugins/FX/Niagara/Shaders/Private/DataChannel/NiagaraDataInterfaceDataChannelTemplateCommon.ush" 3521
"../../../Engine/Plugins/FX/Niagara/Shaders/Private/DataChannel/NiagaraDataInterfaceDataChannelTemplateReadCommon.ush" 3522
"../../../Engine/Plugins/FX/Niagara/Shaders/Private/DataChannel/NiagaraDataInterfaceDataChannelTemplate_Read.ush" 3523
"../../../Engine/Plugins/FX/Niagara/Shaders/Private/DataChannel/NiagaraDataInterfaceDataChannelTemplate_Consume.ush" 3524
"../../../Engine/Plugins/FX/Niagara/Shaders/Private/DataChannel/NiagaraDataInterfaceDataChannelTemplateWriteCommon.ush" 3525
"../../../Engine/Plugins/FX/Niagara/Shaders/Private/DataChannel/NiagaraDataInterfaceDataChannelTemplate_Append.ush" 3526
"../../../Engine/Plugins/FX/Niagara/Shaders/Private/NiagaraDataInterfaceDataTableTemplate.ush" 3527
"../../../Engine/Plugins/FX/Niagara/Shaders/Private/NiagaraDataInterfaceDebugDraw.ush" 3528
"../../../Engine/Plugins/FX/Niagara/Shaders/Private/NiagaraDataInterfaceDebugDrawTemplate.ush" 3529
"../../../Engine/Plugins/FX/Niagara/Shaders/Private/NiagaraDataInterfaceDynamicMeshTemplate.ush" 3530
"../../../Engine/Plugins/FX/Niagara/Shaders/Private/NiagaraDataInterfaceEmitterPropertiesTemplate.ush" 3531
"../../../Engine/Plugins/FX/Niagara/Shaders/Private/NiagaraDataInterfaceExportTemplate.ush" 3532
"../../../Engine/Plugins/FX/Niagara/Shaders/Private/NiagaraDataInterfaceGBufferTemplate.ush" 3533
"../../../Engine/Plugins/Experimental/ChaosNiagara/Shaders/NiagaraDataInterfaceGeometryCollection.ush" 3534
"../../../Engine/Plugins/FX/Niagara/Shaders/Private/NiagaraTransformUtils.ush" 3535
"../../../Engine/Plugins/Runtime/HairStrands/Shaders/Private/NiagaraStrandsExternalForce.ush" 3536
"../../../Engine/Plugins/Runtime/HairStrands/Shaders/Private/NiagaraHookeSpringMaterial.ush" 3537
"../../../Engine/Plugins/Runtime/HairStrands/Shaders/Private/NiagaraAngularSpringMaterial.ush" 3538
"../../../Engine/Plugins/Runtime/HairStrands/Shaders/Private/NiagaraConstantVolumeMaterial.ush" 3539
"../../../Engine/Plugins/Runtime/HairStrands/Shaders/Private/NiagaraCosseratRodMaterial.ush" 3540
"../../../Engine/Plugins/Runtime/HairStrands/Shaders/Private/NiagaraStaticCollisionConstraint.ush" 3541
"../../../Engine/Plugins/Runtime/HairStrands/Shaders/Private/NiagaraDataInterfaceHairStrands.ush" 3542
"../../../Engine/Plugins/Runtime/HairStrands/Shaders/Private/NiagaraDataInterfaceHairStrandsTemplate.ush" 3543
"../../../Engine/Plugins/FX/Niagara/Shaders/Private/NiagaraDataInterfaceIntRenderTarget2D.ush" 3544
"../../../Engine/Plugins/FX/Niagara/Shaders/Private/NiagaraDataInterfaceLandscape.ush" 3545
"../../../Engine/Plugins/FX/Niagara/Shaders/Private/NiagaraDataInterfaceMemoryBufferTemplate.ush" 3546
"../../../Engine/Plugins/FX/Niagara/Shaders/Private/NiagaraDataInterfaceMeshRendererInfoTemplate.ush" 3547
"../../../Engine/Plugins/FX/Niagara/Shaders/Private/NiagaraDataInterfaceOcclusion.ush" 3548
"../../../Engine/Plugins/FX/Niagara/Shaders/Private/NiagaraDataInterfacePhysicsAsset.ush" 3549
"../../../Engine/Plugins/Experimental/ChaosNiagara/Shaders/NiagaraDataInterfacePhysicsField.ush" 3550
"../../../Engine/Plugins/FX/Niagara/Shaders/Private/NiagaraDataInterfacePlatformSetTemplate.ush" 3551
"../../../Engine/Plugins/Runtime/HairStrands/Shaders/Private/NiagaraDataInterfaceVelocityGrid.ush" 3552
"../../../Engine/Plugins/Runtime/HairStrands/Shaders/Private/NiagaraDataInterfaceVelocityGridTemplate.ush" 3553
"../../../Engine/Plugins/Runtime/HairStrands/Shaders/Private/NiagaraDataInterfacePressureGrid.ush" 3554
"../../../Engine/Plugins/Runtime/HairStrands/Shaders/Private/NiagaraDataInterfacePressureGridTemplate.ush" 3555
"../../../Engine/Plugins/FX/Niagara/Shaders/Private/NiagaraDataInterfaceRenderTarget2DTemplate.ush" 3556
"../../../Engine/Plugins/FX/Niagara/Shaders/Private/NiagaraDataInterfaceRenderTarget2DArrayTemplate.ush" 3557
"../../../Engine/Plugins/FX/Niagara/Shaders/Private/NiagaraDataInterfaceRenderTargetCubeTemplate.ush" 3558
"../../../Engine/Plugins/FX/Niagara/Shaders/Private/NiagaraDataInterfaceRenderTargetVolumeTemplate.ush" 3559
"../../../Engine/Plugins/FX/Niagara/Shaders/Private/NiagaraDataInterfaceRigidMeshCollisionQuery.ush" 3560
"../../../Engine/Plugins/FX/Niagara/Shaders/Private/NiagaraDistanceFieldQueries.ush" 3561
"../../../Engine/Plugins/FX/Niagara/Shaders/Private/NiagaraDataInterfaceSceneCapture2DTemplate.ush" 3562
"../../../Engine/Plugins/FX/Niagara/Shaders/Private/NiagaraDataInterfaceSimCacheReaderTemplate.ush" 3563
"../../../Engine/Plugins/FX/Niagara/Shaders/Private/NiagaraDataInterfaceSimpleCounterTemplate.ush" 3564
"../../../Engine/Plugins/FX/Niagara/Shaders/Private/NiagaraDataInterfaceSkeletalMesh.ush" 3565
"../../../Engine/Plugins/FX/Niagara/Shaders/Private/NiagaraBaryCentricUtils.ush" 3566
"../../../Engine/Plugins/FX/Niagara/Shaders/Private/NiagaraDataInterfaceSkeletalMeshTemplate.ush" 3567
"../../../Engine/Plugins/FX/Niagara/Shaders/Private/NiagaraDataInterfaceSocketReaderTemplate.ush" 3568
"../../../Engine/Plugins/FX/Niagara/Shaders/Private/NiagaraDataInterfaceSparseVolumeTextureTemplate.ush" 3569
"../../../Engine/Plugins/FX/Niagara/Shaders/Private/NiagaraDataInterfaceSplineTemplate.ush" 3570
"../../../Engine/Plugins/FX/Niagara/Shaders/Private/NiagaraDataInterfaceSpriteRendererInfoTemplate.ush" 3571
"../../../Engine/Plugins/FX/Niagara/Shaders/Private/NiagaraDataInterfaceStaticMeshTemplate.ush" 3572
"../../../Engine/Plugins/FX/Niagara/Shaders/Private/NiagaraDataInterfaceTextureTemplate.ush" 3573
"../../../Engine/Plugins/FX/Niagara/Shaders/Private/NiagaraDataInterfaceVirtualTexture.ush" 3574
"../../../Engine/Plugins/FX/Niagara/Shaders/Private/NiagaraDataInterfaceVirtualTextureTemplate.ush" 3575
"../../../Engine/Plugins/FX/Niagara/Shaders/Private/NiagaraDataInterfaceVolumeCache.ush" 3576
"../../../Engine/Plugins/FX/Niagara/Shaders/Private/NiagaraDataInterfaceVolumeTextureTemplate.ush" 3577
"../../../../../../Projects/MyProject2/Intermediate/ShaderAutogen/PCD3D_SM5/AutogenShaderHeaders.ush" 3578
"../../../Engine/Content/EngineSounds/Submixes/MasterEQEffectPreset.uasset" 3579
"../../../Engine/Content/EngineSounds/Submixes/MasterReverbSubmixDefault.uasset" 3580
"S:/Projects/MyProject2/Content/Game/Models/Mobs/Gobs/Standing_Melee_Attack_Horizontal.uasset" 3581
"S:/Projects/MyProject2/Content/Game/ClassBuffs/Abilities/BP_DragonFlame.uasset" 3582
"S:/Projects/MyProject2/Content/Game/Models/Mobs/Golem/AM_GolemAtack.uasset" 3583
"../../../Engine/Content/EngineSounds/Submixes/MasterReverbEffectPreset.uasset" 3584
"../../../Engine/Content/EngineSounds/Submixes/MasterEQSubmixDefault.uasset" 3585
"S:/Projects/MyProject2/Content/Game/Models/Mobs/Gobs/goblin_diffuse.uasset" 3586
"S:/Projects/MyProject2/Content/Game/Models/Mobs/Gobs/goblin_normal.uasset" 3587
"S:/Projects/MyProject2/Content/Game/Models/Mobs/Gobs/goblin_specular.uasset" 3588
"../../../Engine/Content/EngineSounds/Submixes/MasterSubmixDefault.uasset" 3589
"S:/Projects/MyProject2/Content/Game/Models/Mobs/Gobs/goblin_d_shareyko__1_.uasset" 3590
"/Engine/EngineSounds/Submixes/MasterReverbEffectPreset" 3591
"S:/Projects/MyProject2/Content/Game/Models/Mobs/Skeleton/uploads_files_4558133_Skellytonfighter_Anim.uasset" 3592
"S:/Projects/MyProject2/Content/Game/Models/Mobs/Golem/ABP_Golem.uasset" 3593
"S:/Projects/MyProject2/Content/Game/Models/Mobs/Skeleton/AM_SkullAtack.uasset" 3594
"S:/Projects/MyProject2/Content/Fab/Cute_Enemy_-_Slime/cute_enemy_slime/SK_cute_enemy_slime_Sequence.uasset" 3595
"S:/Projects/MyProject2/Content/Game/Widgets/WBP_WinWidget1.uasset" 3596
"S:/Projects/MyProject2/Content/Game/Models/Mobs/Skeleton/uploads_files_4558133_Skellytonfighter_Skeleton.uasset" 3597
"S:/Projects/MyProject2/Content/Game/Models/Mobs/Skeleton/uploads_files_4558133_Skellytonfighter.uasset" 3598
"S:/Projects/MyProject2/Content/Fab/Cute_Enemy_-_Slime/cute_enemy_slime/Textures/cute_enemy_slime_texture_1.uasset" 3599
"S:/Projects/MyProject2/Content/Game/Models/Mobs/Skeleton/ABP_skelly.uasset" 3600
"S:/Projects/MyProject2/Content/Fab/Cute_Enemy_-_Slime/cute_enemy_slime/Textures/cute_enemy_slime_texture_2.uasset" 3601
"S:/Projects/MyProject2/Content/Game/Models/Mobs/Gobs/AM_AtackGoblin.uasset" 3602
"S:/Projects/MyProject2/Content/Game/Models/Mobs/Golem/Golem_Atack.uasset" 3603
"/Engine/EngineSounds/Submixes/MasterEQEffectPreset" 3604
"S:/Projects/MyProject2/Content/Game/Models/Mobs/Gobs/eyes_lambert.uasset" 3605
"/Game/Game/ClassBuffs/Abilities/BP_DragonFlame" 3606
"S:/Projects/MyProject2/Content/Game/Models/Mobs/Gobs/phong1.uasset" 3607
"S:/Projects/MyProject2/Content/Fab/Cute_Enemy_-_Slime/cute_enemy_slime/StaticMeshes/AM_SlimeAtack.uasset" 3608
"S:/Projects/MyProject2/Content/Fab/Cute_Enemy_-_Slime/cute_enemy_slime/Textures/cute_enemy_slime_texture_3.uasset" 3609
"S:/Projects/MyProject2/Content/Fab/Cute_Enemy_-_Slime/cute_enemy_slime/Textures/cute_enemy_slime_texture_0.uasset" 3610
"../../../../../../Projects/MyProject2/Content/Game/BP_Fighter.uasset" 3611
"S:/Projects/MyProject2/Content/Game/Models/Mobs/Slime/ABP_Slime.uasset" 3612
"../../../../../../Projects/MyProject2/Content/Game/BP_MobFighter.uasset" 3613
"../../../../../../Projects/MyProject2/Content/Game/ClassBuffs/Abilities/BP_BaseAbility.uasset" 3614
"../../../../../../Projects/MyProject2/Content/Game/Enums/E_DamageType.uasset" 3615
"../../../Engine/Content/EditorBlueprintResources/StandardMacros.uasset" 3616
"../../../../../../Projects/MyProject2/Content/Game/BP_GameState.uasset" 3617
"../../../../../../Projects/MyProject2/Content/Game/Enums/E_Params.uasset" 3618
"../../../../../../Projects/MyProject2/Content/Game/Weapons/ST_Weapon.uasset" 3619
"../../../../../../Projects/MyProject2/Content/Game/Widgets/WBP_HPWidget.uasset" 3620
"../../../../../../Projects/MyProject2/Content/Game/Models/Mobs/Gobs/ABP_Gobs.uasset" 3621
"../../../../../../Projects/MyProject2/Content/Game/BP_PlayerController.uasset" 3622
"../../../../../../Projects/MyProject2/Content/Game/ClassBuffs/DataTables/DT_Mobs.uasset" 3623
"../../../../../../Projects/MyProject2/Content/NS_Flame.uasset" 3624
"../../../../../../Projects/MyProject2/Content/Game/ClassBuffs/DataTables/ST_MobInfo.uasset" 3625
"../../../../../../Projects/MyProject2/Content/Game/BP_PlayerFighter.uasset" 3626
"../../../../../../Projects/MyProject2/Content/Game/ClassBuffs/DataTables/ClassInfo/DT_Classes.uasset" 3627
"../../../../../../Projects/MyProject2/Content/Game/ClassBuffs/DataTables/ClassInfo/ST_ClassInfo.uasset" 3628
"../../../../../../Projects/MyProject2/Content/Game/Enums/E_Classes.uasset" 3629
"../../../../../../Projects/MyProject2/Content/Game/Widgets/WBP_Counter.uasset" 3630
"../../../../../../Projects/MyProject2/Content/Game/Widgets/WBP_UpgradeWidget.uasset" 3631
"../../../../../../Projects/MyProject2/Content/Game/Widgets/WBP_WinWidget1.uasset" 3632
"../../../../../../Projects/MyProject2/Content/Game/Models/Mobs/Gobs/Idle__2__Anim_mixamo_com.uasset" 3633
"../../../../../../Projects/MyProject2/Content/Game/Models/Mobs/Gobs/goblin_d_shareyko__1__Skeleton.uasset" 3634
"../../../../../../Projects/MyProject2/Content/Game/BP_TestForCClasses.uasset" 3635
"../../../../../../Projects/MyProject2/Content/Game/Weapons/DT_Weapons.uasset" 3636
"../../../../../../Projects/MyProject2/Content/Game/Widgets/WBP_GetNewWeapob.uasset" 3637
"../../../../../../Projects/MyProject2/Content/Game/Widgets/WBP_ParametersView.uasset" 3638
"../../../../../../Projects/MyProject2/Content/Game/Models/Anims/ABP_Pal.uasset" 3639
"../../../../../../Projects/MyProject2/Content/Game/Models/Mobs/ABP_Dragon.uasset" 3640
"../../../../../../Projects/MyProject2/Content/Game/Models/Mobs/Golem/ABP_Golem.uasset" 3641
"../../../../../../Projects/MyProject2/Content/Game/Models/Mobs/Skeleton/ABP_skelly.uasset" 3642
"../../../../../../Projects/MyProject2/Content/Game/Models/Mobs/Slime/ABP_Slime.uasset" 3643
"../../../../../../Projects/MyProject2/Content/Fab/Cute_Enemy_-_Slime/cute_enemy_slime/StaticMeshes/AM_SlimeAtack.uasset" 3644
"../../../../../../Projects/MyProject2/Content/Game/Models/Anims/AM_PaladinAtack.uasset" 3645
"../../../../../../Projects/MyProject2/Content/Game/Models/Mobs/AM_DragonAtack.uasset" 3646
"../../../../../../Projects/MyProject2/Content/Game/Models/Mobs/Gobs/AM_AtackGoblin.uasset" 3647
"../../../../../../Projects/MyProject2/Content/Game/Models/Mobs/Skeleton/AM_SkullAtack.uasset" 3648
"../../../../../../Projects/MyProject2/Content/Game/ClassBuffs/Abilities/BP_fragility.uasset" 3649
"../../../../../../Projects/MyProject2/Content/Game/ClassBuffs/Abilities/BP_SkeakyAtack.uasset" 3650
"../../../../../../Projects/MyProject2/Content/Game/ClassBuffs/Abilities/BP_SlashDamageResist.uasset" 3651
"../../../../../../Projects/MyProject2/Content/Game/ClassBuffs/Abilities/BP_StoneSkin.uasset" 3652
"../../../../../../Projects/MyProject2/Content/Fab/Cute_Enemy_-_Slime/cute_enemy_slime/StaticMeshes/SKM_cute_enemy_slime.uasset" 3653
"../../../../../../Projects/MyProject2/Content/FourEvilDragonsPBR/Meshes/DragonTheUsurper/DragonTheUsurperSK.uasset" 3654
"../../../../../../Projects/MyProject2/Content/Game/Models/Mobs/Gobs/goblin_d_shareyko__1_.uasset" 3655
"../../../../../../Projects/MyProject2/Content/Game/Models/Mobs/Rock_Guardian.uasset" 3656
"../../../../../../Projects/MyProject2/Content/Game/Models/Mobs/Skeleton/uploads_files_4558133_Skellytonfighter.uasset" 3657
"../../../../../../Projects/MyProject2/Content/Game/Models/Warior/Paladin_J_Nordstrom__1_.uasset" 3658
"../../Plugins/FX/Niagara/Content/DefaultAssets/DefaultSpriteMaterial.uasset" 3659
"../../Plugins/FX/Niagara/Content/Modules/System/SystemState.uasset" 3660
"../../Plugins/FX/Niagara/Content/Enums/ENiagara_EmitterStateOptions.uasset" 3661
"../../Plugins/FX/Niagara/Content/Enums/ENiagaraSystemInactiveMode.uasset" 3662
"../../../../../../Projects/MyProject2/Content/Game/BP_PlayerCamera.uasset" 3663
"../../../../../../Projects/MyProject2/Content/Game/ClassBuffs/DataTables/ClassInfo/ST_BuffPerLevel.uasset" 3664
"../../../../../../Projects/MyProject2/Content/Game/Widgets/WBP_LoseWidget.uasset" 3665
"../../../../../../Projects/MyProject2/Content/Game/ClassBuffs/DataTables/ClassInfo/DT_BarbarianPerks.uasset" 3666
"../../../../../../Projects/MyProject2/Content/Game/ClassBuffs/DataTables/ClassInfo/DT_RoguePerks.uasset" 3667
"../../../../../../Projects/MyProject2/Content/Game/ClassBuffs/DataTables/ClassInfo/DT_WarriorPerks.uasset" 3668
"../../../Engine/Content/EditorResources/Ai_Spawnpoint.uasset" 3669
"../../../../../../Projects/MyProject2/Content/Game/Models/Warior/Paladin_J_Nordstrom__1__Skeleton.uasset" 3670
"../../../../../../Projects/MyProject2/Content/FourEvilDragonsPBR/Animations/DragonTheUsurper/Idle01Anim.uasset" 3671
"../../../../../../Projects/MyProject2/Content/FourEvilDragonsPBR/Meshes/DragonTheUsurper/DragonTheUsurper_Skeleton.uasset" 3672
"../../../../../../Projects/MyProject2/Content/Game/Models/Mobs/Golem/Rock_Guardian_Skeleton.uasset" 3673
"../../../../../../Projects/MyProject2/Content/Game/Models/Mobs/Skeleton/uploads_files_4558133_Skellytonfighter_Skeleton.uasset" 3674
"../../../../../../Projects/MyProject2/Content/Fab/Cute_Enemy_-_Slime/cute_enemy_slime/StaticMeshes/SK_cute_enemy_slime.uasset" 3675
"../../../../../../Projects/MyProject2/Content/Fab/Cute_Enemy_-_Slime/cute_enemy_slime/SK_cute_enemy_slime_Sequence.uasset" 3676
"../../../../../../Projects/MyProject2/Content/Game/Models/Anims/Standing_Melee_Attack_Horizontal__2_.uasset" 3677
"../../../../../../Projects/MyProject2/Content/FourEvilDragonsPBR/Animations/DragonTheUsurper/AttackMouthAnim.uasset" 3678
"../../../../../../Projects/MyProject2/Content/Game/Models/Mobs/Golem/Golem_Atack.uasset" 3679
"../../../../../../Projects/MyProject2/Content/Game/Models/Mobs/Skeleton/uploads_files_4558133_Skellytonfighter_Anim.uasset" 3680
"../../../../../../Projects/MyProject2/Content/Fab/Cute_Enemy_-_Slime/cute_enemy_slime/Materials/BigSlime1.uasset" 3681
"../../../../../../Projects/MyProject2/Content/Fab/Cute_Enemy_-_Slime/cute_enemy_slime/Materials/SmallSlime1.uasset" 3682
"../../../../../../Projects/MyProject2/Content/FourEvilDragonsPBR/Materials/DragonTheUsurper/RedMat.uasset" 3683
"../../../../../../Projects/MyProject2/Content/FourEvilDragonsPBR/Meshes/DragonTheUsurper/DragonTheUsurper_Physics.uasset" 3684
"../../../../../../Projects/MyProject2/Content/Game/Models/Mobs/Gobs/eyes_lambert.uasset" 3685
"../../../../../../Projects/MyProject2/Content/Game/Models/Mobs/Gobs/phong1.uasset" 3686
"../../../../../../Projects/MyProject2/Content/Game/Models/Mobs/Golem/M_Golem.uasset" 3687
"../../../../../../Projects/MyProject2/Content/Game/Models/Warior/Paladin_MAT.uasset" 3688
"../../../../../../Projects/MyProject2/Content/Game/Models/Warior/Paladin_J_Nordstrom__1__PhysicsAsset.uasset" 3689
"../../Plugins/FX/Niagara/Content/Functions/System/SystemChangeState.uasset" 3690
"../../../../../../Projects/MyProject2/Content/Game/ClassBuffs/Abilities/BP_Rage.uasset" 3691
"../../../../../../Projects/MyProject2/Content/Game/ClassBuffs/Abilities/BP_PoisonAtack.uasset" 3692
"../../../../../../Projects/MyProject2/Content/Game/ClassBuffs/Abilities/BP_RushAction.uasset" 3693
"../../../../../../Projects/MyProject2/Content/Game/ClassBuffs/Abilities/BP_Shield.uasset" 3694
"../../Plugins/Interchange/Assets/Content/gltf/MaterialInstances/MI_Default_Blend_DS.uasset" 3695
"../../../../../../Projects/MyProject2/Content/Fab/Cute_Enemy_-_Slime/cute_enemy_slime/Textures/cute_enemy_slime_texture_0.uasset" 3696
"../../../../../../Projects/MyProject2/Content/Fab/Cute_Enemy_-_Slime/cute_enemy_slime/Textures/cute_enemy_slime_texture_1.uasset" 3697
"../../../../../../Projects/MyProject2/Content/Fab/Cute_Enemy_-_Slime/cute_enemy_slime/Textures/cute_enemy_slime_texture_2.uasset" 3698
"../../../../../../Projects/MyProject2/Content/Fab/Cute_Enemy_-_Slime/cute_enemy_slime/Textures/cute_enemy_slime_texture_3.uasset" 3699
"../../Plugins/Interchange/Assets/Content/gltf/MaterialInstances/MI_Default_Opaque_DS.uasset" 3700
"../../../../../../Projects/MyProject2/Content/Fab/Cute_Enemy_-_Slime/cute_enemy_slime/Textures/cute_enemy_slime_texture_4.uasset" 3701
"../../../../../../Projects/MyProject2/Content/Fab/Cute_Enemy_-_Slime/cute_enemy_slime/Textures/cute_enemy_slime_texture_5.uasset" 3702
"../../../../../../Projects/MyProject2/Content/Fab/Cute_Enemy_-_Slime/cute_enemy_slime/Textures/cute_enemy_slime_texture_6.uasset" 3703
"../../../../../../Projects/MyProject2/Content/Fab/Cute_Enemy_-_Slime/cute_enemy_slime/Textures/cute_enemy_slime_texture_7.uasset" 3704
"../../../../../../Projects/MyProject2/Content/FourEvilDragonsPBR/Textures/DragonTheUsurper/Red/Red_BCTex.uasset" 3705
"../../../../../../Projects/MyProject2/Content/FourEvilDragonsPBR/Textures/DragonTheUsurper/Red/Red_ETex.uasset" 3706
"../../../../../../Projects/MyProject2/Content/FourEvilDragonsPBR/Textures/DragonTheUsurper/Red/Red_NTex.uasset" 3707
"../../../../../../Projects/MyProject2/Content/FourEvilDragonsPBR/Textures/DragonTheUsurper/Red/Red_R_AO_MTTex.uasset" 3708
"../../../../../../Projects/MyProject2/Content/Game/Models/Mobs/Gobs/goblin_diffuse.uasset" 3709
"../../../../../../Projects/MyProject2/Content/Game/Models/Mobs/Gobs/goblin_normal.uasset" 3710
"../../../../../../Projects/MyProject2/Content/Game/Models/Mobs/Gobs/goblin_specular.uasset" 3711
"../../../../../../Projects/MyProject2/Content/Game/Models/Mobs/Golem/Rock_Guardian.uasset" 3712
"../../../../../../Projects/MyProject2/Content/Game/Models/Mobs/Golem/Rock_Guardian__2_.uasset" 3713
"../../../../../../Projects/MyProject2/Content/Game/Models/Mobs/Golem/Rock_Guardian__3_.uasset" 3714
"../../../../../../Projects/MyProject2/Content/Game/Models/Mobs/Golem/Rock_Guardian__4_.uasset" 3715
"../../Plugins/Interchange/Assets/Content/Functions/MF_PhongToMetalRoughness.uasset" 3716
"../../../../../../Projects/MyProject2/Content/Game/Models/Warior/Paladin_diffuse.uasset" 3717
"../../../../../../Projects/MyProject2/Content/Game/Models/Warior/Paladin_normal.uasset" 3718
"../../../../../../Projects/MyProject2/Content/Game/Models/Warior/Paladin_specular.uasset" 3719
"../../Plugins/Interchange/Assets/Content/gltf/M_Default.uasset" 3720
"../../../Engine/Content/Functions/Engine_MaterialFunctions03/Math/RemapValueRange.uasset" 3721
"../../Plugins/Interchange/Assets/Content/Functions/MF_Iridescence.uasset" 3722
"../../Plugins/Interchange/Assets/Content/gltf/MaterialBodies/MF_Default_Body.uasset" 3723
"../../Plugins/Interchange/Assets/Content/gltf/MaterialFunctions/MF_BaseColor.uasset" 3724
"../../Plugins/Interchange/Assets/Content/gltf/MaterialFunctions/MF_Emissive.uasset" 3725
"../../Plugins/Interchange/Assets/Content/gltf/MaterialFunctions/MF_IOR.uasset" 3726
"../../Plugins/Interchange/Assets/Content/gltf/MaterialFunctions/MF_Iridescence.uasset" 3727
"../../Plugins/Interchange/Assets/Content/gltf/MaterialFunctions/MF_MetallicRoughness.uasset" 3728
"../../Plugins/Interchange/Assets/Content/gltf/MaterialFunctions/MF_Normals.uasset" 3729
"../../Plugins/Interchange/Assets/Content/gltf/MaterialFunctions/MF_Occlusion.uasset" 3730
"../../Plugins/Interchange/Assets/Content/gltf/MaterialFunctions/MF_RotateNormals_TS.uasset" 3731
"../../Plugins/Interchange/Assets/Content/gltf/MaterialFunctions/MF_RotateV2.uasset" 3732
"../../Plugins/Interchange/Assets/Content/gltf/MaterialFunctions/MF_ScaleNormal.uasset" 3733
"../../Plugins/Interchange/Assets/Content/gltf/MaterialFunctions/MF_Specular.uasset" 3734
"../../Plugins/Interchange/Assets/Content/gltf/MaterialFunctions/MF_SpecularAnisotropy.uasset" 3735
"../../Plugins/Interchange/Assets/Content/gltf/MaterialFunctions/MF_TransformUVs.uasset" 3736
"../../Plugins/Interchange/Assets/Content/gltf/Textures/T_Anisotropy_Direction_Linear.uasset" 3737
"../../Plugins/Interchange/Assets/Content/gltf/Textures/T_Generic_N.uasset" 3738
"../../Plugins/Interchange/Assets/Content/gltf/Textures/T_White_Linear.uasset" 3739
"../../Plugins/Interchange/Assets/Content/gltf/Textures/T_White_srgb.uasset" 3740
"../../Plugins/Interchange/Assets/Content/Utilities/New_LUT.uasset" 3741
"../../Plugins/Interchange/Assets/Content/Functions/MF_IridescenceNoLUT.uasset" 3742
"../../../Engine/Plugins/Interchange/Assets/Content/gltf/MaterialFunctions/MF_Clearcoat.uasset" 3743
"../../../Engine/Plugins/Interchange/Assets/Content/gltf/MaterialBodies/MF_ClearCoat_Body.uasset" 3744
"../../../Engine/Content/Functions/Engine_MaterialFunctions01/Texturing/FlattenNormal.uasset" 3745
"S:/Projects/MyProject2/Content/Game/BP_MyGamemode.uasset" 3746
"/Engine/EngineSounds/Submixes/MasterEQSubmixDefault" 3747
"../../../Engine/Plugins/Interchange/Assets/Shaders/ThinFilmFunctions.usf" 3748
"../../../Engine/Plugins/Interchange/Assets/Content/gltf/MaterialInstances/MI_ClearCoat_Blend.uasset" 3749
"../../../Engine/Plugins/Interchange/Assets/Content/gltf/MaterialInstances/MI_ClearCoat_Mask_DS.uasset" 3750
"../../../Engine/Plugins/Interchange/Assets/Content/gltf/MaterialFunctions/MF_Sheen.uasset" 3751
"../../../Engine/Plugins/Interchange/Assets/Content/gltf/MaterialInstances/MI_Default_Opaque.uasset" 3752
"../../../Engine/Plugins/Interchange/Assets/Content/gltf/MaterialInstances/MI_Sheen_Opaque.uasset" 3753
"../../../Engine/Plugins/Interchange/Assets/Content/gltf/MaterialBodies/MF_Sheen_Body.uasset" 3754
"../../../Engine/Plugins/Interchange/Assets/Content/gltf/MaterialInstances/MI_Sheen_Mask.uasset" 3755
"../../../Engine/Plugins/Interchange/Assets/Content/gltf/MaterialInstances/MI_ClearCoat_Blend_DS.uasset" 3756
"../../../Engine/Plugins/Interchange/Assets/Content/gltf/MaterialInstances/MI_Sheen_Mask_DS.uasset" 3757
"../../../Engine/Plugins/Interchange/Assets/Content/gltf/MaterialInstances/MI_Sheen_Opaque_DS.uasset" 3758
"../../../Engine/Plugins/Interchange/Assets/Content/gltf/MaterialInstances/MI_Default_Mask.uasset" 3759
"../../../Engine/Plugins/Interchange/Assets/Content/gltf/MaterialInstances/MI_Default_Blend.uasset" 3760
"../../../Engine/Plugins/Interchange/Assets/Content/gltf/MaterialFunctions/MF_Transmission.uasset" 3761
"../../../Engine/Plugins/Interchange/Assets/Content/gltf/MaterialFunctions/MF_Temporal_Blur.uasset" 3762
"../../../Engine/Plugins/Interchange/Assets/Content/gltf/MaterialInstances/MI_ClearCoat_Mask.uasset" 3763
"../../../Engine/Plugins/Interchange/Assets/Content/gltf/MaterialBodies/MF_Transmission_Body.uasset" 3764
"../../../Engine/Plugins/Interchange/Assets/Content/gltf/M_Transmission.uasset" 3765
"../../../Engine/Content/Functions/Engine_MaterialFunctions02/Texturing/ScreenAlignedPixelToPixelUVs.uasset" 3766
"../../../Engine/Plugins/Interchange/Assets/Content/gltf/MaterialInstances/MI_Transmission.uasset" 3767
"../../../Engine/Plugins/Interchange/Assets/Content/gltf/MaterialInstances/MI_Transmission_DS.uasset" 3768
"../../../Engine/Plugins/Interchange/Assets/Content/gltf/MaterialInstances/MI_ClearCoat_Opaque.uasset" 3769
"../../../Engine/Plugins/Interchange/Assets/Content/gltf/M_ClearCoat.uasset" 3770
"../../../Engine/Plugins/Interchange/Assets/Content/gltf/MaterialInstances/MI_ClearCoat_Opaque_DS.uasset" 3771
"../../../Engine/Plugins/Interchange/Assets/Content/gltf/MaterialInstances/MI_Sheen_Blend.uasset" 3772
"../../../Engine/Plugins/Interchange/Assets/Content/gltf/M_Sheen.uasset" 3773
"../../../Engine/Plugins/Interchange/Assets/Content/gltf/MaterialInstances/MI_Sheen_Blend_DS.uasset" 3774
"../../../Engine/Plugins/Interchange/Assets/Content/gltf/MaterialFunctions/MF_Fresnel_DS.uasset" 3775
"../../../Engine/Plugins/Interchange/Assets/Content/gltf/MaterialInstances/MI_Default_Mask_DS.uasset" 3776
"/Engine/Functions/Engine_MaterialFunctions01/Texturing/FlattenNormal" 3777
"/InterchangeAssets/gltf/MaterialFunctions/MF_Clearcoat" 3778
"/InterchangeAssets/gltf/MaterialBodies/MF_ClearCoat_Body" 3779
"/Game/Game/BP_MyGamemode" 3780
"../../../Engine/Plugins/Interchange/Assets/Content/gltf/MaterialFunctions/MF_DiffuseSpecGloss.uasset" 3781
"../../../Engine/Plugins/Interchange/Assets/Content/gltf/MaterialFunctions/MF_PerceivedBrightness.uasset" 3782
"../../../Engine/Plugins/Interchange/Assets/Content/gltf/MaterialFunctions/MF_MaxComponentValue.uasset" 3783
"../../../Engine/Plugins/Interchange/Assets/Content/gltf/MaterialFunctions/MF_SpecGlossToMetalRoughness.uasset" 3784
"/InterchangeAssets/gltf/MaterialInstances/MI_Transmission_DS" 3785
"/InterchangeAssets/gltf/MaterialInstances/MI_Transmission" 3786
"/InterchangeAssets/gltf/MaterialInstances/MI_Sheen_Blend_DS" 3787
"/InterchangeAssets/gltf/MaterialInstances/MI_Sheen_Mask_DS" 3788
"/InterchangeAssets/gltf/MaterialInstances/MI_Sheen_Opaque_DS" 3789
"/InterchangeAssets/gltf/MaterialInstances/MI_Sheen_Blend" 3790
"/InterchangeAssets/gltf/MaterialInstances/MI_Sheen_Mask" 3791
"/InterchangeAssets/gltf/MaterialInstances/MI_Sheen_Opaque" 3792
"/InterchangeAssets/gltf/MaterialInstances/MI_Default_Mask_DS" 3793
"/InterchangeAssets/gltf/MaterialInstances/MI_Default_Blend" 3794
"/InterchangeAssets/gltf/MaterialInstances/MI_Default_Mask" 3795
"/InterchangeAssets/gltf/MaterialInstances/MI_Default_Opaque" 3796
"/InterchangeAssets/gltf/MaterialInstances/MI_ClearCoat_Blend_DS" 3797
"/InterchangeAssets/gltf/MaterialInstances/MI_ClearCoat_Mask_DS" 3798
"/InterchangeAssets/gltf/MaterialInstances/MI_ClearCoat_Opaque_DS" 3799
"/InterchangeAssets/gltf/MaterialInstances/MI_ClearCoat_Blend" 3800
"/InterchangeAssets/gltf/MaterialInstances/MI_ClearCoat_Mask" 3801
"/InterchangeAssets/gltf/MaterialInstances/MI_ClearCoat_Opaque" 3802
"../../../Engine/Plugins/Interchange/Assets/Content/gltf/MaterialBodies/MF_SpecularGlossiness_Body.uasset" 3803
"../../../Engine/Plugins/Interchange/Assets/Content/gltf/MaterialInstances/MI_SpecularGlossiness_Mask.uasset" 3804
"../../../Engine/Plugins/Interchange/Assets/Content/gltf/MaterialInstances/MI_SpecularGlossiness_Mask_DS.uasset" 3805
"../../../Engine/Plugins/Interchange/Assets/Content/Functions/MX_StandardSurface.uasset" 3806
"/InterchangeAssets/gltf/MaterialFunctions/MF_DiffuseSpecGloss" 3807
"../../../Engine/Plugins/Interchange/Assets/Content/gltf/MaterialInstances/MI_SpecularGlossiness_Opaque.uasset" 3808
"../../../Engine/Plugins/Interchange/Assets/Content/Functions/MX_TransmissionSurface.uasset" 3809
"../../../Engine/Plugins/Interchange/Assets/Content/Functions/MX_OpenPBR_Translucent.uasset" 3810
"../../../Engine/Plugins/Interchange/Assets/Content/gltf/MaterialBodies/MF_Unlit_Body.uasset" 3811
"../../../Engine/Plugins/Interchange/Assets/Content/gltf/MaterialInstances/MI_SpecularGlossiness_Blend_DS.uasset" 3812
"../../../Engine/Plugins/Interchange/Assets/Content/gltf/MaterialInstances/MI_SpecularGlossiness_Opaque_DS.uasset" 3813
"../../../Engine/Plugins/Interchange/Assets/Content/gltf/MaterialInstances/MI_Unlit_Blend.uasset" 3814
"../../../Engine/Plugins/Interchange/Assets/Content/gltf/MaterialInstances/MI_Unlit_Opaque.uasset" 3815
"../../../Engine/Content/Functions/Substrate/MF_SchlickInternal.uasset" 3816
"../../../Engine/Plugins/Interchange/Assets/Content/gltf/MaterialInstances/MI_Unlit_Opaque_DS.uasset" 3817
"../../../Engine/Plugins/Interchange/Assets/Content/Functions/MX_Transmission.uasset" 3818
"../../../Engine/Plugins/Interchange/Assets/Content/gltf/MaterialInstances/MI_Unlit_Blend_DS.uasset" 3819
"../../../Engine/Plugins/Interchange/Assets/Content/gltf/MaterialInstances/MI_Unlit_Mask_DS.uasset" 3820
"../../../Engine/Plugins/Interchange/Assets/Content/gltf/M_Unlit.uasset" 3821
"../../../Engine/Plugins/Interchange/Assets/Content/Functions/MF_OrenNayerView.uasset" 3822
"../../../Engine/Content/Functions/Engine_MaterialFunctions01/Volumetrics/BeersLaw.uasset" 3823
"../../../Engine/Content/Functions/Engine_MaterialFunctions02/Math/AddComponents.uasset" 3824
"../../../Engine/Plugins/Interchange/Assets/Content/gltf/MaterialInstances/MI_SpecularGlossiness_Blend.uasset" 3825
"../../../Engine/Plugins/Interchange/Assets/Content/gltf/M_SpecularGlossiness.uasset" 3826
"../../../Engine/Plugins/Interchange/Assets/Content/gltf/MaterialInstances/MI_Unlit_Mask.uasset" 3827
"/InterchangeAssets/gltf/MaterialFunctions/MF_MaxComponentValue" 3828
"/InterchangeAssets/gltf/MaterialInstances/MI_Unlit_Blend_DS" 3829
"/InterchangeAssets/gltf/MaterialInstances/MI_Unlit_Mask_DS" 3830
"/InterchangeAssets/gltf/MaterialInstances/MI_Unlit_Opaque_DS" 3831
"/InterchangeAssets/gltf/MaterialInstances/MI_Unlit_Blend" 3832
"/InterchangeAssets/gltf/MaterialInstances/MI_Unlit_Mask" 3833
"/InterchangeAssets/gltf/MaterialInstances/MI_Unlit_Opaque" 3834
"/InterchangeAssets/Functions/MX_OpenPBR_Translucent" 3835
"/InterchangeAssets/gltf/MaterialInstances/MI_SpecularGlossiness_Blend_DS" 3836
"/InterchangeAssets/gltf/MaterialInstances/MI_SpecularGlossiness_Mask_DS" 3837
"/InterchangeAssets/gltf/MaterialInstances/MI_SpecularGlossiness_Opaque_DS" 3838
"/InterchangeAssets/gltf/MaterialInstances/MI_SpecularGlossiness_Blend" 3839
"/InterchangeAssets/gltf/MaterialInstances/MI_SpecularGlossiness_Mask" 3840
"/InterchangeAssets/gltf/MaterialInstances/MI_SpecularGlossiness_Opaque" 3841
"../../../Engine/Plugins/Animation/ControlRig/Content/Controls/ControlRig_Arrow2_1mm.uasset" 3842
"../../../Engine/Plugins/Animation/ControlRig/Content/Controls/ControlRig_Arrow2_solid.uasset" 3843
"../../../Engine/Plugins/Animation/ControlRig/Content/Controls/ControlRig_Arrow2_3mm.uasset" 3844
"../../../Engine/Plugins/Animation/ControlRig/Content/Controls/ControlRig_Arrow4_solid.uasset" 3845
"../../../Engine/Plugins/Animation/ControlRig/Content/Controls/ControlRig_Arrow4_3mm.uasset" 3846
"../../../Engine/Plugins/Animation/ControlRig/Content/Controls/ControlRig_Arrow_1mm.uasset" 3847
"../../../Engine/Plugins/Interchange/Assets/Content/Functions/MX_OpenPBR_Opaque.uasset" 3848
"../../../Engine/Plugins/Animation/ControlRig/Content/Controls/ControlRig_Sphere_solid.uasset" 3849
"S:/Projects/MyProject2/Content/__ExternalActors__/Untitled/C/VR/0LAVFHBFPQHWQIE58DO5WF.uasset" 3850
"../../../Engine/Plugins/Animation/ControlRig/Content/Controls/ControlRig_Arrow4_1mm.uasset" 3851
"S:/Projects/MyProject2/Content/Untitled.umap" 3852
"../../../Engine/Plugins/Animation/ControlRig/Content/Controls/ControlRig_Arrow_3mm.uasset" 3853
"S:/Projects/MyProject2/Content/Untitled_HLOD0_Instancing.uasset" 3854
"/ControlRig/Controls/ControlRig_Arrow_3mm" 3855
"/ControlRig/Controls/ControlRig_Arrow_1mm" 3856
"/ControlRig/Controls/ControlRig_Arrow4_solid" 3857
"/ControlRig/Controls/ControlRig_Arrow4_3mm" 3858
"/ControlRig/Controls/ControlRig_Arrow4_1mm" 3859
"/ControlRig/Controls/ControlRig_Arrow2_solid" 3860
"/ControlRig/Controls/ControlRig_Arrow2_3mm" 3861
"/ControlRig/Controls/ControlRig_Arrow2_1mm" 3862
"/ControlRig/Controls/ControlRig_Sphere_solid" 3863
"/Game/Untitled" 3864
"/InterchangeAssets/Functions/MX_OpenPBR_Opaque" 3865
"../../../Engine/Plugins/Animation/ControlRig/Content/Controls/ControlRig_Arrow_solid.uasset" 3866
"../../../Engine/Plugins/Animation/ControlRig/Content/Controls/ControlRig_Box_solid.uasset" 3867
"../../../Engine/Plugins/Animation/ControlRig/Content/Controls/ControlRig_Diamond_solid.uasset" 3868
"../../../Engine/Plugins/Animation/ControlRig/Content/Controls/ControlRig_Box_3mm.uasset" 3869
"../../../Engine/Plugins/Animation/ControlRig/Content/Controls/ControlRig_Circle_1mm.uasset" 3870
"../../../Engine/Plugins/Animation/ControlRig/Content/Controls/ControlRig_Circle_solid.uasset" 3871
"../../../Engine/Plugins/Animation/ControlRig/Content/Controls/ControlRig_Hexagon_3mm.uasset" 3872
"../../../Engine/Plugins/Animation/ControlRig/Content/Controls/ControlRig_Circle_3mm.uasset" 3873
"../../../Engine/Plugins/Animation/ControlRig/Content/Controls/ControlRig_Hexagon_solid.uasset" 3874
"../../../Engine/Plugins/Animation/ControlRig/Content/Controls/ControlRig_Diamond_1mm.uasset" 3875
"../../../Engine/Plugins/Animation/ControlRig/Content/Controls/ControlRig_Octagon_1mm.uasset" 3876
"../../../Engine/Plugins/Animation/ControlRig/Content/Controls/ControlRig_Pyramid_1mm.uasset" 3877
"../../../Engine/Plugins/Animation/ControlRig/Content/Controls/ControlRig_Diamond_3mm.uasset" 3878
"../../../Engine/Plugins/Animation/ControlRig/Content/Controls/ControlRig_HalfCircle_solid.uasset" 3879
"../../../Engine/Plugins/Animation/ControlRig/Content/Controls/ControlRig_Pyramid_3mm.uasset" 3880
"../../../Engine/Plugins/Animation/ControlRig/Content/Controls/ControlRig_Pyramid_solid.uasset" 3881
"../../../Engine/Plugins/Animation/ControlRig/Content/Controls/ControlRig_QuarterCircle_3mm.uasset" 3882
"../../../Engine/Plugins/Animation/ControlRig/Content/Controls/ControlRig_Box_1mm.uasset" 3883
"../../../Engine/Plugins/Animation/ControlRig/Content/Controls/ControlRig_QuarterCircle_1mm.uasset" 3884
"../../../Engine/Plugins/Animation/ControlRig/Content/Controls/ControlRig_Hexagon_1mm.uasset" 3885
"../../../Engine/Plugins/Animation/ControlRig/Content/Controls/ControlRig_QuarterCircle_solid.uasset" 3886
"../../../Engine/Plugins/Animation/ControlRig/Content/Controls/ControlRig_RoundedSquare_solid.uasset" 3887
"../../../Engine/Plugins/Animation/ControlRig/Content/Controls/ControlRig_Octagon_3mm.uasset" 3888
"../../../Engine/Plugins/Animation/ControlRig/Content/Controls/ControlRig_RoundedTriangle_3mm.uasset" 3889
"../../../Engine/Plugins/Animation/ControlRig/Content/Controls/ControlRig_HalfCircle_1mm.uasset" 3890
"../../../Engine/Plugins/Animation/ControlRig/Content/Controls/ControlRig_RoundedTriangle_solid.uasset" 3891
"../../../Engine/Plugins/Animation/ControlRig/Content/Controls/ControlRig_Sphere_1mm.uasset" 3892
"../../../Engine/Plugins/Animation/ControlRig/Content/Controls/ControlRig_RoundedSquare_3mm.uasset" 3893
"../../../Engine/Plugins/Animation/ControlRig/Content/Controls/ControlRig_RoundedSquare_1mm.uasset" 3894
"../../../Engine/Plugins/Animation/ControlRig/Content/Controls/ControlRig_RoundedTriangle_1mm.uasset" 3895
"../../../Engine/Plugins/Animation/ControlRig/Content/Controls/ControlRig_Octagon_solid.uasset" 3896
"../../../Engine/Plugins/Animation/ControlRig/Content/Controls/ControlRig_HalfCircle_3mm.uasset" 3897
"/Game/__ExternalActors__/Untitled/0/4P/FVZCFAHYN261SLBGVKYLQ2" 3898
"../../../../../../Projects/MyProject2/Content/__ExternalActors__/Untitled/0/4P/FVZCFAHYN261SLBGVKYLQ2.uasset" 3899
"../../../Engine/Content/OpenWorldTemplate/HLOD/HLOD0_Instancing.uasset" 3900
"../../../Engine/Content/OpenWorldTemplate/LandscapeMaterial/M_ProcGrid.uasset" 3901
"../../../Engine/Content/Functions/Engine_MaterialFunctions01/Gradient/LinearGradient.uasset" 3902
"../../../Engine/Content/Functions/Engine_MaterialFunctions01/ImageAdjustment/CheapContrast.uasset" 3903
"../../../Engine/Content/Functions/Engine_MaterialFunctions03/Blends/Blend_Overlay.uasset" 3904
"../../../Engine/Content/OpenWorldTemplate/LandscapeMaterial/MF_ProcGrid.uasset" 3905
"../../../Engine/Content/EngineMaterials/BlendFunc_DefBase.uasset" 3906
"../../../Engine/Content/EngineMaterials/BlendFunc_DefBlend.uasset" 3907
"../../../Engine/Content/OpenWorldTemplate/LandscapeMaterial/T_GridChecker_A.uasset" 3908
"/Game/__ExternalActors__/Untitled/0/95/8WUYYCMXX15BI3ANA0HQL2" 3909
"../../../../../../Projects/MyProject2/Content/__ExternalActors__/Untitled/0/95/8WUYYCMXX15BI3ANA0HQL2.uasset" 3910
"/Game/__ExternalActors__/Untitled/0/AC/HOVTEE68G7VAJSFOUK370Q" 3911
"../../../../../../Projects/MyProject2/Content/__ExternalActors__/Untitled/0/AC/HOVTEE68G7VAJSFOUK370Q.uasset" 3912
"/Game/__ExternalActors__/Untitled/0/BC/U8A7EELOY8P7KI64DKFYDH" 3913
"../../../../../../Projects/MyProject2/Content/__ExternalActors__/Untitled/0/BC/U8A7EELOY8P7KI64DKFYDH.uasset" 3914
"/Game/__ExternalActors__/Untitled/0/JR/96V7FEXIDQ6YRE9WCXTO3L" 3915
"../../../../../../Projects/MyProject2/Content/__ExternalActors__/Untitled/0/JR/96V7FEXIDQ6YRE9WCXTO3L.uasset" 3916
"/Game/__ExternalActors__/Untitled/1/16/BFWQBLV6I27BBRHR1PJOLX" 3917
"../../../../../../Projects/MyProject2/Content/__ExternalActors__/Untitled/1/16/BFWQBLV6I27BBRHR1PJOLX.uasset" 3918
"/Game/__ExternalActors__/Untitled/1/31/YMWLVZUS39SZKKP6EY3D02" 3919
"../../../../../../Projects/MyProject2/Content/__ExternalActors__/Untitled/1/31/YMWLVZUS39SZKKP6EY3D02.uasset" 3920
"/Game/__ExternalActors__/Untitled/1/4F/HHY9CLN6GWOEY7MEKH8DDK" 3921
"../../../../../../Projects/MyProject2/Content/__ExternalActors__/Untitled/1/4F/HHY9CLN6GWOEY7MEKH8DDK.uasset" 3922
"/Game/__ExternalActors__/Untitled/1/6B/A90KN4PDF9BYSQDRPALM93" 3923
"../../../../../../Projects/MyProject2/Content/__ExternalActors__/Untitled/1/6B/A90KN4PDF9BYSQDRPALM93.uasset" 3924
"/Game/__ExternalActors__/Untitled/1/JZ/TVNAEBT2XB4FBCJVHSWPJG" 3925
"../../../../../../Projects/MyProject2/Content/__ExternalActors__/Untitled/1/JZ/TVNAEBT2XB4FBCJVHSWPJG.uasset" 3926
"/Game/__ExternalActors__/Untitled/1/QI/A0ZTV8S9W9Y0PRY5NNQJKU" 3927
"../../../../../../Projects/MyProject2/Content/__ExternalActors__/Untitled/1/QI/A0ZTV8S9W9Y0PRY5NNQJKU.uasset" 3928
"/Game/__ExternalActors__/Untitled/1/ZP/X3NZJS0FIHM08ZXW8E8NQU" 3929
"../../../../../../Projects/MyProject2/Content/__ExternalActors__/Untitled/1/ZP/X3NZJS0FIHM08ZXW8E8NQU.uasset" 3930
"/Game/__ExternalActors__/Untitled/2/4P/W7D96E3DYPPMYMJWHCHJ59" 3931
"../../../../../../Projects/MyProject2/Content/__ExternalActors__/Untitled/2/4P/W7D96E3DYPPMYMJWHCHJ59.uasset" 3932
"/Game/__ExternalActors__/Untitled/2/7W/JK8UCU1PU2ABZQP90FEX7I" 3933
"../../../../../../Projects/MyProject2/Content/__ExternalActors__/Untitled/2/7W/JK8UCU1PU2ABZQP90FEX7I.uasset" 3934
"/Game/__ExternalActors__/Untitled/2/9L/EOQQBNIX06TRZ5JKHNXS6H" 3935
"../../../../../../Projects/MyProject2/Content/__ExternalActors__/Untitled/2/9L/EOQQBNIX06TRZ5JKHNXS6H.uasset" 3936
"/Game/__ExternalActors__/Untitled/2/B5/9L52R62XVE5E9BH06KPJKH" 3937
"../../../../../../Projects/MyProject2/Content/__ExternalActors__/Untitled/2/B5/9L52R62XVE5E9BH06KPJKH.uasset" 3938
"/Game/__ExternalActors__/Untitled/2/MO/TAQEW1E1C82JUFXW9HST5I" 3939
"../../../../../../Projects/MyProject2/Content/__ExternalActors__/Untitled/2/MO/TAQEW1E1C82JUFXW9HST5I.uasset" 3940
"/Game/__ExternalActors__/Untitled/2/PM/UNP76Q21SVMI272RXI3AGK" 3941
"../../../../../../Projects/MyProject2/Content/__ExternalActors__/Untitled/2/PM/UNP76Q21SVMI272RXI3AGK.uasset" 3942
"/Game/__ExternalActors__/Untitled/2/WJ/HOOYUZ3RW2QWE5BEYDM11G" 3943
"../../../../../../Projects/MyProject2/Content/__ExternalActors__/Untitled/2/WJ/HOOYUZ3RW2QWE5BEYDM11G.uasset" 3944
"/Game/__ExternalActors__/Untitled/3/8Y/PEVY7T6FU8CAR13QMRYRHH" 3945
"../../../../../../Projects/MyProject2/Content/__ExternalActors__/Untitled/3/8Y/PEVY7T6FU8CAR13QMRYRHH.uasset" 3946
"/Game/__ExternalActors__/Untitled/3/AK/MAPJMW9NWYWC79NT2QNDDW" 3947
"../../../../../../Projects/MyProject2/Content/__ExternalActors__/Untitled/3/AK/MAPJMW9NWYWC79NT2QNDDW.uasset" 3948
"/Game/__ExternalActors__/Untitled/3/LB/DFA9VVD121ROTY5NBEC13Y" 3949
"../../../../../../Projects/MyProject2/Content/__ExternalActors__/Untitled/3/LB/DFA9VVD121ROTY5NBEC13Y.uasset" 3950
"/Game/__ExternalActors__/Untitled/4/IA/99IPYCIBP4EO70G7NCXO6D" 3951
"../../../../../../Projects/MyProject2/Content/__ExternalActors__/Untitled/4/IA/99IPYCIBP4EO70G7NCXO6D.uasset" 3952
"/Game/__ExternalActors__/Untitled/4/IX/QB4R3CRHV6SQ401B0EBGID" 3953
"../../../../../../Projects/MyProject2/Content/__ExternalActors__/Untitled/4/IX/QB4R3CRHV6SQ401B0EBGID.uasset" 3954
"/Game/__ExternalActors__/Untitled/4/RS/WMTOUKEV8K3FHUM25G8BWJ" 3955
"../../../../../../Projects/MyProject2/Content/__ExternalActors__/Untitled/4/RS/WMTOUKEV8K3FHUM25G8BWJ.uasset" 3956
"/Game/__ExternalActors__/Untitled/4/S4/QQGZ7DAJCRY5GXHVDJWZ63" 3957
"../../../../../../Projects/MyProject2/Content/__ExternalActors__/Untitled/4/S4/QQGZ7DAJCRY5GXHVDJWZ63.uasset" 3958
"/Game/__ExternalActors__/Untitled/4/UM/B5BRDG8V1RJL3TWM4HR0OJ" 3959
"../../../../../../Projects/MyProject2/Content/__ExternalActors__/Untitled/4/UM/B5BRDG8V1RJL3TWM4HR0OJ.uasset" 3960
"/Game/__ExternalActors__/Untitled/5/02/IJ8HC1RVA6VSYU9C7T2FX4" 3961
"../../../../../../Projects/MyProject2/Content/__ExternalActors__/Untitled/5/02/IJ8HC1RVA6VSYU9C7T2FX4.uasset" 3962
"/Game/__ExternalActors__/Untitled/5/UN/91AWBJM8S09UURPMEJNTUG" 3963
"../../../../../../Projects/MyProject2/Content/__ExternalActors__/Untitled/5/UN/91AWBJM8S09UURPMEJNTUG.uasset" 3964
"/Game/__ExternalActors__/Untitled/6/T6/JZ5OSIKWQ7NAUADHTIMLAW" 3965
"../../../../../../Projects/MyProject2/Content/__ExternalActors__/Untitled/6/T6/JZ5OSIKWQ7NAUADHTIMLAW.uasset" 3966
"/Game/__ExternalActors__/Untitled/6/UV/743850F9OQFI148N0HVRR0" 3967
"../../../../../../Projects/MyProject2/Content/__ExternalActors__/Untitled/6/UV/743850F9OQFI148N0HVRR0.uasset" 3968
"/Game/__ExternalActors__/Untitled/7/FE/YB3M9P5BEKTAG0L64PFTJ3" 3969
"../../../../../../Projects/MyProject2/Content/__ExternalActors__/Untitled/7/FE/YB3M9P5BEKTAG0L64PFTJ3.uasset" 3970
"/Game/__ExternalActors__/Untitled/7/SM/8F2B8YK2YY1FSYJ4CDD1LZ" 3971
"../../../../../../Projects/MyProject2/Content/__ExternalActors__/Untitled/7/SM/8F2B8YK2YY1FSYJ4CDD1LZ.uasset" 3972
"/Game/__ExternalActors__/Untitled/7/VH/UKHYJQL74V2MP5LKZYHH11" 3973
"../../../../../../Projects/MyProject2/Content/__ExternalActors__/Untitled/7/VH/UKHYJQL74V2MP5LKZYHH11.uasset" 3974
"/Game/__ExternalActors__/Untitled/7/ZL/BO205AVTF1H51WLJULZKDE" 3975
"../../../../../../Projects/MyProject2/Content/__ExternalActors__/Untitled/7/ZL/BO205AVTF1H51WLJULZKDE.uasset" 3976
"/Game/__ExternalActors__/Untitled/8/15/9YKH8L8Z5C0IIMN27KK2VZ" 3977
"../../../../../../Projects/MyProject2/Content/__ExternalActors__/Untitled/8/15/9YKH8L8Z5C0IIMN27KK2VZ.uasset" 3978
"/Game/__ExternalActors__/Untitled/8/4O/6JQEC7C7J07T44BN9XRKKB" 3979
"../../../../../../Projects/MyProject2/Content/__ExternalActors__/Untitled/8/4O/6JQEC7C7J07T44BN9XRKKB.uasset" 3980
"/Game/__ExternalActors__/Untitled/8/ER/5M1849BTWZ388ZXQKPK7AB" 3981
"../../../../../../Projects/MyProject2/Content/__ExternalActors__/Untitled/8/ER/5M1849BTWZ388ZXQKPK7AB.uasset" 3982
"/Game/__ExternalActors__/Untitled/8/GX/L3LD2P7KMUNO4QPHEMBTVD" 3983
"../../../../../../Projects/MyProject2/Content/__ExternalActors__/Untitled/8/GX/L3LD2P7KMUNO4QPHEMBTVD.uasset" 3984
"/Game/__ExternalActors__/Untitled/8/OF/9WTLWT7YQX2L3Q3TAT0130" 3985
"../../../../../../Projects/MyProject2/Content/__ExternalActors__/Untitled/8/OF/9WTLWT7YQX2L3Q3TAT0130.uasset" 3986
"/Game/__ExternalActors__/Untitled/9/GA/EWFQW0H0JLO8BKRI7U64K2" 3987
"../../../../../../Projects/MyProject2/Content/__ExternalActors__/Untitled/9/GA/EWFQW0H0JLO8BKRI7U64K2.uasset" 3988
"/Game/__ExternalActors__/Untitled/9/JV/7908X05DEKYVMHZDGVEVFX" 3989
"../../../../../../Projects/MyProject2/Content/__ExternalActors__/Untitled/9/JV/7908X05DEKYVMHZDGVEVFX.uasset" 3990
"/Game/__ExternalActors__/Untitled/9/KQ/CUA374J9FP9AFFTXJ7T5ZP" 3991
"../../../../../../Projects/MyProject2/Content/__ExternalActors__/Untitled/9/KQ/CUA374J9FP9AFFTXJ7T5ZP.uasset" 3992
"/Game/__ExternalActors__/Untitled/9/L8/XEWYHE4USPJO8RYIZ048VS" 3993
"../../../../../../Projects/MyProject2/Content/__ExternalActors__/Untitled/9/L8/XEWYHE4USPJO8RYIZ048VS.uasset" 3994
"/Game/__ExternalActors__/Untitled/9/MA/NHJ192PDCQXCXQ2HQBMY8K" 3995
"../../../../../../Projects/MyProject2/Content/__ExternalActors__/Untitled/9/MA/NHJ192PDCQXCXQ2HQBMY8K.uasset" 3996
"/Game/__ExternalActors__/Untitled/A/II/4DHYLSBPUFMH473Q8O9S2B" 3997
"../../../../../../Projects/MyProject2/Content/__ExternalActors__/Untitled/A/II/4DHYLSBPUFMH473Q8O9S2B.uasset" 3998
"/Game/__ExternalActors__/Untitled/A/KQ/2XH64GEWX5DX4PBIMSZNI2" 3999
"../../../../../../Projects/MyProject2/Content/__ExternalActors__/Untitled/A/KQ/2XH64GEWX5DX4PBIMSZNI2.uasset" 4000
"/Game/__ExternalActors__/Untitled/A/TZ/H7X8SJH9IRNM65SZGY3GOB" 4001
"../../../../../../Projects/MyProject2/Content/__ExternalActors__/Untitled/A/TZ/H7X8SJH9IRNM65SZGY3GOB.uasset" 4002
"/Game/__ExternalActors__/Untitled/A/YA/AK1XLDR5V9IUUYHS9LT826" 4003
"../../../../../../Projects/MyProject2/Content/__ExternalActors__/Untitled/A/YA/AK1XLDR5V9IUUYHS9LT826.uasset" 4004
"/Game/__ExternalActors__/Untitled/B/BT/16KZACDPXTP4Z8S5D4BZ0W" 4005
"../../../../../../Projects/MyProject2/Content/__ExternalActors__/Untitled/B/BT/16KZACDPXTP4Z8S5D4BZ0W.uasset" 4006
"/Game/__ExternalActors__/Untitled/B/HE/6XMYFGC6A8NS1PR1SOBI7D" 4007
"../../../../../../Projects/MyProject2/Content/__ExternalActors__/Untitled/B/HE/6XMYFGC6A8NS1PR1SOBI7D.uasset" 4008
"/Game/__ExternalActors__/Untitled/C/1Y/5H7RHZCAR91A9DL66DYQZ1" 4009
"../../../../../../Projects/MyProject2/Content/__ExternalActors__/Untitled/C/1Y/5H7RHZCAR91A9DL66DYQZ1.uasset" 4010
"/Game/__ExternalActors__/Untitled/C/MF/T2KIT9WWA5O7U7KOOMME36" 4011
"../../../../../../Projects/MyProject2/Content/__ExternalActors__/Untitled/C/MF/T2KIT9WWA5O7U7KOOMME36.uasset" 4012
"/Game/__ExternalActors__/Untitled/C/R8/U69SAKGZ8JYPM3OB6EX0QD" 4013
"../../../../../../Projects/MyProject2/Content/__ExternalActors__/Untitled/C/R8/U69SAKGZ8JYPM3OB6EX0QD.uasset" 4014
"/Game/__ExternalActors__/Untitled/C/S6/LDLY18TSK27TZFUDPMCEW5" 4015
"../../../../../../Projects/MyProject2/Content/__ExternalActors__/Untitled/C/S6/LDLY18TSK27TZFUDPMCEW5.uasset" 4016
"/Game/__ExternalActors__/Untitled/C/VA/5H66W3HWF2PTGWEWXIG0XI" 4017
"../../../../../../Projects/MyProject2/Content/__ExternalActors__/Untitled/C/VA/5H66W3HWF2PTGWEWXIG0XI.uasset" 4018
"/Game/__ExternalActors__/Untitled/C/X9/8ASSQYJI2TVL4NB03GHN2Y" 4019
"../../../../../../Projects/MyProject2/Content/__ExternalActors__/Untitled/C/X9/8ASSQYJI2TVL4NB03GHN2Y.uasset" 4020
"/Game/__ExternalActors__/Untitled/D/4A/ABY732A12WGV65UUF87JLR" 4021
"../../../../../../Projects/MyProject2/Content/__ExternalActors__/Untitled/D/4A/ABY732A12WGV65UUF87JLR.uasset" 4022
"/Game/__ExternalActors__/Untitled/D/4X/GN0XA8QGIIL4B5QHYDFPY9" 4023
"../../../../../../Projects/MyProject2/Content/__ExternalActors__/Untitled/D/4X/GN0XA8QGIIL4B5QHYDFPY9.uasset" 4024
"/Game/__ExternalActors__/Untitled/D/EI/4QOQXMV1Z7RA8SARUL0Y9E" 4025
"../../../../../../Projects/MyProject2/Content/__ExternalActors__/Untitled/D/EI/4QOQXMV1Z7RA8SARUL0Y9E.uasset" 4026
"/Game/__ExternalActors__/Untitled/D/N3/83YOOR0H2EPQ81F5LWFO38" 4027
"../../../../../../Projects/MyProject2/Content/__ExternalActors__/Untitled/D/N3/83YOOR0H2EPQ81F5LWFO38.uasset" 4028
"/Game/__ExternalActors__/Untitled/D/UC/84I1258OPSKDPG5SEL0985" 4029
"../../../../../../Projects/MyProject2/Content/__ExternalActors__/Untitled/D/UC/84I1258OPSKDPG5SEL0985.uasset" 4030
"/Game/__ExternalActors__/Untitled/E/2Y/OJWKRQAOOT0OHBWZTOW73R" 4031
"../../../../../../Projects/MyProject2/Content/__ExternalActors__/Untitled/E/2Y/OJWKRQAOOT0OHBWZTOW73R.uasset" 4032
"/Game/__ExternalActors__/Untitled/E/8H/YI6CESF0ABS9YDUZ2U1YG8" 4033
"../../../../../../Projects/MyProject2/Content/__ExternalActors__/Untitled/E/8H/YI6CESF0ABS9YDUZ2U1YG8.uasset" 4034
"/Game/__ExternalActors__/Untitled/0/YK/K6UPO231BY2JGT7QL36BEO" 4035
"../../../../../../Projects/MyProject2/Content/__ExternalActors__/Untitled/0/YK/K6UPO231BY2JGT7QL36BEO.uasset" 4036
"/Game/__ExternalActors__/Untitled/1/JL/ZK9VQR5UXVP37810TVO5YO" 4037
"../../../../../../Projects/MyProject2/Content/__ExternalActors__/Untitled/1/JL/ZK9VQR5UXVP37810TVO5YO.uasset" 4038
"/Game/__ExternalActors__/Untitled/3/0C/B2JMGSH9XFZI7GT8M36JMF" 4039
"../../../../../../Projects/MyProject2/Content/__ExternalActors__/Untitled/3/0C/B2JMGSH9XFZI7GT8M36JMF.uasset" 4040
"/Game/__ExternalActors__/Untitled/7/L8/Y18E0V91UKJME7Q2OB3P5K" 4041
"../../../../../../Projects/MyProject2/Content/__ExternalActors__/Untitled/7/L8/Y18E0V91UKJME7Q2OB3P5K.uasset" 4042
"/Game/__ExternalActors__/Untitled/A/61/0AJZKN1ILOSJWXH12OEXNJ" 4043
"../../../../../../Projects/MyProject2/Content/__ExternalActors__/Untitled/A/61/0AJZKN1ILOSJWXH12OEXNJ.uasset" 4044
"../../../../../../Projects/MyProject2/Content/HiperShader/MaterialInstances/MI_Preset_Comic.uasset" 4045
"../../../../../../Projects/MyProject2/Content/HiperShader/MaterialInstances/MI_Preset_Comic1.uasset" 4046
"../../../../../../Projects/MyProject2/Content/HiperShader/Materials/M_HiperShader.uasset" 4047
"../../../../../../Projects/MyProject2/Content/HiperShader/Textures/T_Dots.uasset" 4048
"../../../../../../Projects/MyProject2/Content/HiperShader/Textures/T_Hatching.uasset" 4049
"../../../../../../Projects/MyProject2/Content/HiperShader/Gradients/CC_BW.uasset" 4050
"../../../../../../Projects/MyProject2/Content/HiperShader/Gradients/CurveAtlas.uasset" 4051
"../../../Engine/Content/Functions/Engine_MaterialFunctions01/ImageAdjustment/SCurve.uasset" 4052
"../../../Engine/Content/Functions/Engine_MaterialFunctions01/Texturing/TriplanarCameraVector.uasset" 4053
"../../../Engine/Content/Functions/Engine_MaterialFunctions01/Texturing/WorldAlignedTexture.uasset" 4054
"../../../../../../Projects/MyProject2/Content/HiperShader/MaterialFunctions/MF_CustomRotator.uasset" 4055
"../../../../../../Projects/MyProject2/Content/HiperShader/MaterialFunctions/MF_Outline.uasset" 4056
"../../../../../../Projects/MyProject2/Content/HiperShader/MaterialFunctions/MF_OutlineNormals.uasset" 4057
"../../../Engine/Content/MapTemplates/TilingNoise05.uasset" 4058
"../../../../../../Projects/MyProject2/Content/HiperShader/Textures/T_Hatching1.uasset" 4059
"../../../../../../Projects/MyProject2/Content/HiperShader/Textures/T_Watercolor.uasset" 4060
"../../../../../../Projects/MyProject2/Content/HiperShader/Gradients/CC_Blue.uasset" 4061
"../../../../../../Projects/MyProject2/Content/HiperShader/Gradients/CC_BW1.uasset" 4062
"/Game/__ExternalActors__/Untitled/C/KS/PL0JV7FLU4DLYXDOR1PC7G" 4063
"../../../../../../Projects/MyProject2/Content/__ExternalActors__/Untitled/C/KS/PL0JV7FLU4DLYXDOR1PC7G.uasset" 4064
"/Game/__ExternalActors__/Untitled/D/FV/1KGJYU8K12XHN6XNLSYMBQ" 4065
"../../../../../../Projects/MyProject2/Content/__ExternalActors__/Untitled/D/FV/1KGJYU8K12XHN6XNLSYMBQ.uasset" 4066
"../../../Engine/Content/EngineSky/M_SimpleSkyDome.uasset" 4067
"../../../Engine/Content/EngineSky/SM_SkySphere.uasset" 4068
"../../../Engine/Content/EngineSky/M_Sky_Panning_Clouds2.uasset" 4069
"../../../Engine/Content/EngineSky/T_Sky_Blue.uasset" 4070
"../../../Engine/Content/EngineSky/T_Sky_Clouds_M.uasset" 4071
"../../../Engine/Content/EngineSky/T_Sky_Stars.uasset" 4072
"/Game/__ExternalActors__/Untitled/D/U3/F9ZCV1ZQZIEFW41ASA7N1E" 4073
"../../../../../../Projects/MyProject2/Content/__ExternalActors__/Untitled/D/U3/F9ZCV1ZQZIEFW41ASA7N1E.uasset" 4074
"/Game/__ExternalActors__/Untitled/E/7X/0GCTIMNEBVF8AOXPOXOJMW" 4075
"../../../../../../Projects/MyProject2/Content/__ExternalActors__/Untitled/E/7X/0GCTIMNEBVF8AOXPOXOJMW.uasset" 4076
"../../../Engine/Content/EngineSky/VolumetricClouds/m_SimpleVolumetricCloud_Inst.uasset" 4077
"../../../Engine/Content/EngineSky/VolumetricClouds/m_SimpleVolumetricCloud.uasset" 4078
"../../../Engine/Content/EngineSky/VolumetricClouds/T_CloudMask.uasset" 4079
"../../../Engine/Content/EngineSky/VolumetricClouds/T_CloudPattern.uasset" 4080
"../../../Engine/Content/EngineSky/VolumetricClouds/T_Profile_08.uasset" 4081
"../../../Engine/Content/EngineSky/VolumetricClouds/VT_PerlinWorley_Balanced.uasset" 4082
"../../../Engine/Content/Functions/Engine_MaterialFunctions01/Units/Km-to-Cm.uasset" 4083
"../../../Engine/Content/Functions/Engine_MaterialFunctions02/Utility/BreakOutFloat4Components.uasset" 4084
"../../../Engine/Content/Functions/Engine_MaterialFunctions02/Utility/MakeFloat4.uasset" 4085
"../../../Engine/Content/EngineSky/VolumetricClouds/VT_Lightning.uasset" 4086
"/Engine/EditorResources/EmptyActor" 4087
"../../../Engine/Content/EditorResources/EmptyActor.uasset" 4088
"../../../../../../Projects/MyProject2/Content/Untitled.umap" 4089
"/Game/__ExternalActors__/Untitled/B/JP/PRDWJX5HHWIFD0T7RJ6OUB" 4090
"../../../../../../Projects/MyProject2/Content/__ExternalActors__/Untitled/B/JP/PRDWJX5HHWIFD0T7RJ6OUB.uasset" 4091
"/Game/__ExternalActors__/Untitled/C/26/ZBUFF8X49WNUB8XW4T6JOF" 4092
"../../../../../../Projects/MyProject2/Content/__ExternalActors__/Untitled/C/26/ZBUFF8X49WNUB8XW4T6JOF.uasset" 4093
"/Game/__ExternalActors__/Untitled/C/8L/3CODS11OI75V0WX0JS91GF" 4094
"../../../../../../Projects/MyProject2/Content/__ExternalActors__/Untitled/C/8L/3CODS11OI75V0WX0JS91GF.uasset" 4095
"/Game/__ExternalActors__/Untitled/C/UL/FCX003UHDFE1XFF1UYEKB8" 4096
"../../../../../../Projects/MyProject2/Content/__ExternalActors__/Untitled/C/UL/FCX003UHDFE1XFF1UYEKB8.uasset" 4097
"/Game/__ExternalActors__/Untitled/D/1Y/LOC77QZ3MD1ZFKG90D5EP3" 4098
"../../../../../../Projects/MyProject2/Content/__ExternalActors__/Untitled/D/1Y/LOC77QZ3MD1ZFKG90D5EP3.uasset" 4099
"/Game/__ExternalActors__/Untitled/D/39/H32T5U1Q8KNHDYD5J4ES73" 4100
"../../../../../../Projects/MyProject2/Content/__ExternalActors__/Untitled/D/39/H32T5U1Q8KNHDYD5J4ES73.uasset" 4101
"/Game/__ExternalActors__/Untitled/D/AY/1YG3IP1RLO5CDOBVQ0W0RA" 4102
"../../../../../../Projects/MyProject2/Content/__ExternalActors__/Untitled/D/AY/1YG3IP1RLO5CDOBVQ0W0RA.uasset" 4103
"/Game/__ExternalActors__/Untitled/D/BA/QUO0AEFJ38VWG80ZC1OF80" 4104
"../../../../../../Projects/MyProject2/Content/__ExternalActors__/Untitled/D/BA/QUO0AEFJ38VWG80ZC1OF80.uasset" 4105
"/Game/__ExternalActors__/Untitled/D/NM/BA3WQIS9O921IEUJ5HLEG5" 4106
"../../../../../../Projects/MyProject2/Content/__ExternalActors__/Untitled/D/NM/BA3WQIS9O921IEUJ5HLEG5.uasset" 4107
"/Game/__ExternalActors__/Untitled/D/PU/4DA3AUPUZMAQWTIQT205ZY" 4108
"../../../../../../Projects/MyProject2/Content/__ExternalActors__/Untitled/D/PU/4DA3AUPUZMAQWTIQT205ZY.uasset" 4109
"/Game/__ExternalActors__/Untitled/D/SW/W8795T2GDG12XXM5U16N9I" 4110
"../../../../../../Projects/MyProject2/Content/__ExternalActors__/Untitled/D/SW/W8795T2GDG12XXM5U16N9I.uasset" 4111
"/Game/__ExternalActors__/Untitled/E/F1/MDBU119X329MP1N6H3D543" 4112
"../../../../../../Projects/MyProject2/Content/__ExternalActors__/Untitled/E/F1/MDBU119X329MP1N6H3D543.uasset" 4113
"/Game/__ExternalActors__/Untitled/E/KM/6LU1RLRCO82PA3M8IZWHFG" 4114
"../../../../../../Projects/MyProject2/Content/__ExternalActors__/Untitled/E/KM/6LU1RLRCO82PA3M8IZWHFG.uasset" 4115
"/Game/__ExternalActors__/Untitled/E/MU/LNHD27GINT2578B3TZYQRM" 4116
"../../../../../../Projects/MyProject2/Content/__ExternalActors__/Untitled/E/MU/LNHD27GINT2578B3TZYQRM.uasset" 4117
"/Game/__ExternalActors__/Untitled/8/IV/H0MMTUZ996JY5Z931CM553" 4118
"../../../../../../Projects/MyProject2/Content/__ExternalActors__/Untitled/8/IV/H0MMTUZ996JY5Z931CM553.uasset" 4119
"/Game/__ExternalActors__/Untitled/8/KG/P4FT47HC1MCSOGH2WSE38M" 4120
"../../../../../../Projects/MyProject2/Content/__ExternalActors__/Untitled/8/KG/P4FT47HC1MCSOGH2WSE38M.uasset" 4121
"/Game/__ExternalActors__/Untitled/8/RC/KUGNOG85HLKEE7Q39VX85T" 4122
"../../../../../../Projects/MyProject2/Content/__ExternalActors__/Untitled/8/RC/KUGNOG85HLKEE7Q39VX85T.uasset" 4123
"/Game/__ExternalActors__/Untitled/8/SI/X9FK3ZHPHSO5EQPDKGIUR6" 4124
"../../../../../../Projects/MyProject2/Content/__ExternalActors__/Untitled/8/SI/X9FK3ZHPHSO5EQPDKGIUR6.uasset" 4125
"/Game/__ExternalActors__/Untitled/9/44/XDORVWH31K9O5U948J6UPN" 4126
"../../../../../../Projects/MyProject2/Content/__ExternalActors__/Untitled/9/44/XDORVWH31K9O5U948J6UPN.uasset" 4127
"/Game/__ExternalActors__/Untitled/9/BE/ZFTWYVA2AW3K7IZGVNFI9L" 4128
"../../../../../../Projects/MyProject2/Content/__ExternalActors__/Untitled/9/BE/ZFTWYVA2AW3K7IZGVNFI9L.uasset" 4129
"/Game/__ExternalActors__/Untitled/9/BQ/9DT5QPLF7KD6YB8VPR7LE1" 4130
"../../../../../../Projects/MyProject2/Content/__ExternalActors__/Untitled/9/BQ/9DT5QPLF7KD6YB8VPR7LE1.uasset" 4131
"/Game/__ExternalActors__/Untitled/9/K0/21YIO1N87PSV94GJ48ZOX7" 4132
"../../../../../../Projects/MyProject2/Content/__ExternalActors__/Untitled/9/K0/21YIO1N87PSV94GJ48ZOX7.uasset" 4133
"/Game/__ExternalActors__/Untitled/9/Y5/82VFC1UWWA110XOOEJ158E" 4134
"../../../../../../Projects/MyProject2/Content/__ExternalActors__/Untitled/9/Y5/82VFC1UWWA110XOOEJ158E.uasset" 4135
"/Game/__ExternalActors__/Untitled/A/AG/KECGBPL7YSM95LL88MMB8I" 4136
"../../../../../../Projects/MyProject2/Content/__ExternalActors__/Untitled/A/AG/KECGBPL7YSM95LL88MMB8I.uasset" 4137
"/Game/__ExternalActors__/Untitled/A/DW/8L46K1WD89YDHPA4PA1YQO" 4138
"../../../../../../Projects/MyProject2/Content/__ExternalActors__/Untitled/A/DW/8L46K1WD89YDHPA4PA1YQO.uasset" 4139
"/Game/__ExternalActors__/Untitled/A/GQ/Z1GJ8KGAV56S5I7H40160C" 4140
"../../../../../../Projects/MyProject2/Content/__ExternalActors__/Untitled/A/GQ/Z1GJ8KGAV56S5I7H40160C.uasset" 4141
"/Game/__ExternalActors__/Untitled/A/IV/F2UCV3PMQVPC9OA6Y0XXG3" 4142
"../../../../../../Projects/MyProject2/Content/__ExternalActors__/Untitled/A/IV/F2UCV3PMQVPC9OA6Y0XXG3.uasset" 4143
"/Game/__ExternalActors__/Untitled/A/YZ/YX06X250S5OVC9ACDIZ2EJ" 4144
"../../../../../../Projects/MyProject2/Content/__ExternalActors__/Untitled/A/YZ/YX06X250S5OVC9ACDIZ2EJ.uasset" 4145
"/Game/__ExternalActors__/Untitled/B/19/N0FO3VW9PMSIQGODLR8OHK" 4146
"../../../../../../Projects/MyProject2/Content/__ExternalActors__/Untitled/B/19/N0FO3VW9PMSIQGODLR8OHK.uasset" 4147
"/Game/__ExternalActors__/Untitled/B/3B/TMAFS2SESKUD4KOAG2NJ49" 4148
"../../../../../../Projects/MyProject2/Content/__ExternalActors__/Untitled/B/3B/TMAFS2SESKUD4KOAG2NJ49.uasset" 4149
"/ControlRig/Controls/ControlRig_Sphere_1mm" 4150
"/ControlRig/Controls/ControlRig_RoundedTriangle_solid" 4151
"/ControlRig/Controls/ControlRig_RoundedTriangle_3mm" 4152
"/ControlRig/Controls/ControlRig_RoundedTriangle_1mm" 4153
"/ControlRig/Controls/ControlRig_RoundedSquare_1mm" 4154
"/ControlRig/Controls/ControlRig_QuarterCircle_solid" 4155
"/ControlRig/Controls/ControlRig_QuarterCircle_3mm" 4156
"/ControlRig/Controls/ControlRig_QuarterCircle_1mm" 4157
"/ControlRig/Controls/ControlRig_Pyramid_solid" 4158
"/ControlRig/Controls/ControlRig_Pyramid_3mm" 4159
"/ControlRig/Controls/ControlRig_Pyramid_1mm" 4160
"/ControlRig/Controls/ControlRig_Octagon_solid" 4161
"/ControlRig/Controls/ControlRig_Octagon_3mm" 4162
"/ControlRig/Controls/ControlRig_Octagon_1mm" 4163
"/Game/__ExternalActors__/Untitled/7/UU/T0ZQNCIJWLLSMBV45U9UNS" 4164
"../../../../../../Projects/MyProject2/Content/__ExternalActors__/Untitled/7/UU/T0ZQNCIJWLLSMBV45U9UNS.uasset" 4165
"/Game/__ExternalActors__/Untitled/8/78/J445VYKJUTLNEBUTN5JFSX" 4166
"../../../../../../Projects/MyProject2/Content/__ExternalActors__/Untitled/8/78/J445VYKJUTLNEBUTN5JFSX.uasset" 4167
"/ControlRig/Controls/ControlRig_Hexagon_solid" 4168
"/ControlRig/Controls/ControlRig_Hexagon_3mm" 4169
"/ControlRig/Controls/ControlRig_Hexagon_1mm" 4170
"/ControlRig/Controls/ControlRig_HalfCircle_solid" 4171
"/ControlRig/Controls/ControlRig_HalfCircle_3mm" 4172
"/ControlRig/Controls/ControlRig_HalfCircle_1mm" 4173
"/ControlRig/Controls/ControlRig_Diamond_solid" 4174
"/ControlRig/Controls/ControlRig_Diamond_3mm" 4175
"/ControlRig/Controls/ControlRig_Diamond_1mm" 4176
"/ControlRig/Controls/ControlRig_Circle_solid" 4177
"/ControlRig/Controls/ControlRig_Circle_3mm" 4178
"/ControlRig/Controls/ControlRig_Circle_1mm" 4179
"/ControlRig/Controls/ControlRig_Box_solid" 4180
"/ControlRig/Controls/ControlRig_Box_3mm" 4181
"/ControlRig/Controls/ControlRig_RoundedSquare_solid" 4182
"/ControlRig/Controls/ControlRig_RoundedSquare_3mm" 4183
"/ControlRig/Controls/ControlRig_Box_1mm" 4184
"/ControlRig/Controls/ControlRig_Arrow_solid" 4185
"../../../Engine/Plugins/Animation/ControlRig/Content/Controls/ControlRig_Square_1mm.uasset" 4186
"../../../Engine/Plugins/Animation/ControlRig/Content/Controls/ControlRig_Triangle_1mm.uasset" 4187
"../../../Engine/Plugins/Animation/ControlRig/Content/Controls/ControlRig_Star4_1mm.uasset" 4188
"../../../Engine/Plugins/Animation/ControlRig/Content/Controls/ControlRig_Sphere_3mm.uasset" 4189
"../../../Engine/Plugins/Animation/ControlRig/Content/Controls/ControlRig_Square_solid.uasset" 4190
"../../../Engine/Plugins/Animation/ControlRig/Content/Controls/ControlRig_Square_3mm.uasset" 4191
"../../../Engine/Plugins/Animation/ControlRig/Content/Controls/ControlRig_Triangle_3mm.uasset" 4192
"../../../Engine/Plugins/Animation/ControlRig/Content/Controls/ControlRig_Star4_3mm.uasset" 4193
"../../../Engine/Plugins/Animation/ControlRig/Content/Controls/ControlRig_Star4_solid.uasset" 4194
"../../../Engine/Plugins/Animation/ControlRig/Content/Controls/ControlRig_Triangle_solid.uasset" 4195
"../../../Engine/Plugins/Animation/ControlRig/Content/Controls/ControlRig_Wedge_1mm.uasset" 4196
"../../../Engine/Content/Maps/Entry_BuiltData.uasset" 4197
"../../../Engine/Plugins/Animation/ControlRig/Content/Controls/ControlRig_Wedge_3mm.uasset" 4198
"../../../Engine/Content/Maps/Entry.umap" 4199
"../../../Engine/Plugins/Animation/ControlRig/Content/Controls/ControlRig_Wedge_solid.uasset" 4200
"/Game/__ExternalActors__/Untitled/4/DG/S0UKF9OUZ4ZHKU3LHS4676" 4201
"../../../../../../Projects/MyProject2/Content/__ExternalActors__/Untitled/4/DG/S0UKF9OUZ4ZHKU3LHS4676.uasset" 4202
"/Game/__ExternalActors__/Untitled/4/TV/GKOPEC6UIIHJ9LBXKLD7UM" 4203
"../../../../../../Projects/MyProject2/Content/__ExternalActors__/Untitled/4/TV/GKOPEC6UIIHJ9LBXKLD7UM.uasset" 4204
"/Game/__ExternalActors__/Untitled/5/P9/Y5TXGWIE2U6BVSRHM3CBRL" 4205
"../../../../../../Projects/MyProject2/Content/__ExternalActors__/Untitled/5/P9/Y5TXGWIE2U6BVSRHM3CBRL.uasset" 4206
"/Game/__ExternalActors__/Untitled/5/PT/I1CXE7YA8N7EOIF6S2LUNU" 4207
"../../../../../../Projects/MyProject2/Content/__ExternalActors__/Untitled/5/PT/I1CXE7YA8N7EOIF6S2LUNU.uasset" 4208
"/Game/__ExternalActors__/Untitled/5/XC/PTON9ZHKVA2YYM6OQVKGB2" 4209
"../../../../../../Projects/MyProject2/Content/__ExternalActors__/Untitled/5/XC/PTON9ZHKVA2YYM6OQVKGB2.uasset" 4210
"/Game/__ExternalActors__/Untitled/5/YI/ZJ11KYNNPW461PLOWQD26D" 4211
"../../../../../../Projects/MyProject2/Content/__ExternalActors__/Untitled/5/YI/ZJ11KYNNPW461PLOWQD26D.uasset" 4212
"/Game/__ExternalActors__/Untitled/5/YO/RTR8JDENQERG3GOYNFL652" 4213
"../../../../../../Projects/MyProject2/Content/__ExternalActors__/Untitled/5/YO/RTR8JDENQERG3GOYNFL652.uasset" 4214
"/Game/__ExternalActors__/Untitled/6/2F/4YJUFZ5EQ0DYYJ7YPLLALQ" 4215
"../../../../../../Projects/MyProject2/Content/__ExternalActors__/Untitled/6/2F/4YJUFZ5EQ0DYYJ7YPLLALQ.uasset" 4216
"/Game/__ExternalActors__/Untitled/6/78/NR4DRMJJN85GU6E9FTRA0C" 4217
"../../../../../../Projects/MyProject2/Content/__ExternalActors__/Untitled/6/78/NR4DRMJJN85GU6E9FTRA0C.uasset" 4218
"/Game/__ExternalActors__/Untitled/6/AL/EUPIOBVK6UMCF23HOCCEU3" 4219
"../../../../../../Projects/MyProject2/Content/__ExternalActors__/Untitled/6/AL/EUPIOBVK6UMCF23HOCCEU3.uasset" 4220
"/Game/__ExternalActors__/Untitled/6/KE/OIGRKUBFQ7K03JW0AYCTV5" 4221
"../../../../../../Projects/MyProject2/Content/__ExternalActors__/Untitled/6/KE/OIGRKUBFQ7K03JW0AYCTV5.uasset" 4222
"/Game/__ExternalActors__/Untitled/6/WU/6N24LSH1JBQH6WL2ATPWE1" 4223
"../../../../../../Projects/MyProject2/Content/__ExternalActors__/Untitled/6/WU/6N24LSH1JBQH6WL2ATPWE1.uasset" 4224
"/Game/__ExternalActors__/Untitled/7/2A/3SH27DERCHJSHZDQM19U56" 4225
"../../../../../../Projects/MyProject2/Content/__ExternalActors__/Untitled/7/2A/3SH27DERCHJSHZDQM19U56.uasset" 4226
"/Game/__ExternalActors__/Untitled/7/KO/HBTFQ946P5JEK2VINSXFF6" 4227
"../../../../../../Projects/MyProject2/Content/__ExternalActors__/Untitled/7/KO/HBTFQ946P5JEK2VINSXFF6.uasset" 4228
"/Game/__ExternalActors__/Untitled/1/88/91A6XDDNFM52BRAOQB9C7N" 4229
"../../../../../../Projects/MyProject2/Content/__ExternalActors__/Untitled/1/88/91A6XDDNFM52BRAOQB9C7N.uasset" 4230
"/Game/__ExternalActors__/Untitled/1/E8/7OERKV5DBN9AKH9OGFA22L" 4231
"../../../../../../Projects/MyProject2/Content/__ExternalActors__/Untitled/1/E8/7OERKV5DBN9AKH9OGFA22L.uasset" 4232
"/Game/__ExternalActors__/Untitled/1/FB/UZK8LGMDWLF7LHM5AQVVMX" 4233
"../../../../../../Projects/MyProject2/Content/__ExternalActors__/Untitled/1/FB/UZK8LGMDWLF7LHM5AQVVMX.uasset" 4234
"/Game/__ExternalActors__/Untitled/1/WJ/7L5OB0P2MOJN0JVT0IO388" 4235
"../../../../../../Projects/MyProject2/Content/__ExternalActors__/Untitled/1/WJ/7L5OB0P2MOJN0JVT0IO388.uasset" 4236
"/Game/__ExternalActors__/Untitled/1/X9/T0P80E587PN0FI1P1SY900" 4237
"../../../../../../Projects/MyProject2/Content/__ExternalActors__/Untitled/1/X9/T0P80E587PN0FI1P1SY900.uasset" 4238
"/Game/__ExternalActors__/Untitled/1/ZR/BS9RFRC48BZCNCJGUFIL41" 4239
"../../../../../../Projects/MyProject2/Content/__ExternalActors__/Untitled/1/ZR/BS9RFRC48BZCNCJGUFIL41.uasset" 4240
"/Game/__ExternalActors__/Untitled/2/FS/YFTU31AIP02GLV9QYB3OAQ" 4241
"../../../../../../Projects/MyProject2/Content/__ExternalActors__/Untitled/2/FS/YFTU31AIP02GLV9QYB3OAQ.uasset" 4242
"/Game/__ExternalActors__/Untitled/2/TD/9EBCA33K4RSQN59I5SZIQH" 4243
"../../../../../../Projects/MyProject2/Content/__ExternalActors__/Untitled/2/TD/9EBCA33K4RSQN59I5SZIQH.uasset" 4244
"/Game/__ExternalActors__/Untitled/3/03/C9M91X2IU3VSISEPAAR2J6" 4245
"../../../../../../Projects/MyProject2/Content/__ExternalActors__/Untitled/3/03/C9M91X2IU3VSISEPAAR2J6.uasset" 4246
"/Game/__ExternalActors__/Untitled/3/3W/Q0EVUK3U5XPDZDNHKTBSLP" 4247
"../../../../../../Projects/MyProject2/Content/__ExternalActors__/Untitled/3/3W/Q0EVUK3U5XPDZDNHKTBSLP.uasset" 4248
"/Game/__ExternalActors__/Untitled/3/5C/V2OCRSLOSFHUS6S9LPDM10" 4249
"../../../../../../Projects/MyProject2/Content/__ExternalActors__/Untitled/3/5C/V2OCRSLOSFHUS6S9LPDM10.uasset" 4250
"/Game/__ExternalActors__/Untitled/3/AP/1KJ2KRD4PP3Z0SLYN7WFIE" 4251
"../../../../../../Projects/MyProject2/Content/__ExternalActors__/Untitled/3/AP/1KJ2KRD4PP3Z0SLYN7WFIE.uasset" 4252
"/Game/__ExternalActors__/Untitled/3/AX/XID5TZXXMZIHV596JMGTU7" 4253
"../../../../../../Projects/MyProject2/Content/__ExternalActors__/Untitled/3/AX/XID5TZXXMZIHV596JMGTU7.uasset" 4254
"/Game/__ExternalActors__/Untitled/3/BS/ZIEENY77NLPV6BWBFRS7QO" 4255
"../../../../../../Projects/MyProject2/Content/__ExternalActors__/Untitled/3/BS/ZIEENY77NLPV6BWBFRS7QO.uasset" 4256
"/Game/__ExternalActors__/Untitled/3/LO/2L34HDZPM4CJROKPRLKZ5E" 4257
"../../../../../../Projects/MyProject2/Content/__ExternalActors__/Untitled/3/LO/2L34HDZPM4CJROKPRLKZ5E.uasset" 4258
"/Game/__ExternalActors__/Untitled/3/SV/A9DJ5UP9TCM1HX8LNL9YMB" 4259
"../../../../../../Projects/MyProject2/Content/__ExternalActors__/Untitled/3/SV/A9DJ5UP9TCM1HX8LNL9YMB.uasset" 4260
"/Engine/EditorResources/LightIcons/S_LightError" 4261
"../../../Engine/Content/EditorResources/LightIcons/S_LightError.uasset" 4262
"/Game/__ExternalActors__/Untitled/0/8Y/SDDUZVFBIE0MB1SKJOTUE0" 4263
"../../../../../../Projects/MyProject2/Content/__ExternalActors__/Untitled/0/8Y/SDDUZVFBIE0MB1SKJOTUE0.uasset" 4264
"/Game/__ExternalActors__/Untitled/0/M4/5MTIGS1CXR43BN7AFV1ZVS" 4265
"../../../../../../Projects/MyProject2/Content/__ExternalActors__/Untitled/0/M4/5MTIGS1CXR43BN7AFV1ZVS.uasset" 4266
"/Game/__ExternalActors__/Untitled/2/R6/WV8VTPLJWVWEJ33HN8WQ0X" 4267
"../../../../../../Projects/MyProject2/Content/__ExternalActors__/Untitled/2/R6/WV8VTPLJWVWEJ33HN8WQ0X.uasset" 4268
"/Game/__ExternalActors__/Untitled/5/6P/TZTEGS7BV2V5AXK97N4747" 4269
"../../../../../../Projects/MyProject2/Content/__ExternalActors__/Untitled/5/6P/TZTEGS7BV2V5AXK97N4747.uasset" 4270
"/Game/__ExternalActors__/Untitled/6/67/8TZ4B0JI6CJQ1OAUK3JMBT" 4271
"../../../../../../Projects/MyProject2/Content/__ExternalActors__/Untitled/6/67/8TZ4B0JI6CJQ1OAUK3JMBT.uasset" 4272
"/Game/__ExternalActors__/Untitled/8/8A/56KFTQJ10Z44618Y5S62O4" 4273
"../../../../../../Projects/MyProject2/Content/__ExternalActors__/Untitled/8/8A/56KFTQJ10Z44618Y5S62O4.uasset" 4274
"/Game/__ExternalActors__/Untitled/1/1R/M0B50OLRXLIM0AHT0NV3LE" 4275
"../../../../../../Projects/MyProject2/Content/__ExternalActors__/Untitled/1/1R/M0B50OLRXLIM0AHT0NV3LE.uasset" 4276
"/ControlRig/Controls/ControlRig_Wedge_1mm" 4277
"/ControlRig/Controls/ControlRig_Triangle_solid" 4278
"/ControlRig/Controls/ControlRig_Triangle_3mm" 4279
"/ControlRig/Controls/ControlRig_Triangle_1mm" 4280
"/ControlRig/Controls/ControlRig_Star4_solid" 4281
"/ControlRig/Controls/ControlRig_Star4_3mm" 4282
"/ControlRig/Controls/ControlRig_Star4_1mm" 4283
"/ControlRig/Controls/ControlRig_Square_solid" 4284
"/ControlRig/Controls/ControlRig_Square_3mm" 4285
"/ControlRig/Controls/ControlRig_Square_1mm" 4286
"/ControlRig/Controls/ControlRig_Sphere_3mm" 4287
"../../../Engine/Content/EngineMaterials/Substrate/GLints/dict_16_192_64_0p5_0p02_0000_0000.uasset" 4288
"../../../Engine/Content/EngineMaterials/Substrate/GLints/dict_16_192_64_0p5_0p02_0000_0007.uasset" 4289
"../../../Engine/Content/EngineMaterials/Substrate/GLints/dict_16_192_64_0p5_0p02_0000_0010.uasset" 4290
"../../../Engine/Content/EngineMaterials/Substrate/GLints/dict_16_192_64_0p5_0p02_0000_0008.uasset" 4291
"../../../Engine/Content/EngineMaterials/Substrate/GLints/dict_16_192_64_0p5_0p02_0000_0011.uasset" 4292
"../../../Engine/Content/EngineMaterials/Substrate/GLints/dict_16_192_64_0p5_0p02_0000_0004.uasset" 4293
"../../../Engine/Content/EditorMaterials/PreviewShadowIndicator.uasset" 4294
"../../../Engine/Content/EngineMaterials/Substrate/GLints/dict_16_192_64_0p5_0p02_0000_0012.uasset" 4295
"../../../Engine/Content/EngineMaterials/Substrate/GLints/dict_16_192_64_0p5_0p02_0000_0014.uasset" 4296
"../../../Engine/Content/EngineMaterials/Substrate/GLints/dict_16_192_64_0p5_0p02_0000_0006.uasset" 4297
"../../../Engine/Content/EngineMaterials/Substrate/GLints/dict_16_192_64_0p5_0p02_0001_0000.uasset" 4298
"../../../Engine/Content/EngineMaterials/Substrate/GLints/dict_16_192_64_0p5_0p02_0000_0002.uasset" 4299
"../../../Engine/Content/EngineMaterials/Substrate/GLints/dict_16_192_64_0p5_0p02_0001_0001.uasset" 4300
"../../../Engine/Content/EngineMaterials/Substrate/GLints/dict_16_192_64_0p5_0p02_0001_0003.uasset" 4301
"../../../Engine/Content/EngineMaterials/Substrate/GLints/dict_16_192_64_0p5_0p02_0000_0001.uasset" 4302
"../../../Engine/Content/EngineMaterials/Substrate/GLints/dict_16_192_64_0p5_0p02_0001_0004.uasset" 4303
"../../../Engine/Content/EngineMaterials/Substrate/GLints/dict_16_192_64_0p5_0p02_0001_0005.uasset" 4304
"../../../Engine/Content/EngineMaterials/Substrate/GLints/dict_16_192_64_0p5_0p02_0000_0005.uasset" 4305
"../../../Engine/Content/EngineMaterials/Substrate/GLints/dict_16_192_64_0p5_0p02_0001_0007.uasset" 4306
"../../../Engine/Content/EditorMaterials/PreviewShadowIndicatorMaterial.uasset" 4307
"../../../Engine/Content/EngineMaterials/Substrate/GLints/dict_16_192_64_0p5_0p02_0001_0009.uasset" 4308
"../../../Engine/Content/EngineMaterials/Substrate/GLints/dict_16_192_64_0p5_0p02_0000_0013.uasset" 4309
"../../../Engine/Content/EngineMaterials/Substrate/GLints/dict_16_192_64_0p5_0p02_0000_0015.uasset" 4310
"../../../Engine/Content/EngineMaterials/Substrate/GLints/dict_16_192_64_0p5_0p02_0000_0009.uasset" 4311
"../../../Engine/Content/EngineMaterials/Substrate/GLints/dict_16_192_64_0p5_0p02_0001_0002.uasset" 4312
"../../../Engine/Content/EngineMaterials/Substrate/GLints/dict_16_192_64_0p5_0p02_0000_0003.uasset" 4313
"../../../Engine/Content/EngineMaterials/Substrate/GLints/dict_16_192_64_0p5_0p02_0001_0006.uasset" 4314
"../../../Engine/Content/EngineMaterials/Substrate/GLints/dict_16_192_64_0p5_0p02_0001_0008.uasset" 4315
"../../../Engine/Plugins/Animation/DeformerGraph/Shaders/Private/DataInterfaceCustomComputeKernel.ush" 4316
"../../../Engine/Plugins/Animation/DeformerGraph/Shaders/Private/DataInterfaceCloth.ush" 4317
"../../../Engine/Plugins/Animation/DeformerGraph/Shaders/Private/DataInterfaceSkinnedMeshRead.ush" 4318
"../../../Engine/Plugins/Animation/DeformerGraph/Shaders/Private/DataInterfaceSkeleton.ush" 4319
"../../../Engine/Plugins/Animation/DeformerGraph/Shaders/Private/DataInterfaceSkeletonCommon.ush" 4320
"../../../Engine/Plugins/Animation/DeformerGraph/Shaders/Private/DataInterfaceMorphTarget.ush" 4321
"../../../Engine/Plugins/Animation/DeformerGraph/Shaders/Private/DataInterfaceSkinnedMeshWrite.ush" 4322
"../../../Engine/Plugins/Animation/DeformerGraph/Shaders/Private/DataInterfaceRawBuffer.ush" 4323
"../../../Engine/Plugins/Runtime/ComputeFramework/Shaders/Private/BufferAlias.ush" 4324
"../../../Engine/Plugins/Animation/DeformerGraph/Shaders/Private/DataInterfaceSkinnedMesh.ush" 4325
"../../../Engine/Plugins/Animation/DeformerGraph/Shaders/Private/DataInterfaceHalfEdge.ush" 4326
"/Engine/Maps/Entry" 4327
"/ControlRig/Controls/ControlRig_Wedge_solid" 4328
"/ControlRig/Controls/ControlRig_Wedge_3mm" 4329
"../../../Engine/Content/EngineMaterials/Substrate/GLints/dict_16_192_64_0p5_0p02_0001_0010.uasset" 4330
"../../../Engine/Content/EngineMaterials/Substrate/GLints/dict_16_192_64_0p5_0p02_0001_0013.uasset" 4331
"/Engine/EngineMaterials/Substrate/GLints/dict_16_192_64_0p5_0p02_0001_0009" 4332
"../../../Engine/Content/EngineMaterials/Substrate/GLints/dict_16_192_64_0p5_0p02_0001_0011.uasset" 4333
"../../../Engine/Content/EngineMaterials/Substrate/GLints/dict_16_192_64_0p5_0p02_0001_0012.uasset" 4334
"/Engine/EngineMaterials/Substrate/GLints/dict_16_192_64_0p5_0p02_0001_0008" 4335
"/Engine/EngineMaterials/Substrate/GLints/dict_16_192_64_0p5_0p02_0001_0007" 4336
"/Engine/EngineMaterials/Substrate/GLints/dict_16_192_64_0p5_0p02_0001_0006" 4337
"/Engine/EngineMaterials/Substrate/GLints/dict_16_192_64_0p5_0p02_0001_0005" 4338
"/Engine/EngineMaterials/Substrate/GLints/dict_16_192_64_0p5_0p02_0001_0004" 4339
"/Engine/EngineMaterials/Substrate/GLints/dict_16_192_64_0p5_0p02_0001_0003" 4340
"/Engine/EngineMaterials/Substrate/GLints/dict_16_192_64_0p5_0p02_0001_0002" 4341
"/Engine/EngineMaterials/Substrate/GLints/dict_16_192_64_0p5_0p02_0001_0001" 4342
"/Engine/EngineMaterials/Substrate/GLints/dict_16_192_64_0p5_0p02_0001_0000" 4343
"/Engine/EngineMaterials/Substrate/GLints/dict_16_192_64_0p5_0p02_0000_0015" 4344
"/Engine/EngineMaterials/Substrate/GLints/dict_16_192_64_0p5_0p02_0000_0014" 4345
"/Engine/EngineMaterials/Substrate/GLints/dict_16_192_64_0p5_0p02_0000_0013" 4346
"/Engine/EngineMaterials/Substrate/GLints/dict_16_192_64_0p5_0p02_0000_0012" 4347
"/Engine/EngineMaterials/Substrate/GLints/dict_16_192_64_0p5_0p02_0000_0011" 4348
"/Engine/EngineMaterials/Substrate/GLints/dict_16_192_64_0p5_0p02_0000_0010" 4349
"/Engine/EngineMaterials/Substrate/GLints/dict_16_192_64_0p5_0p02_0000_0009" 4350
"/Engine/EngineMaterials/Substrate/GLints/dict_16_192_64_0p5_0p02_0000_0008" 4351
"/Engine/EngineMaterials/Substrate/GLints/dict_16_192_64_0p5_0p02_0000_0007" 4352
"/Engine/EngineMaterials/Substrate/GLints/dict_16_192_64_0p5_0p02_0000_0006" 4353
"/Engine/EngineMaterials/Substrate/GLints/dict_16_192_64_0p5_0p02_0000_0005" 4354
"/Engine/EngineMaterials/Substrate/GLints/dict_16_192_64_0p5_0p02_0000_0004" 4355
"/Engine/EngineMaterials/Substrate/GLints/dict_16_192_64_0p5_0p02_0000_0003" 4356
"/Engine/EngineMaterials/Substrate/GLints/dict_16_192_64_0p5_0p02_0000_0002" 4357
"/Engine/EngineMaterials/Substrate/GLints/dict_16_192_64_0p5_0p02_0000_0001" 4358
"/Engine/EngineMaterials/Substrate/GLints/dict_16_192_64_0p5_0p02_0000_0000" 4359
"/Engine/EditorMaterials/PreviewShadowIndicatorMaterial" 4360
"../../../Engine/Content/EngineMaterials/Substrate/GLints/dict_16_192_64_0p5_0p02_0001_0015.uasset" 4361
"../../../Engine/Content/EngineMaterials/Substrate/GLints/dict_16_192_64_0p5_0p02_0001_0014.uasset" 4362
"../../../Engine/Content/EngineMaterials/Substrate/GLints/dict_16_192_64_0p5_0p02_0002_0005.uasset" 4363
"../../../Engine/Content/EngineMaterials/Substrate/GLints/dict_16_192_64_0p5_0p02_0002_0004.uasset" 4364
"../../../Engine/Content/EngineMaterials/Substrate/GLints/dict_16_192_64_0p5_0p02_0002_0000.uasset" 4365
"../../../Engine/Content/EngineMaterials/Substrate/GLints/dict_16_192_64_0p5_0p02_0002_0006.uasset" 4366
"../../../Engine/Content/EngineMaterials/Substrate/GLints/dict_16_192_64_0p5_0p02_0002_0002.uasset" 4367
"../../../Engine/Content/EngineMaterials/Substrate/GLints/dict_16_192_64_0p5_0p02_0002_0001.uasset" 4368
"../../../Engine/Content/EngineMaterials/Substrate/GLints/dict_16_192_64_0p5_0p02_0002_0003.uasset" 4369
"../../../Engine/Content/EngineMaterials/Substrate/GLints/dict_16_192_64_0p5_0p02_0002_0008.uasset" 4370
"../../../Engine/Content/EngineMaterials/Substrate/GLints/dict_16_192_64_0p5_0p02_0002_0012.uasset" 4371
"../../../Engine/Content/EngineMaterials/Substrate/GLints/dict_16_192_64_0p5_0p02_0002_0009.uasset" 4372
"../../../Engine/Content/EngineMaterials/Substrate/GLints/dict_16_192_64_0p5_0p02_0003_0001.uasset" 4373
"../../../Engine/Content/EngineMaterials/Substrate/GLints/dict_16_192_64_0p5_0p02_0002_0014.uasset" 4374
"../../../Engine/Content/EngineMaterials/Substrate/GLints/dict_16_192_64_0p5_0p02_0002_0011.uasset" 4375
"../../../Engine/Content/EngineMaterials/Substrate/GLints/dict_16_192_64_0p5_0p02_0002_0013.uasset" 4376
"../../../Engine/Content/EngineMaterials/Substrate/GLints/dict_16_192_64_0p5_0p02_0002_0010.uasset" 4377
"../../../Engine/Content/EngineMaterials/Substrate/GLints/dict_16_192_64_0p5_0p02_0002_0007.uasset" 4378
"../../../Engine/Content/EngineMaterials/Substrate/GLints/dict_16_192_64_0p5_0p02_0002_0015.uasset" 4379
"../../../Engine/Content/EngineMaterials/Substrate/GLints/dict_16_192_64_0p5_0p02_0003_0000.uasset" 4380
"../../../Engine/Content/EngineMaterials/Substrate/GLints/dict_16_192_64_0p5_0p02_0003_0002.uasset" 4381
"../../../Engine/Content/EngineMaterials/Substrate/GLints/dict_16_192_64_0p5_0p02_0003_0005.uasset" 4382
"../../../Engine/Content/EngineMaterials/Substrate/GLints/dict_16_192_64_0p5_0p02_0003_0008.uasset" 4383
"../../../Engine/Content/EngineMaterials/Substrate/GLints/dict_16_192_64_0p5_0p02_0003_0004.uasset" 4384
"../../../Engine/Content/EngineMaterials/Substrate/GLints/dict_16_192_64_0p5_0p02_0003_0003.uasset" 4385
"/Engine/EngineMaterials/Substrate/GLints/dict_16_192_64_0p5_0p02_0003_0002" 4386
"../../../Engine/Content/EngineMaterials/Substrate/GLints/dict_16_192_64_0p5_0p02_0003_0006.uasset" 4387
"../../../Engine/Content/EngineMaterials/Substrate/GLints/dict_16_192_64_0p5_0p02_0003_0009.uasset" 4388
"../../../Engine/Content/EngineMaterials/Substrate/GLints/dict_16_192_64_0p5_0p02_0003_0007.uasset" 4389
"/Engine/EngineMaterials/Substrate/GLints/dict_16_192_64_0p5_0p02_0003_0001" 4390
"/Engine/EngineMaterials/Substrate/GLints/dict_16_192_64_0p5_0p02_0003_0000" 4391
"/Engine/EngineMaterials/Substrate/GLints/dict_16_192_64_0p5_0p02_0002_0015" 4392
"/Engine/EngineMaterials/Substrate/GLints/dict_16_192_64_0p5_0p02_0002_0014" 4393
"/Engine/EngineMaterials/Substrate/GLints/dict_16_192_64_0p5_0p02_0002_0013" 4394
"/Engine/EngineMaterials/Substrate/GLints/dict_16_192_64_0p5_0p02_0002_0012" 4395
"/Engine/EngineMaterials/Substrate/GLints/dict_16_192_64_0p5_0p02_0002_0011" 4396
"/Engine/EngineMaterials/Substrate/GLints/dict_16_192_64_0p5_0p02_0002_0010" 4397
"/Engine/EngineMaterials/Substrate/GLints/dict_16_192_64_0p5_0p02_0002_0009" 4398
"/Engine/EngineMaterials/Substrate/GLints/dict_16_192_64_0p5_0p02_0001_0013" 4399
"/Engine/EngineMaterials/Substrate/GLints/dict_16_192_64_0p5_0p02_0001_0012" 4400
"/Engine/EngineMaterials/Substrate/GLints/dict_16_192_64_0p5_0p02_0001_0011" 4401
"/Engine/EngineMaterials/Substrate/GLints/dict_16_192_64_0p5_0p02_0001_0010" 4402
"/Engine/EngineMaterials/Substrate/GLints/dict_16_192_64_0p5_0p02_0002_0008" 4403
"/Engine/EngineMaterials/Substrate/GLints/dict_16_192_64_0p5_0p02_0002_0007" 4404
"/Engine/EngineMaterials/Substrate/GLints/dict_16_192_64_0p5_0p02_0002_0006" 4405
"/Engine/EngineMaterials/Substrate/GLints/dict_16_192_64_0p5_0p02_0002_0005" 4406
"/Engine/EngineMaterials/Substrate/GLints/dict_16_192_64_0p5_0p02_0002_0004" 4407
"/Engine/EngineMaterials/Substrate/GLints/dict_16_192_64_0p5_0p02_0002_0003" 4408
"/Engine/EngineMaterials/Substrate/GLints/dict_16_192_64_0p5_0p02_0002_0002" 4409
"/Engine/EngineMaterials/Substrate/GLints/dict_16_192_64_0p5_0p02_0002_0001" 4410
"/Engine/EngineMaterials/Substrate/GLints/dict_16_192_64_0p5_0p02_0002_0000" 4411
"/Engine/EngineMaterials/Substrate/GLints/dict_16_192_64_0p5_0p02_0001_0015" 4412
"/Engine/EngineMaterials/Substrate/GLints/dict_16_192_64_0p5_0p02_0001_0014" 4413
"../../../Engine/Content/EngineMaterials/Substrate/GLints/dict_16_192_64_0p5_0p02_0003_0013.uasset" 4414
"../../../Engine/Content/EngineMaterials/Substrate/GLints/dict_16_192_64_0p5_0p02_0004_0000.uasset" 4415
"../../../Engine/Content/EngineMaterials/Substrate/GLints/dict_16_192_64_0p5_0p02_0003_0014.uasset" 4416
"../../../Engine/Content/EngineMaterials/Substrate/GLints/dict_16_192_64_0p5_0p02_0004_0004.uasset" 4417
"../../../Engine/Content/EngineMaterials/Substrate/GLints/dict_16_192_64_0p5_0p02_0004_0002.uasset" 4418
"../../../Engine/Content/EngineMaterials/Substrate/GLints/dict_16_192_64_0p5_0p02_0003_0010.uasset" 4419
"../../../Engine/Content/EngineMaterials/Substrate/GLints/dict_16_192_64_0p5_0p02_0004_0001.uasset" 4420
"../../../Engine/Content/EngineMaterials/Substrate/GLints/dict_16_192_64_0p5_0p02_0004_0008.uasset" 4421
"../../../Engine/Content/EngineMaterials/Substrate/GLints/dict_16_192_64_0p5_0p02_0004_0003.uasset" 4422
"../../../Engine/Content/EngineMaterials/Substrate/GLints/dict_16_192_64_0p5_0p02_0004_0011.uasset" 4423
"../../../Engine/Content/EngineMaterials/Substrate/GLints/dict_16_192_64_0p5_0p02_0004_0010.uasset" 4424
"../../../Engine/Content/EngineMaterials/Substrate/GLints/dict_16_192_64_0p5_0p02_0004_0013.uasset" 4425
"../../../Engine/Content/EngineMaterials/Substrate/GLints/dict_16_192_64_0p5_0p02_0004_0005.uasset" 4426
"../../../Engine/Content/EngineMaterials/Substrate/GLints/dict_16_192_64_0p5_0p02_0004_0014.uasset" 4427
"../../../Engine/Content/EngineMaterials/Substrate/GLints/dict_16_192_64_0p5_0p02_0004_0015.uasset" 4428
"../../../Engine/Content/EngineMaterials/Substrate/GLints/dict_16_192_64_0p5_0p02_0005_0000.uasset" 4429
"../../../Engine/Content/EngineMaterials/Substrate/GLints/dict_16_192_64_0p5_0p02_0004_0012.uasset" 4430
"../../../Engine/Content/EngineMaterials/Substrate/GLints/dict_16_192_64_0p5_0p02_0005_0001.uasset" 4431
"../../../Engine/Content/EngineMaterials/Substrate/GLints/dict_16_192_64_0p5_0p02_0005_0002.uasset" 4432
"../../../Engine/Content/EngineMaterials/Substrate/GLints/dict_16_192_64_0p5_0p02_0003_0015.uasset" 4433
"../../../Engine/Content/EngineMaterials/Substrate/GLints/dict_16_192_64_0p5_0p02_0004_0007.uasset" 4434
"../../../Engine/Content/EngineMaterials/Substrate/GLints/dict_16_192_64_0p5_0p02_0004_0009.uasset" 4435
"../../../Engine/Content/EngineMaterials/Substrate/GLints/dict_16_192_64_0p5_0p02_0003_0012.uasset" 4436
"../../../Engine/Content/EngineMaterials/Substrate/GLints/dict_16_192_64_0p5_0p02_0003_0011.uasset" 4437
"../../../Engine/Content/EngineMaterials/Substrate/GLints/dict_16_192_64_0p5_0p02_0004_0006.uasset" 4438
"/Engine/EngineMaterials/Substrate/GLints/dict_16_192_64_0p5_0p02_0003_0009" 4439
"/Engine/EngineMaterials/Substrate/GLints/dict_16_192_64_0p5_0p02_0003_0008" 4440
"/Engine/EngineMaterials/Substrate/GLints/dict_16_192_64_0p5_0p02_0003_0007" 4441
"/Engine/EngineMaterials/Substrate/GLints/dict_16_192_64_0p5_0p02_0003_0006" 4442
"/Engine/EngineMaterials/Substrate/GLints/dict_16_192_64_0p5_0p02_0003_0005" 4443
"/Engine/EngineMaterials/Substrate/GLints/dict_16_192_64_0p5_0p02_0003_0004" 4444
"/Engine/EngineMaterials/Substrate/GLints/dict_16_192_64_0p5_0p02_0003_0003" 4445
"/Engine/EngineMaterials/Substrate/GLints/dict_16_192_64_0p5_0p02_0004_0004" 4446
"/Engine/EngineMaterials/Substrate/GLints/dict_16_192_64_0p5_0p02_0004_0000" 4447
"/Engine/EngineMaterials/Substrate/GLints/dict_16_192_64_0p5_0p02_0003_0014" 4448
"/Engine/EngineMaterials/Substrate/GLints/dict_16_192_64_0p5_0p02_0003_0013" 4449
"../../../Engine/Content/EngineMaterials/Substrate/GLints/dict_16_192_64_0p5_0p02_0005_0005.uasset" 4450
"../../../Engine/Content/EngineMaterials/Substrate/GLints/dict_16_192_64_0p5_0p02_0005_0008.uasset" 4451
"../../../Engine/Content/EngineMaterials/Substrate/GLints/dict_16_192_64_0p5_0p02_0005_0010.uasset" 4452
"../../../Engine/Content/EngineMaterials/Substrate/GLints/dict_16_192_64_0p5_0p02_0005_0003.uasset" 4453
"../../../Engine/Content/EngineMaterials/Substrate/GLints/dict_16_192_64_0p5_0p02_0005_0012.uasset" 4454
"../../../Engine/Content/EngineMaterials/Substrate/GLints/dict_16_192_64_0p5_0p02_0005_0011.uasset" 4455
"../../../Engine/Content/EngineMaterials/Substrate/GLints/dict_16_192_64_0p5_0p02_0005_0009.uasset" 4456
"../../../Engine/Content/EngineMaterials/Substrate/GLints/dict_16_192_64_0p5_0p02_0005_0006.uasset" 4457
"../../../Engine/Content/EngineMaterials/Substrate/GLints/dict_16_192_64_0p5_0p02_0005_0004.uasset" 4458
"../../../Engine/Content/EngineMaterials/Substrate/GLints/dict_16_192_64_0p5_0p02_0005_0013.uasset" 4459
"../../../Engine/Content/EngineMaterials/Substrate/GLints/dict_16_192_64_0p5_0p02_0005_0007.uasset" 4460
"/Engine/EngineMaterials/Substrate/GLints/dict_16_192_64_0p5_0p02_0005_0002" 4461
"/Engine/EngineMaterials/Substrate/GLints/dict_16_192_64_0p5_0p02_0005_0001" 4462
"/Engine/EngineMaterials/Substrate/GLints/dict_16_192_64_0p5_0p02_0005_0000" 4463
"/Engine/EngineMaterials/Substrate/GLints/dict_16_192_64_0p5_0p02_0004_0015" 4464
"/Engine/EngineMaterials/Substrate/GLints/dict_16_192_64_0p5_0p02_0004_0014" 4465
"/Engine/EngineMaterials/Substrate/GLints/dict_16_192_64_0p5_0p02_0004_0013" 4466
"/Engine/EngineMaterials/Substrate/GLints/dict_16_192_64_0p5_0p02_0004_0012" 4467
"/Engine/EngineMaterials/Substrate/GLints/dict_16_192_64_0p5_0p02_0004_0011" 4468
"/Engine/EngineMaterials/Substrate/GLints/dict_16_192_64_0p5_0p02_0004_0010" 4469
"/Engine/EngineMaterials/Substrate/GLints/dict_16_192_64_0p5_0p02_0004_0009" 4470
"/Engine/EngineMaterials/Substrate/GLints/dict_16_192_64_0p5_0p02_0004_0008" 4471
"/Engine/EngineMaterials/Substrate/GLints/dict_16_192_64_0p5_0p02_0004_0007" 4472
"/Engine/EngineMaterials/Substrate/GLints/dict_16_192_64_0p5_0p02_0004_0006" 4473
"/Engine/EngineMaterials/Substrate/GLints/dict_16_192_64_0p5_0p02_0004_0005" 4474
"/Engine/EngineMaterials/Substrate/GLints/dict_16_192_64_0p5_0p02_0004_0003" 4475
"/Engine/EngineMaterials/Substrate/GLints/dict_16_192_64_0p5_0p02_0004_0002" 4476
"/Engine/EngineMaterials/Substrate/GLints/dict_16_192_64_0p5_0p02_0004_0001" 4477
"/Engine/EngineMaterials/Substrate/GLints/dict_16_192_64_0p5_0p02_0005_0005" 4478
"/Engine/EngineMaterials/Substrate/GLints/dict_16_192_64_0p5_0p02_0003_0015" 4479
"/Engine/EngineMaterials/Substrate/GLints/dict_16_192_64_0p5_0p02_0003_0012" 4480
"/Engine/EngineMaterials/Substrate/GLints/dict_16_192_64_0p5_0p02_0003_0011" 4481
"/Engine/EngineMaterials/Substrate/GLints/dict_16_192_64_0p5_0p02_0003_0010" 4482
"../../../Engine/Content/EngineMaterials/Substrate/GLints/dict_16_192_64_0p5_0p02_0005_0015.uasset" 4483
"../../../Engine/Content/EngineMaterials/Substrate/GLints/dict_16_192_64_0p5_0p02_0006_0002.uasset" 4484
"../../../Engine/Content/EngineMaterials/Substrate/GLints/dict_16_192_64_0p5_0p02_0006_0004.uasset" 4485
"../../../Engine/Content/EngineMaterials/Substrate/GLints/dict_16_192_64_0p5_0p02_0006_0007.uasset" 4486
"../../../Engine/Content/EngineMaterials/Substrate/GLints/dict_16_192_64_0p5_0p02_0006_0008.uasset" 4487
"../../../Engine/Content/EngineMaterials/Substrate/GLints/dict_16_192_64_0p5_0p02_0006_0010.uasset" 4488
"../../../Engine/Content/EngineMaterials/Substrate/GLints/dict_16_192_64_0p5_0p02_0006_0011.uasset" 4489
"../../../Engine/Content/EngineMaterials/Substrate/GLints/dict_16_192_64_0p5_0p02_0006_0005.uasset" 4490
"../../../Engine/Content/EngineMaterials/Substrate/GLints/dict_16_192_64_0p5_0p02_0006_0012.uasset" 4491
"../../../Engine/Content/EngineMaterials/Substrate/GLints/dict_16_192_64_0p5_0p02_0006_0006.uasset" 4492
"../../../Engine/Content/EngineMaterials/Substrate/GLints/dict_16_192_64_0p5_0p02_0006_0015.uasset" 4493
"../../../Engine/Content/EngineMaterials/Substrate/GLints/dict_16_192_64_0p5_0p02_0007_0000.uasset" 4494
"../../../Engine/Content/EngineMaterials/Substrate/GLints/dict_16_192_64_0p5_0p02_0007_0002.uasset" 4495
"../../../Engine/Content/EngineMaterials/Substrate/GLints/dict_16_192_64_0p5_0p02_0006_0009.uasset" 4496
"../../../Engine/Content/EngineMaterials/Substrate/GLints/dict_16_192_64_0p5_0p02_0007_0003.uasset" 4497
"../../../Engine/Content/EngineMaterials/Substrate/GLints/dict_16_192_64_0p5_0p02_0006_0000.uasset" 4498
"../../../Engine/Content/EngineMaterials/Substrate/GLints/dict_16_192_64_0p5_0p02_0006_0001.uasset" 4499
"../../../Engine/Content/EngineMaterials/Substrate/GLints/dict_16_192_64_0p5_0p02_0006_0013.uasset" 4500
"/Engine/EngineMaterials/Substrate/GLints/dict_16_192_64_0p5_0p02_0005_0013" 4501
"../../../Engine/Content/EngineMaterials/Substrate/GLints/dict_16_192_64_0p5_0p02_0005_0014.uasset" 4502
"../../../Engine/Content/EngineMaterials/Substrate/GLints/dict_16_192_64_0p5_0p02_0007_0001.uasset" 4503
"../../../Engine/Content/EngineMaterials/Substrate/GLints/dict_16_192_64_0p5_0p02_0006_0014.uasset" 4504
"../../../Engine/Content/EngineMaterials/Substrate/GLints/dict_16_192_64_0p5_0p02_0006_0003.uasset" 4505
"/Engine/EngineMaterials/Substrate/GLints/dict_16_192_64_0p5_0p02_0005_0012" 4506
"/Engine/EngineMaterials/Substrate/GLints/dict_16_192_64_0p5_0p02_0005_0011" 4507
"/Engine/EngineMaterials/Substrate/GLints/dict_16_192_64_0p5_0p02_0005_0010" 4508
"/Engine/EngineMaterials/Substrate/GLints/dict_16_192_64_0p5_0p02_0005_0009" 4509
"/Engine/EngineMaterials/Substrate/GLints/dict_16_192_64_0p5_0p02_0005_0008" 4510
"/Engine/EngineMaterials/Substrate/GLints/dict_16_192_64_0p5_0p02_0005_0007" 4511
"/Engine/EngineMaterials/Substrate/GLints/dict_16_192_64_0p5_0p02_0005_0006" 4512
"/Engine/EngineMaterials/Substrate/GLints/dict_16_192_64_0p5_0p02_0006_0004" 4513
"/Engine/EngineMaterials/Substrate/GLints/dict_16_192_64_0p5_0p02_0006_0002" 4514
"/Engine/EngineMaterials/Substrate/GLints/dict_16_192_64_0p5_0p02_0005_0004" 4515
"/Engine/EngineMaterials/Substrate/GLints/dict_16_192_64_0p5_0p02_0005_0003" 4516
"/Engine/EngineMaterials/Substrate/GLints/dict_16_192_64_0p5_0p02_0005_0015" 4517
"../../../Engine/Content/EngineMaterials/Substrate/GLints/dict_16_192_64_0p5_0p02_0007_0005.uasset" 4518
"../../../Engine/Content/EngineMaterials/Substrate/GLints/dict_16_192_64_0p5_0p02_0007_0011.uasset" 4519
"../../../Engine/Content/EngineMaterials/Substrate/GLints/dict_16_192_64_0p5_0p02_0007_0012.uasset" 4520
"../../../Engine/Content/EngineMaterials/Substrate/GLints/dict_16_192_64_0p5_0p02_0007_0007.uasset" 4521
"../../../Engine/Content/EngineMaterials/Substrate/GLints/dict_16_192_64_0p5_0p02_0007_0014.uasset" 4522
"../../../Engine/Content/EngineMaterials/Substrate/GLints/dict_16_192_64_0p5_0p02_0007_0008.uasset" 4523
"../../../Engine/Content/EngineMaterials/Substrate/GLints/dict_16_192_64_0p5_0p02_0008_0000.uasset" 4524
"../../../Engine/Content/EngineMaterials/Substrate/GLints/dict_16_192_64_0p5_0p02_0007_0009.uasset" 4525
"/Engine/EngineMaterials/Substrate/GLints/dict_16_192_64_0p5_0p02_0007_0003" 4526
"../../../Engine/Content/EngineMaterials/Substrate/GLints/dict_16_192_64_0p5_0p02_0007_0010.uasset" 4527
"../../../Engine/Content/EngineMaterials/Substrate/GLints/dict_16_192_64_0p5_0p02_0007_0004.uasset" 4528
"../../../Engine/Content/EngineMaterials/Substrate/GLints/dict_16_192_64_0p5_0p02_0007_0006.uasset" 4529
"../../../Engine/Content/EngineMaterials/Substrate/GLints/dict_16_192_64_0p5_0p02_0007_0013.uasset" 4530
"../../../Engine/Content/EngineMaterials/Substrate/GLints/dict_16_192_64_0p5_0p02_0007_0015.uasset" 4531
"/Engine/EngineMaterials/Substrate/GLints/dict_16_192_64_0p5_0p02_0007_0002" 4532
"/Engine/EngineMaterials/Substrate/GLints/dict_16_192_64_0p5_0p02_0007_0001" 4533
"/Engine/EngineMaterials/Substrate/GLints/dict_16_192_64_0p5_0p02_0007_0000" 4534
"/Engine/EngineMaterials/Substrate/GLints/dict_16_192_64_0p5_0p02_0006_0015" 4535
"/Engine/EngineMaterials/Substrate/GLints/dict_16_192_64_0p5_0p02_0006_0014" 4536
"/Engine/EngineMaterials/Substrate/GLints/dict_16_192_64_0p5_0p02_0006_0013" 4537
"/Engine/EngineMaterials/Substrate/GLints/dict_16_192_64_0p5_0p02_0006_0012" 4538
"/Engine/EngineMaterials/Substrate/GLints/dict_16_192_64_0p5_0p02_0006_0011" 4539
"/Engine/EngineMaterials/Substrate/GLints/dict_16_192_64_0p5_0p02_0006_0010" 4540
"/Engine/EngineMaterials/Substrate/GLints/dict_16_192_64_0p5_0p02_0006_0009" 4541
"/Engine/EngineMaterials/Substrate/GLints/dict_16_192_64_0p5_0p02_0006_0008" 4542
"/Engine/EngineMaterials/Substrate/GLints/dict_16_192_64_0p5_0p02_0006_0007" 4543
"/Engine/EngineMaterials/Substrate/GLints/dict_16_192_64_0p5_0p02_0006_0006" 4544
"/Engine/EngineMaterials/Substrate/GLints/dict_16_192_64_0p5_0p02_0006_0005" 4545
"/Engine/EngineMaterials/Substrate/GLints/dict_16_192_64_0p5_0p02_0006_0003" 4546
"/Engine/EngineMaterials/Substrate/GLints/dict_16_192_64_0p5_0p02_0006_0001" 4547
"/Engine/EngineMaterials/Substrate/GLints/dict_16_192_64_0p5_0p02_0007_0005" 4548
"/Engine/EngineMaterials/Substrate/GLints/dict_16_192_64_0p5_0p02_0006_0000" 4549
"/Engine/EngineMaterials/Substrate/GLints/dict_16_192_64_0p5_0p02_0005_0014" 4550
"../../../Engine/Content/EngineMaterials/Substrate/GLints/dict_16_192_64_0p5_0p02_0008_0003.uasset" 4551
"../../../Engine/Content/EngineMaterials/Substrate/GLints/dict_16_192_64_0p5_0p02_0008_0006.uasset" 4552
"../../../Engine/Content/EngineMaterials/Substrate/GLints/dict_16_192_64_0p5_0p02_0008_0001.uasset" 4553
"../../../Engine/Content/EngineMaterials/Substrate/GLints/dict_16_192_64_0p5_0p02_0008_0011.uasset" 4554
"../../../Engine/Content/EngineMaterials/Substrate/GLints/dict_16_192_64_0p5_0p02_0008_0014.uasset" 4555
"../../../Engine/Content/EngineMaterials/Substrate/GLints/dict_16_192_64_0p5_0p02_0008_0004.uasset" 4556
"../../../Engine/Content/EngineMaterials/Substrate/GLints/dict_16_192_64_0p5_0p02_0008_0012.uasset" 4557
"../../../Engine/Content/EngineMaterials/Substrate/GLints/dict_16_192_64_0p5_0p02_0008_0010.uasset" 4558
"../../../Engine/Content/EngineMaterials/Substrate/GLints/dict_16_192_64_0p5_0p02_0009_0001.uasset" 4559
"/Engine/EngineMaterials/Substrate/GLints/dict_16_192_64_0p5_0p02_0008_0000" 4560
"../../../Engine/Content/EngineMaterials/Substrate/GLints/dict_16_192_64_0p5_0p02_0008_0005.uasset" 4561
"../../../Engine/Content/EngineMaterials/Substrate/GLints/dict_16_192_64_0p5_0p02_0009_0003.uasset" 4562
"../../../Engine/Content/EngineMaterials/Substrate/GLints/dict_16_192_64_0p5_0p02_0008_0007.uasset" 4563
"../../../Engine/Content/EngineMaterials/Substrate/GLints/dict_16_192_64_0p5_0p02_0008_0013.uasset" 4564
"../../../Engine/Content/EngineMaterials/Substrate/GLints/dict_16_192_64_0p5_0p02_0008_0008.uasset" 4565
"../../../Engine/Content/EngineMaterials/Substrate/GLints/dict_16_192_64_0p5_0p02_0008_0015.uasset" 4566
"../../../Engine/Content/EngineMaterials/Substrate/GLints/dict_16_192_64_0p5_0p02_0009_0000.uasset" 4567
"../../../Engine/Content/EngineMaterials/Substrate/GLints/dict_16_192_64_0p5_0p02_0009_0002.uasset" 4568
"../../../Engine/Content/EngineMaterials/Substrate/GLints/dict_16_192_64_0p5_0p02_0008_0009.uasset" 4569
"../../../Engine/Content/EngineMaterials/Substrate/GLints/dict_16_192_64_0p5_0p02_0008_0002.uasset" 4570
"../../../Engine/Content/EngineMaterials/Substrate/GLints/dict_16_192_64_0p5_0p02_0009_0004.uasset" 4571
"/Engine/EngineMaterials/Substrate/GLints/dict_16_192_64_0p5_0p02_0007_0015" 4572
"/Engine/EngineMaterials/Substrate/GLints/dict_16_192_64_0p5_0p02_0007_0014" 4573
"/Engine/EngineMaterials/Substrate/GLints/dict_16_192_64_0p5_0p02_0007_0013" 4574
"/Engine/EngineMaterials/Substrate/GLints/dict_16_192_64_0p5_0p02_0007_0012" 4575
"/Engine/EngineMaterials/Substrate/GLints/dict_16_192_64_0p5_0p02_0007_0011" 4576
"/Engine/EngineMaterials/Substrate/GLints/dict_16_192_64_0p5_0p02_0007_0010" 4577
"/Engine/EngineMaterials/Substrate/GLints/dict_16_192_64_0p5_0p02_0007_0009" 4578
"/Engine/EngineMaterials/Substrate/GLints/dict_16_192_64_0p5_0p02_0008_0006" 4579
"/Engine/EngineMaterials/Substrate/GLints/dict_16_192_64_0p5_0p02_0007_0008" 4580
"/Engine/EngineMaterials/Substrate/GLints/dict_16_192_64_0p5_0p02_0007_0007" 4581
"/Engine/EngineMaterials/Substrate/GLints/dict_16_192_64_0p5_0p02_0007_0006" 4582
"/Engine/EngineMaterials/Substrate/GLints/dict_16_192_64_0p5_0p02_0008_0003" 4583
"/Engine/EngineMaterials/Substrate/GLints/dict_16_192_64_0p5_0p02_0007_0004" 4584
"/Engine/EngineMaterials/Substrate/GLints/dict_16_192_64_0p5_0p02_0008_0001" 4585
"../../../Engine/Content/EngineMaterials/Substrate/GLints/dict_16_192_64_0p5_0p02_0009_0006.uasset" 4586
"../../../Engine/Content/EngineMaterials/Substrate/GLints/dict_16_192_64_0p5_0p02_0009_0007.uasset" 4587
"../../../Engine/Content/EngineMaterials/Substrate/GLints/dict_16_192_64_0p5_0p02_0009_0008.uasset" 4588
"../../../Engine/Content/EngineMaterials/Substrate/GLints/dict_16_192_64_0p5_0p02_0009_0011.uasset" 4589
"../../../Engine/Content/EngineMaterials/Substrate/GLints/dict_16_192_64_0p5_0p02_0009_0014.uasset" 4590
"../../../Engine/Content/EngineMaterials/Substrate/GLints/dict_16_192_64_0p5_0p02_0010_0002.uasset" 4591
"../../../Engine/Content/EngineMaterials/Substrate/GLints/dict_16_192_64_0p5_0p02_0010_0001.uasset" 4592
"../../../Engine/Content/EngineMaterials/Substrate/GLints/dict_16_192_64_0p5_0p02_0010_0000.uasset" 4593
"../../../Engine/Content/EngineMaterials/Substrate/GLints/dict_16_192_64_0p5_0p02_0010_0003.uasset" 4594
"../../../Engine/Content/EngineMaterials/Substrate/GLints/dict_16_192_64_0p5_0p02_0009_0012.uasset" 4595
"../../../Engine/Content/EngineMaterials/Substrate/GLints/dict_16_192_64_0p5_0p02_0009_0009.uasset" 4596
"/Engine/EngineMaterials/Substrate/GLints/dict_16_192_64_0p5_0p02_0009_0004" 4597
"../../../Engine/Content/EngineMaterials/Substrate/GLints/dict_16_192_64_0p5_0p02_0009_0013.uasset" 4598
"../../../Engine/Content/EngineMaterials/Substrate/GLints/dict_16_192_64_0p5_0p02_0009_0015.uasset" 4599
"../../../Engine/Content/EngineMaterials/Substrate/GLints/dict_16_192_64_0p5_0p02_0009_0010.uasset" 4600
"../../../Engine/Content/EngineMaterials/Substrate/GLints/dict_16_192_64_0p5_0p02_0009_0005.uasset" 4601
"/Engine/EngineMaterials/Substrate/GLints/dict_16_192_64_0p5_0p02_0009_0003" 4602
"/Engine/EngineMaterials/Substrate/GLints/dict_16_192_64_0p5_0p02_0009_0002" 4603
"/Engine/EngineMaterials/Substrate/GLints/dict_16_192_64_0p5_0p02_0009_0001" 4604
"/Engine/EngineMaterials/Substrate/GLints/dict_16_192_64_0p5_0p02_0009_0000" 4605
"/Engine/EngineMaterials/Substrate/GLints/dict_16_192_64_0p5_0p02_0008_0015" 4606
"/Engine/EngineMaterials/Substrate/GLints/dict_16_192_64_0p5_0p02_0008_0014" 4607
"/Engine/EngineMaterials/Substrate/GLints/dict_16_192_64_0p5_0p02_0008_0013" 4608
"/Engine/EngineMaterials/Substrate/GLints/dict_16_192_64_0p5_0p02_0008_0012" 4609
"/Engine/EngineMaterials/Substrate/GLints/dict_16_192_64_0p5_0p02_0008_0011" 4610
"/Engine/EngineMaterials/Substrate/GLints/dict_16_192_64_0p5_0p02_0008_0010" 4611
"/Engine/EngineMaterials/Substrate/GLints/dict_16_192_64_0p5_0p02_0008_0009" 4612
"/Engine/EngineMaterials/Substrate/GLints/dict_16_192_64_0p5_0p02_0008_0008" 4613
"/Engine/EngineMaterials/Substrate/GLints/dict_16_192_64_0p5_0p02_0008_0007" 4614
"/Engine/EngineMaterials/Substrate/GLints/dict_16_192_64_0p5_0p02_0009_0011" 4615
"/Engine/EngineMaterials/Substrate/GLints/dict_16_192_64_0p5_0p02_0008_0005" 4616
"/Engine/EngineMaterials/Substrate/GLints/dict_16_192_64_0p5_0p02_0008_0004" 4617
"/Engine/EngineMaterials/Substrate/GLints/dict_16_192_64_0p5_0p02_0009_0008" 4618
"/Engine/EngineMaterials/Substrate/GLints/dict_16_192_64_0p5_0p02_0009_0007" 4619
"/Engine/EngineMaterials/Substrate/GLints/dict_16_192_64_0p5_0p02_0008_0002" 4620
"/Engine/EngineMaterials/Substrate/GLints/dict_16_192_64_0p5_0p02_0009_0006" 4621
"../../../Engine/Content/EngineMaterials/Substrate/GLints/dict_16_192_64_0p5_0p02_0010_0008.uasset" 4622
"../../../Engine/Content/EngineMaterials/Substrate/GLints/dict_16_192_64_0p5_0p02_0010_0004.uasset" 4623
"../../../Engine/Content/EngineMaterials/Substrate/GLints/dict_16_192_64_0p5_0p02_0010_0011.uasset" 4624
"../../../Engine/Content/EngineMaterials/Substrate/GLints/dict_16_192_64_0p5_0p02_0010_0009.uasset" 4625
"../../../Engine/Content/EngineMaterials/Substrate/GLints/dict_16_192_64_0p5_0p02_0010_0014.uasset" 4626
"../../../Engine/Content/EngineMaterials/Substrate/GLints/dict_16_192_64_0p5_0p02_0010_0015.uasset" 4627
"../../../Engine/Content/EngineMaterials/Substrate/GLints/dict_16_192_64_0p5_0p02_0011_0000.uasset" 4628
"../../../Engine/Content/EngineMaterials/Substrate/GLints/dict_16_192_64_0p5_0p02_0011_0002.uasset" 4629
"../../../Engine/Content/EngineMaterials/Substrate/GLints/dict_16_192_64_0p5_0p02_0010_0010.uasset" 4630
"../../../Engine/Content/EngineMaterials/Substrate/GLints/dict_16_192_64_0p5_0p02_0011_0003.uasset" 4631
"../../../Engine/Content/EngineMaterials/Substrate/GLints/dict_16_192_64_0p5_0p02_0010_0006.uasset" 4632
"../../../Engine/Content/EngineMaterials/Substrate/GLints/dict_16_192_64_0p5_0p02_0011_0006.uasset" 4633
"/Engine/EngineMaterials/Substrate/GLints/dict_16_192_64_0p5_0p02_0010_0003" 4634
"../../../Engine/Content/EngineMaterials/Substrate/GLints/dict_16_192_64_0p5_0p02_0011_0008.uasset" 4635
"../../../Engine/Content/EngineMaterials/Substrate/GLints/dict_16_192_64_0p5_0p02_0010_0005.uasset" 4636
"../../../Engine/Content/EngineMaterials/Substrate/GLints/dict_16_192_64_0p5_0p02_0010_0013.uasset" 4637
"../../../Engine/Content/EngineMaterials/Substrate/GLints/dict_16_192_64_0p5_0p02_0011_0004.uasset" 4638
"../../../Engine/Content/EngineMaterials/Substrate/GLints/dict_16_192_64_0p5_0p02_0010_0012.uasset" 4639
"../../../Engine/Content/EngineMaterials/Substrate/GLints/dict_16_192_64_0p5_0p02_0011_0005.uasset" 4640
"../../../Engine/Content/EngineMaterials/Substrate/GLints/dict_16_192_64_0p5_0p02_0010_0007.uasset" 4641
"../../../Engine/Content/EngineMaterials/Substrate/GLints/dict_16_192_64_0p5_0p02_0011_0007.uasset" 4642
"../../../Engine/Content/EngineMaterials/Substrate/GLints/dict_16_192_64_0p5_0p02_0011_0001.uasset" 4643
"/Engine/EngineMaterials/Substrate/GLints/dict_16_192_64_0p5_0p02_0010_0002" 4644
"/Engine/EngineMaterials/Substrate/GLints/dict_16_192_64_0p5_0p02_0010_0001" 4645
"/Engine/EngineMaterials/Substrate/GLints/dict_16_192_64_0p5_0p02_0010_0000" 4646
"/Engine/EngineMaterials/Substrate/GLints/dict_16_192_64_0p5_0p02_0009_0015" 4647
"/Engine/EngineMaterials/Substrate/GLints/dict_16_192_64_0p5_0p02_0009_0014" 4648
"/Engine/EngineMaterials/Substrate/GLints/dict_16_192_64_0p5_0p02_0009_0013" 4649
"/Engine/EngineMaterials/Substrate/GLints/dict_16_192_64_0p5_0p02_0010_0011" 4650
"/Engine/EngineMaterials/Substrate/GLints/dict_16_192_64_0p5_0p02_0009_0012" 4651
"/Engine/EngineMaterials/Substrate/GLints/dict_16_192_64_0p5_0p02_0009_0010" 4652
"/Engine/EngineMaterials/Substrate/GLints/dict_16_192_64_0p5_0p02_0010_0009" 4653
"/Engine/EngineMaterials/Substrate/GLints/dict_16_192_64_0p5_0p02_0009_0009" 4654
"/Engine/EngineMaterials/Substrate/GLints/dict_16_192_64_0p5_0p02_0010_0008" 4655
"/Engine/EngineMaterials/Substrate/GLints/dict_16_192_64_0p5_0p02_0010_0004" 4656
"/Engine/EngineMaterials/Substrate/GLints/dict_16_192_64_0p5_0p02_0009_0005" 4657
"../../../Engine/Content/EngineMaterials/Substrate/GLints/dict_16_192_64_0p5_0p02_0011_0009.uasset" 4658
"../../../Engine/Content/EngineMaterials/Substrate/GLints/dict_16_192_64_0p5_0p02_0011_0011.uasset" 4659
"../../../Engine/Content/EngineMaterials/Substrate/GLints/dict_16_192_64_0p5_0p02_0011_0010.uasset" 4660
"../../../Engine/Content/EngineMaterials/Substrate/GLints/dict_16_192_64_0p5_0p02_0011_0012.uasset" 4661
"../../../Engine/Content/EngineMaterials/Substrate/GLints/dict_16_192_64_0p5_0p02_0011_0014.uasset" 4662
"../../../Engine/Content/EngineMaterials/Substrate/GLints/dict_16_192_64_0p5_0p02_0012_0001.uasset" 4663
"../../../Engine/Content/EngineMaterials/Substrate/GLints/dict_16_192_64_0p5_0p02_0012_0000.uasset" 4664
"../../../Engine/Content/EngineMaterials/Substrate/GLints/dict_16_192_64_0p5_0p02_0012_0005.uasset" 4665
"../../../Engine/Content/EngineMaterials/Substrate/GLints/dict_16_192_64_0p5_0p02_0012_0006.uasset" 4666
"../../../Engine/Content/EngineMaterials/Substrate/GLints/dict_16_192_64_0p5_0p02_0011_0015.uasset" 4667
"../../../Engine/Content/EngineMaterials/Substrate/GLints/dict_16_192_64_0p5_0p02_0012_0003.uasset" 4668
"/Engine/EngineMaterials/Substrate/GLints/dict_16_192_64_0p5_0p02_0011_0008" 4669
"../../../Engine/Content/EngineMaterials/Substrate/GLints/dict_16_192_64_0p5_0p02_0012_0007.uasset" 4670
"../../../Engine/Content/EngineMaterials/Substrate/GLints/dict_16_192_64_0p5_0p02_0012_0002.uasset" 4671
"../../../Engine/Content/EngineMaterials/Substrate/GLints/dict_16_192_64_0p5_0p02_0012_0004.uasset" 4672
"../../../Engine/Content/EngineMaterials/Substrate/GLints/dict_16_192_64_0p5_0p02_0011_0013.uasset" 4673
"/Engine/EngineMaterials/Substrate/GLints/dict_16_192_64_0p5_0p02_0011_0007" 4674
"/Engine/EngineMaterials/Substrate/GLints/dict_16_192_64_0p5_0p02_0011_0006" 4675
"/Engine/EngineMaterials/Substrate/GLints/dict_16_192_64_0p5_0p02_0011_0005" 4676
"/Engine/EngineMaterials/Substrate/GLints/dict_16_192_64_0p5_0p02_0011_0004" 4677
"/Engine/EngineMaterials/Substrate/GLints/dict_16_192_64_0p5_0p02_0011_0003" 4678
"/Engine/EngineMaterials/Substrate/GLints/dict_16_192_64_0p5_0p02_0011_0002" 4679
"/Engine/EngineMaterials/Substrate/GLints/dict_16_192_64_0p5_0p02_0011_0001" 4680
"/Engine/EngineMaterials/Substrate/GLints/dict_16_192_64_0p5_0p02_0011_0000" 4681
"/Engine/EngineMaterials/Substrate/GLints/dict_16_192_64_0p5_0p02_0010_0015" 4682
"/Engine/EngineMaterials/Substrate/GLints/dict_16_192_64_0p5_0p02_0010_0014" 4683
"/Engine/EngineMaterials/Substrate/GLints/dict_16_192_64_0p5_0p02_0010_0013" 4684
"/Engine/EngineMaterials/Substrate/GLints/dict_16_192_64_0p5_0p02_0010_0012" 4685
"/Engine/EngineMaterials/Substrate/GLints/dict_16_192_64_0p5_0p02_0010_0010" 4686
"/Engine/EngineMaterials/Substrate/GLints/dict_16_192_64_0p5_0p02_0011_0014" 4687
"/Engine/EngineMaterials/Substrate/GLints/dict_16_192_64_0p5_0p02_0011_0012" 4688
"/Engine/EngineMaterials/Substrate/GLints/dict_16_192_64_0p5_0p02_0011_0011" 4689
"/Engine/EngineMaterials/Substrate/GLints/dict_16_192_64_0p5_0p02_0010_0007" 4690
"/Engine/EngineMaterials/Substrate/GLints/dict_16_192_64_0p5_0p02_0010_0006" 4691
"/Engine/EngineMaterials/Substrate/GLints/dict_16_192_64_0p5_0p02_0010_0005" 4692
"/Engine/EngineMaterials/Substrate/GLints/dict_16_192_64_0p5_0p02_0011_0010" 4693
"/Engine/EngineMaterials/Substrate/GLints/dict_16_192_64_0p5_0p02_0011_0009" 4694
"../../../Engine/Content/EngineMaterials/Substrate/GLints/dict_16_192_64_0p5_0p02_0012_0010.uasset" 4695
"../../../Engine/Content/EngineMaterials/Substrate/GLints/dict_16_192_64_0p5_0p02_0012_0012.uasset" 4696
"../../../Engine/Content/EngineMaterials/Substrate/GLints/dict_16_192_64_0p5_0p02_0012_0013.uasset" 4697
"../../../Engine/Content/EngineMaterials/Substrate/GLints/dict_16_192_64_0p5_0p02_0013_0001.uasset" 4698
"../../../Engine/Content/EngineMaterials/Substrate/GLints/dict_16_192_64_0p5_0p02_0013_0002.uasset" 4699
"../../../Engine/Content/EngineMaterials/Substrate/GLints/dict_16_192_64_0p5_0p02_0013_0005.uasset" 4700
"../../../Engine/Content/EngineMaterials/Substrate/GLints/dict_16_192_64_0p5_0p02_0012_0014.uasset" 4701
"../../../Engine/Content/EngineMaterials/Substrate/GLints/dict_16_192_64_0p5_0p02_0013_0006.uasset" 4702
"../../../Engine/Content/EngineMaterials/Substrate/GLints/dict_16_192_64_0p5_0p02_0012_0011.uasset" 4703
"../../../Engine/Content/EngineMaterials/Substrate/GLints/dict_16_192_64_0p5_0p02_0013_0008.uasset" 4704
"../../../Engine/Content/EngineMaterials/Substrate/GLints/dict_16_192_64_0p5_0p02_0012_0009.uasset" 4705
"../../../Engine/Content/EngineMaterials/Substrate/GLints/dict_16_192_64_0p5_0p02_0013_0009.uasset" 4706
"../../../Engine/Content/EngineMaterials/Substrate/GLints/dict_16_192_64_0p5_0p02_0013_0010.uasset" 4707
"../../../Engine/Content/EngineMaterials/Substrate/GLints/dict_16_192_64_0p5_0p02_0013_0011.uasset" 4708
"../../../Engine/Content/EngineMaterials/Substrate/GLints/dict_16_192_64_0p5_0p02_0013_0013.uasset" 4709
"../../../Engine/Content/EngineMaterials/Substrate/GLints/dict_16_192_64_0p5_0p02_0013_0003.uasset" 4710
"../../../Engine/Content/EngineMaterials/Substrate/GLints/dict_16_192_64_0p5_0p02_0012_0008.uasset" 4711
"../../../Engine/Content/EngineMaterials/Substrate/GLints/dict_16_192_64_0p5_0p02_0013_0000.uasset" 4712
"../../../Engine/Content/EngineMaterials/Substrate/GLints/dict_16_192_64_0p5_0p02_0012_0015.uasset" 4713
"../../../Engine/Content/EngineMaterials/Substrate/GLints/dict_16_192_64_0p5_0p02_0013_0007.uasset" 4714
"/Engine/EngineMaterials/Substrate/GLints/dict_16_192_64_0p5_0p02_0012_0007" 4715
"../../../Engine/Content/EngineMaterials/Substrate/GLints/dict_16_192_64_0p5_0p02_0013_0004.uasset" 4716
"../../../Engine/Content/EngineMaterials/Substrate/GLints/dict_16_192_64_0p5_0p02_0013_0012.uasset" 4717
"/Engine/EngineMaterials/Substrate/GLints/dict_16_192_64_0p5_0p02_0012_0006" 4718
"/Engine/EngineMaterials/Substrate/GLints/dict_16_192_64_0p5_0p02_0012_0005" 4719
"/Engine/EngineMaterials/Substrate/GLints/dict_16_192_64_0p5_0p02_0012_0004" 4720
"/Engine/EngineMaterials/Substrate/GLints/dict_16_192_64_0p5_0p02_0012_0003" 4721
"/Engine/EngineMaterials/Substrate/GLints/dict_16_192_64_0p5_0p02_0012_0002" 4722
"/Engine/EngineMaterials/Substrate/GLints/dict_16_192_64_0p5_0p02_0012_0001" 4723
"/Engine/EngineMaterials/Substrate/GLints/dict_16_192_64_0p5_0p02_0012_0000" 4724
"/Engine/EngineMaterials/Substrate/GLints/dict_16_192_64_0p5_0p02_0011_0015" 4725
"/Engine/EngineMaterials/Substrate/GLints/dict_16_192_64_0p5_0p02_0011_0013" 4726
"/Engine/EngineMaterials/Substrate/GLints/dict_16_192_64_0p5_0p02_0012_0013" 4727
"/Engine/EngineMaterials/Substrate/GLints/dict_16_192_64_0p5_0p02_0012_0012" 4728
"/Engine/EngineMaterials/Substrate/GLints/dict_16_192_64_0p5_0p02_0012_0010" 4729
"../../../Engine/Content/EngineMaterials/Substrate/GLints/dict_16_192_64_0p5_0p02_0014_0000.uasset" 4730
"../../../Engine/Content/EngineMaterials/Substrate/GLints/dict_16_192_64_0p5_0p02_0013_0014.uasset" 4731
"../../../Engine/Content/EngineMaterials/Substrate/GLints/dict_16_192_64_0p5_0p02_0014_0004.uasset" 4732
"../../../Engine/Content/EngineMaterials/Substrate/GLints/dict_16_192_64_0p5_0p02_0014_0007.uasset" 4733
"../../../Engine/Content/EngineMaterials/Substrate/GLints/dict_16_192_64_0p5_0p02_0014_0006.uasset" 4734
"../../../Engine/Content/EngineMaterials/Substrate/GLints/dict_16_192_64_0p5_0p02_0014_0010.uasset" 4735
"../../../Engine/Content/EngineMaterials/Substrate/GLints/dict_16_192_64_0p5_0p02_0014_0002.uasset" 4736
"../../../Engine/Content/EngineMaterials/Substrate/GLints/dict_16_192_64_0p5_0p02_0013_0015.uasset" 4737
"../../../Engine/Content/EngineMaterials/Substrate/GLints/dict_16_192_64_0p5_0p02_0014_0005.uasset" 4738
"/Engine/EngineMaterials/Substrate/GLints/dict_16_192_64_0p5_0p02_0013_0013" 4739
"../../../Engine/Content/EngineMaterials/Substrate/GLints/dict_16_192_64_0p5_0p02_0014_0003.uasset" 4740
"../../../Engine/Content/EngineMaterials/Substrate/GLints/dict_16_192_64_0p5_0p02_0014_0008.uasset" 4741
"../../../Engine/Content/EngineMaterials/Substrate/GLints/dict_16_192_64_0p5_0p02_0014_0001.uasset" 4742
"../../../Engine/Content/EngineMaterials/Substrate/GLints/dict_16_192_64_0p5_0p02_0014_0009.uasset" 4743
"/Engine/EngineMaterials/Substrate/GLints/dict_16_192_64_0p5_0p02_0013_0012" 4744
"/Engine/EngineMaterials/Substrate/GLints/dict_16_192_64_0p5_0p02_0013_0011" 4745
"/Engine/EngineMaterials/Substrate/GLints/dict_16_192_64_0p5_0p02_0013_0010" 4746
"/Engine/EngineMaterials/Substrate/GLints/dict_16_192_64_0p5_0p02_0013_0009" 4747
"/Engine/EngineMaterials/Substrate/GLints/dict_16_192_64_0p5_0p02_0013_0008" 4748
"/Engine/EngineMaterials/Substrate/GLints/dict_16_192_64_0p5_0p02_0013_0007" 4749
"/Engine/EngineMaterials/Substrate/GLints/dict_16_192_64_0p5_0p02_0013_0006" 4750
"/Engine/EngineMaterials/Substrate/GLints/dict_16_192_64_0p5_0p02_0013_0005" 4751
"/Engine/EngineMaterials/Substrate/GLints/dict_16_192_64_0p5_0p02_0013_0004" 4752
"/Engine/EngineMaterials/Substrate/GLints/dict_16_192_64_0p5_0p02_0013_0003" 4753
"/Engine/EngineMaterials/Substrate/GLints/dict_16_192_64_0p5_0p02_0013_0002" 4754
"/Engine/EngineMaterials/Substrate/GLints/dict_16_192_64_0p5_0p02_0013_0001" 4755
"/Engine/EngineMaterials/Substrate/GLints/dict_16_192_64_0p5_0p02_0013_0000" 4756
"/Engine/EngineMaterials/Substrate/GLints/dict_16_192_64_0p5_0p02_0012_0015" 4757
"/Engine/EngineMaterials/Substrate/GLints/dict_16_192_64_0p5_0p02_0012_0014" 4758
"/Engine/EngineMaterials/Substrate/GLints/dict_16_192_64_0p5_0p02_0014_0000" 4759
"/Engine/EngineMaterials/Substrate/GLints/dict_16_192_64_0p5_0p02_0012_0011" 4760
"/Engine/EngineMaterials/Substrate/GLints/dict_16_192_64_0p5_0p02_0013_0014" 4761
"/Engine/EngineMaterials/Substrate/GLints/dict_16_192_64_0p5_0p02_0012_0009" 4762
"/Engine/EngineMaterials/Substrate/GLints/dict_16_192_64_0p5_0p02_0012_0008" 4763
"../../../Engine/Content/EngineMaterials/Substrate/GLints/dict_16_192_64_0p5_0p02_0014_0011.uasset" 4764
"../../../Engine/Content/EngineMaterials/Substrate/GLints/dict_16_192_64_0p5_0p02_0014_0012.uasset" 4765
"../../../Engine/Content/EngineMaterials/Substrate/GLints/dict_16_192_64_0p5_0p02_0015_0000.uasset" 4766
"../../../Engine/Content/EngineMaterials/Substrate/GLints/dict_16_192_64_0p5_0p02_0014_0014.uasset" 4767
"../../../Engine/Content/EngineMaterials/Substrate/GLints/dict_16_192_64_0p5_0p02_0015_0008.uasset" 4768
"../../../Engine/Content/EngineMaterials/Substrate/GLints/dict_16_192_64_0p5_0p02_0014_0013.uasset" 4769
"../../../Engine/Content/EngineMaterials/Substrate/GLints/dict_16_192_64_0p5_0p02_0015_0004.uasset" 4770
"../../../Engine/Content/EngineMaterials/Substrate/GLints/dict_16_192_64_0p5_0p02_0015_0011.uasset" 4771
"../../../Engine/Content/EngineMaterials/Substrate/GLints/dict_16_192_64_0p5_0p02_0015_0003.uasset" 4772
"/Engine/EngineMaterials/Substrate/GLints/dict_16_192_64_0p5_0p02_0014_0010" 4773
"../../../Engine/Content/EngineMaterials/Substrate/GLints/dict_16_192_64_0p5_0p02_0014_0015.uasset" 4774
"../../../Engine/Content/EngineMaterials/Substrate/GLints/dict_16_192_64_0p5_0p02_0015_0013.uasset" 4775
"../../../Engine/Content/EngineMaterials/Substrate/GLints/dict_16_192_64_0p5_0p02_0015_0014.uasset" 4776
"../../../Engine/Content/EngineMaterials/Substrate/GLints/dict_16_192_64_0p5_0p02_0015_0001.uasset" 4777
"../../../Engine/Content/EngineMaterials/Substrate/GLints/dict_16_192_64_0p5_0p02_0015_0015.uasset" 4778
"../../../Engine/Content/EngineMaterials/Substrate/GLints/dict_16_192_64_0p5_0p02_0015_0007.uasset" 4779
"../../../Engine/Content/EngineMaterials/Substrate/GLints/dict_16_192_64_0p5_0p02_0015_0005.uasset" 4780
"../../../Engine/Content/EngineMaterials/Substrate/GLints/dict_16_192_64_0p5_0p02_0015_0002.uasset" 4781
"../../../Engine/Content/EngineMaterials/Substrate/GLints/dict_16_192_64_0p5_0p02_0015_0009.uasset" 4782
"../../../Engine/Content/EngineMaterials/Substrate/GLints/dict_16_192_64_0p5_0p02_0015_0010.uasset" 4783
"../../../Engine/Content/EngineMaterials/Substrate/GLints/dict_16_192_64_0p5_0p02_0015_0006.uasset" 4784
"../../../Engine/Content/EngineMaterials/Substrate/GLints/dict_16_192_64_0p5_0p02_0015_0012.uasset" 4785
"/Engine/EngineMaterials/Substrate/GLints/dict_16_192_64_0p5_0p02_0014_0009" 4786
"/Engine/EngineMaterials/Substrate/GLints/dict_16_192_64_0p5_0p02_0014_0008" 4787
"/Engine/EngineMaterials/Substrate/GLints/dict_16_192_64_0p5_0p02_0014_0007" 4788
"/Engine/EngineMaterials/Substrate/GLints/dict_16_192_64_0p5_0p02_0014_0006" 4789
"/Engine/EngineMaterials/Substrate/GLints/dict_16_192_64_0p5_0p02_0014_0005" 4790
"/Engine/EngineMaterials/Substrate/GLints/dict_16_192_64_0p5_0p02_0014_0004" 4791
"/Engine/EngineMaterials/Substrate/GLints/dict_16_192_64_0p5_0p02_0014_0003" 4792
"/Engine/EngineMaterials/Substrate/GLints/dict_16_192_64_0p5_0p02_0014_0002" 4793
"/Engine/EngineMaterials/Substrate/GLints/dict_16_192_64_0p5_0p02_0014_0001" 4794
"/Engine/EngineMaterials/Substrate/GLints/dict_16_192_64_0p5_0p02_0015_0000" 4795
"/Engine/EngineMaterials/Substrate/GLints/dict_16_192_64_0p5_0p02_0013_0015" 4796
"/Engine/EngineMaterials/Substrate/GLints/dict_16_192_64_0p5_0p02_0014_0014" 4797
"/Engine/EngineMaterials/Substrate/GLints/dict_16_192_64_0p5_0p02_0014_0012" 4798
"/Engine/EngineMaterials/Substrate/GLints/dict_16_192_64_0p5_0p02_0014_0011" 4799
"../../../Engine/Content/EngineMaterials/Substrate/GLints/dict_16_192_64_0p5_0p02_0016_0000.uasset" 4800
"../../../Engine/Content/EngineMaterials/Substrate/GLints/dict_16_192_64_0p5_0p02_0016_0002.uasset" 4801
"../../../Engine/Content/EngineMaterials/Substrate/GLints/dict_16_192_64_0p5_0p02_0016_0001.uasset" 4802
"../../../Engine/Content/EngineMaterials/Substrate/GLints/dict_16_192_64_0p5_0p02_0016_0007.uasset" 4803
"../../../Engine/Content/EngineMaterials/Substrate/GLints/dict_16_192_64_0p5_0p02_0016_0006.uasset" 4804
"../../../Engine/Content/EngineMaterials/Substrate/GLints/dict_16_192_64_0p5_0p02_0016_0011.uasset" 4805
"../../../Engine/Content/EngineMaterials/Substrate/GLints/dict_16_192_64_0p5_0p02_0016_0005.uasset" 4806
"../../../Engine/Content/EngineMaterials/Substrate/GLints/dict_16_192_64_0p5_0p02_0016_0013.uasset" 4807
"../../../Engine/Content/EngineMaterials/Substrate/GLints/dict_16_192_64_0p5_0p02_0016_0014.uasset" 4808
"../../../Engine/Content/EngineMaterials/Substrate/GLints/dict_16_192_64_0p5_0p02_0016_0008.uasset" 4809
"/Engine/EngineMaterials/Substrate/GLints/dict_16_192_64_0p5_0p02_0015_0015" 4810
"../../../Engine/Content/EngineMaterials/Substrate/GLints/dict_16_192_64_0p5_0p02_0016_0004.uasset" 4811
"../../../Engine/Content/EngineMaterials/Substrate/GLints/dict_16_192_64_0p5_0p02_0016_0010.uasset" 4812
"../../../Engine/Content/EngineMaterials/Substrate/GLints/dict_16_192_64_0p5_0p02_0016_0012.uasset" 4813
"../../../Engine/Content/EngineMaterials/Substrate/GLints/dict_16_192_64_0p5_0p02_0016_0009.uasset" 4814
"../../../Engine/Content/EngineMaterials/Substrate/GLints/dict_16_192_64_0p5_0p02_0016_0003.uasset" 4815
"/Engine/EngineMaterials/Substrate/GLints/dict_16_192_64_0p5_0p02_0015_0014" 4816
"/Engine/EngineMaterials/Substrate/GLints/dict_16_192_64_0p5_0p02_0015_0013" 4817
"/Engine/EngineMaterials/Substrate/GLints/dict_16_192_64_0p5_0p02_0015_0012" 4818
"/Engine/EngineMaterials/Substrate/GLints/dict_16_192_64_0p5_0p02_0015_0011" 4819
"/Engine/EngineMaterials/Substrate/GLints/dict_16_192_64_0p5_0p02_0015_0010" 4820
"/Engine/EngineMaterials/Substrate/GLints/dict_16_192_64_0p5_0p02_0015_0009" 4821
"/Engine/EngineMaterials/Substrate/GLints/dict_16_192_64_0p5_0p02_0015_0008" 4822
"/Engine/EngineMaterials/Substrate/GLints/dict_16_192_64_0p5_0p02_0015_0007" 4823
"/Engine/EngineMaterials/Substrate/GLints/dict_16_192_64_0p5_0p02_0015_0006" 4824
"/Engine/EngineMaterials/Substrate/GLints/dict_16_192_64_0p5_0p02_0015_0005" 4825
"/Engine/EngineMaterials/Substrate/GLints/dict_16_192_64_0p5_0p02_0015_0004" 4826
"/Engine/EngineMaterials/Substrate/GLints/dict_16_192_64_0p5_0p02_0015_0003" 4827
"/Engine/EngineMaterials/Substrate/GLints/dict_16_192_64_0p5_0p02_0015_0002" 4828
"/Engine/EngineMaterials/Substrate/GLints/dict_16_192_64_0p5_0p02_0015_0001" 4829
"/Engine/EngineMaterials/Substrate/GLints/dict_16_192_64_0p5_0p02_0014_0015" 4830
"/Engine/EngineMaterials/Substrate/GLints/dict_16_192_64_0p5_0p02_0016_0002" 4831
"/Engine/EngineMaterials/Substrate/GLints/dict_16_192_64_0p5_0p02_0014_0013" 4832
"/Engine/EngineMaterials/Substrate/GLints/dict_16_192_64_0p5_0p02_0016_0001" 4833
"/Engine/EngineMaterials/Substrate/GLints/dict_16_192_64_0p5_0p02_0016_0000" 4834
"../../../Engine/Content/EngineMaterials/Substrate/GLints/dict_16_192_64_0p5_0p02_0017_0000.uasset" 4835
"../../../Engine/Content/EngineMaterials/Substrate/GLints/dict_16_192_64_0p5_0p02_0017_0006.uasset" 4836
"../../../Engine/Content/EngineMaterials/Substrate/GLints/dict_16_192_64_0p5_0p02_0017_0001.uasset" 4837
"../../../Engine/Content/EngineMaterials/Substrate/GLints/dict_16_192_64_0p5_0p02_0017_0008.uasset" 4838
"../../../Engine/Content/EngineMaterials/Substrate/GLints/dict_16_192_64_0p5_0p02_0017_0011.uasset" 4839
"../../../Engine/Content/EngineMaterials/Substrate/GLints/dict_16_192_64_0p5_0p02_0016_0015.uasset" 4840
"../../../Engine/Content/EngineMaterials/Substrate/GLints/dict_16_192_64_0p5_0p02_0017_0012.uasset" 4841
"../../../Engine/Content/EngineMaterials/Substrate/GLints/dict_16_192_64_0p5_0p02_0017_0003.uasset" 4842
"../../../Engine/Content/EngineMaterials/Substrate/GLints/dict_16_192_64_0p5_0p02_0017_0013.uasset" 4843
"../../../Engine/Content/EngineMaterials/Substrate/GLints/dict_16_192_64_0p5_0p02_0017_0014.uasset" 4844
"../../../Engine/Content/EngineMaterials/Substrate/GLints/dict_16_192_64_0p5_0p02_0018_0001.uasset" 4845
"../../../Engine/Content/EngineMaterials/Substrate/GLints/dict_16_192_64_0p5_0p02_0017_0005.uasset" 4846
"../../../Engine/Content/EngineMaterials/Substrate/GLints/dict_16_192_64_0p5_0p02_0018_0002.uasset" 4847
"../../../Engine/Content/EngineMaterials/Substrate/GLints/dict_16_192_64_0p5_0p02_0017_0010.uasset" 4848
"../../../Engine/Content/EngineMaterials/Substrate/GLints/dict_16_192_64_0p5_0p02_0017_0009.uasset" 4849
"../../../Engine/Content/EngineMaterials/Substrate/GLints/dict_16_192_64_0p5_0p02_0017_0002.uasset" 4850
"../../../Engine/Content/EngineMaterials/Substrate/GLints/dict_16_192_64_0p5_0p02_0017_0004.uasset" 4851
"../../../Engine/Content/EngineMaterials/Substrate/GLints/dict_16_192_64_0p5_0p02_0017_0007.uasset" 4852
"/Engine/EngineMaterials/Substrate/GLints/dict_16_192_64_0p5_0p02_0016_0014" 4853
"../../../Engine/Content/EngineMaterials/Substrate/GLints/dict_16_192_64_0p5_0p02_0018_0000.uasset" 4854
"../../../Engine/Content/EngineMaterials/Substrate/GLints/dict_16_192_64_0p5_0p02_0017_0015.uasset" 4855
"/Engine/EngineMaterials/Substrate/GLints/dict_16_192_64_0p5_0p02_0016_0013" 4856
"/Engine/EngineMaterials/Substrate/GLints/dict_16_192_64_0p5_0p02_0016_0012" 4857
"/Engine/EngineMaterials/Substrate/GLints/dict_16_192_64_0p5_0p02_0016_0011" 4858
"/Engine/EngineMaterials/Substrate/GLints/dict_16_192_64_0p5_0p02_0016_0010" 4859
"/Engine/EngineMaterials/Substrate/GLints/dict_16_192_64_0p5_0p02_0016_0009" 4860
"/Engine/EngineMaterials/Substrate/GLints/dict_16_192_64_0p5_0p02_0016_0008" 4861
"/Engine/EngineMaterials/Substrate/GLints/dict_16_192_64_0p5_0p02_0016_0007" 4862
"/Engine/EngineMaterials/Substrate/GLints/dict_16_192_64_0p5_0p02_0016_0006" 4863
"/Engine/EngineMaterials/Substrate/GLints/dict_16_192_64_0p5_0p02_0016_0005" 4864
"/Engine/EngineMaterials/Substrate/GLints/dict_16_192_64_0p5_0p02_0016_0004" 4865
"/Engine/EngineMaterials/Substrate/GLints/dict_16_192_64_0p5_0p02_0016_0003" 4866
"/Engine/EngineMaterials/Substrate/GLints/dict_16_192_64_0p5_0p02_0017_0001" 4867
"/Engine/EngineMaterials/Substrate/GLints/dict_16_192_64_0p5_0p02_0017_0000" 4868
"../../../Engine/Content/EngineMaterials/Substrate/GLints/dict_16_192_64_0p5_0p02_0018_0003.uasset" 4869
"../../../Engine/Content/EngineMaterials/Substrate/GLints/dict_16_192_64_0p5_0p02_0018_0011.uasset" 4870
"../../../Engine/Content/EngineMaterials/Substrate/GLints/dict_16_192_64_0p5_0p02_0018_0012.uasset" 4871
"../../../Engine/Content/EngineMaterials/Substrate/GLints/dict_16_192_64_0p5_0p02_0018_0014.uasset" 4872
"../../../Engine/Content/EngineMaterials/Substrate/GLints/dict_16_192_64_0p5_0p02_0018_0013.uasset" 4873
"../../../Engine/Content/EngineMaterials/Substrate/GLints/dict_16_192_64_0p5_0p02_0018_0010.uasset" 4874
"../../../Engine/Content/EngineMaterials/Substrate/GLints/dict_16_192_64_0p5_0p02_0018_0009.uasset" 4875
"/Engine/EngineMaterials/Substrate/GLints/dict_16_192_64_0p5_0p02_0018_0002" 4876
"../../../Engine/Content/EngineMaterials/Substrate/GLints/dict_16_192_64_0p5_0p02_0018_0007.uasset" 4877
"../../../Engine/Content/EngineMaterials/Substrate/GLints/dict_16_192_64_0p5_0p02_0018_0006.uasset" 4878
"../../../Engine/Content/EngineMaterials/Substrate/GLints/dict_16_192_64_0p5_0p02_0018_0005.uasset" 4879
"../../../Engine/Content/EngineMaterials/Substrate/GLints/dict_16_192_64_0p5_0p02_0018_0015.uasset" 4880
"../../../Engine/Content/EngineMaterials/Substrate/GLints/dict_16_192_64_0p5_0p02_0019_0000.uasset" 4881
"../../../Engine/Content/EngineMaterials/Substrate/GLints/dict_16_192_64_0p5_0p02_0018_0008.uasset" 4882
"../../../Engine/Content/EngineMaterials/Substrate/GLints/dict_16_192_64_0p5_0p02_0018_0004.uasset" 4883
"/Engine/EngineMaterials/Substrate/GLints/dict_16_192_64_0p5_0p02_0018_0001" 4884
"/Engine/EngineMaterials/Substrate/GLints/dict_16_192_64_0p5_0p02_0018_0000" 4885
"/Engine/EngineMaterials/Substrate/GLints/dict_16_192_64_0p5_0p02_0017_0015" 4886
"/Engine/EngineMaterials/Substrate/GLints/dict_16_192_64_0p5_0p02_0017_0014" 4887
"/Engine/EngineMaterials/Substrate/GLints/dict_16_192_64_0p5_0p02_0017_0013" 4888
"/Engine/EngineMaterials/Substrate/GLints/dict_16_192_64_0p5_0p02_0017_0012" 4889
"/Engine/EngineMaterials/Substrate/GLints/dict_16_192_64_0p5_0p02_0017_0011" 4890
"/Engine/EngineMaterials/Substrate/GLints/dict_16_192_64_0p5_0p02_0017_0010" 4891
"/Engine/EngineMaterials/Substrate/GLints/dict_16_192_64_0p5_0p02_0017_0009" 4892
"/Engine/EngineMaterials/Substrate/GLints/dict_16_192_64_0p5_0p02_0017_0008" 4893
"/Engine/EngineMaterials/Substrate/GLints/dict_16_192_64_0p5_0p02_0017_0007" 4894
"/Engine/EngineMaterials/Substrate/GLints/dict_16_192_64_0p5_0p02_0017_0006" 4895
"/Engine/EngineMaterials/Substrate/GLints/dict_16_192_64_0p5_0p02_0017_0005" 4896
"/Engine/EngineMaterials/Substrate/GLints/dict_16_192_64_0p5_0p02_0017_0004" 4897
"/Engine/EngineMaterials/Substrate/GLints/dict_16_192_64_0p5_0p02_0017_0003" 4898
"/Engine/EngineMaterials/Substrate/GLints/dict_16_192_64_0p5_0p02_0017_0002" 4899
"/Engine/EngineMaterials/Substrate/GLints/dict_16_192_64_0p5_0p02_0018_0003" 4900
"/Engine/EngineMaterials/Substrate/GLints/dict_16_192_64_0p5_0p02_0016_0015" 4901
"../../../Engine/Content/EngineMaterials/Substrate/GLints/dict_16_192_64_0p5_0p02_0019_0001.uasset" 4902
"../../../Engine/Content/EngineMaterials/Substrate/GLints/dict_16_192_64_0p5_0p02_0019_0002.uasset" 4903
"../../../Engine/Content/EngineMaterials/Substrate/GLints/dict_16_192_64_0p5_0p02_0019_0007.uasset" 4904
"../../../Engine/Content/EngineMaterials/Substrate/GLints/dict_16_192_64_0p5_0p02_0019_0009.uasset" 4905
"../../../Engine/Content/EngineMaterials/Substrate/GLints/dict_16_192_64_0p5_0p02_0019_0010.uasset" 4906
"../../../Engine/Content/EngineMaterials/Substrate/GLints/dict_16_192_64_0p5_0p02_0019_0012.uasset" 4907
"../../../Engine/Content/EngineMaterials/Substrate/GLints/dict_16_192_64_0p5_0p02_0019_0013.uasset" 4908
"../../../Engine/Content/EngineMaterials/Substrate/GLints/dict_16_192_64_0p5_0p02_0019_0015.uasset" 4909
"../../../Engine/Content/EngineMaterials/Substrate/GLints/dict_16_192_64_0p5_0p02_0019_0004.uasset" 4910
"../../../Engine/Content/EngineMaterials/Substrate/GLints/dict_16_192_64_0p5_0p02_0020_0000.uasset" 4911
"/Engine/EngineMaterials/Substrate/GLints/dict_16_192_64_0p5_0p02_0019_0000" 4912
"../../../Engine/Content/EngineMaterials/Substrate/GLints/dict_16_192_64_0p5_0p02_0020_0003.uasset" 4913
"../../../Engine/Content/EngineMaterials/Substrate/GLints/dict_16_192_64_0p5_0p02_0019_0003.uasset" 4914
"../../../Engine/Content/EngineMaterials/Substrate/GLints/dict_16_192_64_0p5_0p02_0019_0014.uasset" 4915
"../../../Engine/Content/EngineMaterials/Substrate/GLints/dict_16_192_64_0p5_0p02_0019_0006.uasset" 4916
"../../../Engine/Content/EngineMaterials/Substrate/GLints/dict_16_192_64_0p5_0p02_0019_0011.uasset" 4917
"../../../Engine/Content/EngineMaterials/Substrate/GLints/dict_16_192_64_0p5_0p02_0019_0005.uasset" 4918
"../../../Engine/Content/EngineMaterials/Substrate/GLints/dict_16_192_64_0p5_0p02_0019_0008.uasset" 4919
"../../../Engine/Content/EngineMaterials/Substrate/GLints/dict_16_192_64_0p5_0p02_0020_0002.uasset" 4920
"../../../Engine/Content/EngineMaterials/Substrate/GLints/dict_16_192_64_0p5_0p02_0020_0001.uasset" 4921
"/Engine/EngineMaterials/Substrate/GLints/dict_16_192_64_0p5_0p02_0018_0015" 4922
"/Engine/EngineMaterials/Substrate/GLints/dict_16_192_64_0p5_0p02_0018_0014" 4923
"/Engine/EngineMaterials/Substrate/GLints/dict_16_192_64_0p5_0p02_0018_0013" 4924
"/Engine/EngineMaterials/Substrate/GLints/dict_16_192_64_0p5_0p02_0018_0012" 4925
"/Engine/EngineMaterials/Substrate/GLints/dict_16_192_64_0p5_0p02_0018_0011" 4926
"/Engine/EngineMaterials/Substrate/GLints/dict_16_192_64_0p5_0p02_0018_0010" 4927
"/Engine/EngineMaterials/Substrate/GLints/dict_16_192_64_0p5_0p02_0019_0007" 4928
"/Engine/EngineMaterials/Substrate/GLints/dict_16_192_64_0p5_0p02_0018_0009" 4929
"/Engine/EngineMaterials/Substrate/GLints/dict_16_192_64_0p5_0p02_0018_0008" 4930
"/Engine/EngineMaterials/Substrate/GLints/dict_16_192_64_0p5_0p02_0018_0007" 4931
"/Engine/EngineMaterials/Substrate/GLints/dict_16_192_64_0p5_0p02_0018_0006" 4932
"/Engine/EngineMaterials/Substrate/GLints/dict_16_192_64_0p5_0p02_0018_0005" 4933
"/Engine/EngineMaterials/Substrate/GLints/dict_16_192_64_0p5_0p02_0018_0004" 4934
"/Engine/EngineMaterials/Substrate/GLints/dict_16_192_64_0p5_0p02_0019_0002" 4935
"/Engine/EngineMaterials/Substrate/GLints/dict_16_192_64_0p5_0p02_0019_0001" 4936
"../../../Engine/Content/EngineMaterials/Substrate/GLints/dict_16_192_64_0p5_0p02_0020_0005.uasset" 4937
"../../../Engine/Content/EngineMaterials/Substrate/GLints/dict_16_192_64_0p5_0p02_0020_0009.uasset" 4938
"../../../Engine/Content/EngineMaterials/Substrate/GLints/dict_16_192_64_0p5_0p02_0020_0008.uasset" 4939
"../../../Engine/Content/EngineMaterials/Substrate/GLints/dict_16_192_64_0p5_0p02_0020_0012.uasset" 4940
"../../../Engine/Content/EngineMaterials/Substrate/GLints/dict_16_192_64_0p5_0p02_0020_0011.uasset" 4941
"../../../Engine/Content/EngineMaterials/Substrate/GLints/dict_16_192_64_0p5_0p02_0020_0015.uasset" 4942
"../../../Engine/Content/EngineMaterials/Substrate/GLints/dict_16_192_64_0p5_0p02_0021_0001.uasset" 4943
"../../../Engine/Content/EngineMaterials/Substrate/GLints/dict_16_192_64_0p5_0p02_0021_0002.uasset" 4944
"../../../Engine/Content/EngineMaterials/Substrate/GLints/dict_16_192_64_0p5_0p02_0020_0007.uasset" 4945
"../../../Engine/Content/EngineMaterials/Substrate/GLints/dict_16_192_64_0p5_0p02_0020_0004.uasset" 4946
"../../../Engine/Content/EngineMaterials/Substrate/GLints/dict_16_192_64_0p5_0p02_0020_0006.uasset" 4947
"/Engine/EngineMaterials/Substrate/GLints/dict_16_192_64_0p5_0p02_0020_0003" 4948
"../../../Engine/Content/EngineMaterials/Substrate/GLints/dict_16_192_64_0p5_0p02_0020_0013.uasset" 4949
"../../../Engine/Content/EngineMaterials/Substrate/GLints/dict_16_192_64_0p5_0p02_0021_0000.uasset" 4950
"../../../Engine/Content/EngineMaterials/Substrate/GLints/dict_16_192_64_0p5_0p02_0020_0010.uasset" 4951
"../../../Engine/Content/EngineMaterials/Substrate/GLints/dict_16_192_64_0p5_0p02_0021_0003.uasset" 4952
"../../../Engine/Content/EngineMaterials/Substrate/GLints/dict_16_192_64_0p5_0p02_0020_0014.uasset" 4953
"/Engine/EngineMaterials/Substrate/GLints/dict_16_192_64_0p5_0p02_0020_0002" 4954
"/Engine/EngineMaterials/Substrate/GLints/dict_16_192_64_0p5_0p02_0020_0001" 4955
"/Engine/EngineMaterials/Substrate/GLints/dict_16_192_64_0p5_0p02_0020_0000" 4956
"/Engine/EngineMaterials/Substrate/GLints/dict_16_192_64_0p5_0p02_0019_0015" 4957
"/Engine/EngineMaterials/Substrate/GLints/dict_16_192_64_0p5_0p02_0019_0014" 4958
"/Engine/EngineMaterials/Substrate/GLints/dict_16_192_64_0p5_0p02_0019_0013" 4959
"/Engine/EngineMaterials/Substrate/GLints/dict_16_192_64_0p5_0p02_0019_0012" 4960
"/Engine/EngineMaterials/Substrate/GLints/dict_16_192_64_0p5_0p02_0019_0011" 4961
"/Engine/EngineMaterials/Substrate/GLints/dict_16_192_64_0p5_0p02_0019_0010" 4962
"/Engine/EngineMaterials/Substrate/GLints/dict_16_192_64_0p5_0p02_0019_0009" 4963
"/Engine/EngineMaterials/Substrate/GLints/dict_16_192_64_0p5_0p02_0019_0008" 4964
"/Engine/EngineMaterials/Substrate/GLints/dict_16_192_64_0p5_0p02_0020_0012" 4965
"/Engine/EngineMaterials/Substrate/GLints/dict_16_192_64_0p5_0p02_0020_0011" 4966
"/Engine/EngineMaterials/Substrate/GLints/dict_16_192_64_0p5_0p02_0019_0006" 4967
"/Engine/EngineMaterials/Substrate/GLints/dict_16_192_64_0p5_0p02_0019_0005" 4968
"/Engine/EngineMaterials/Substrate/GLints/dict_16_192_64_0p5_0p02_0020_0009" 4969
"/Engine/EngineMaterials/Substrate/GLints/dict_16_192_64_0p5_0p02_0020_0008" 4970
"/Engine/EngineMaterials/Substrate/GLints/dict_16_192_64_0p5_0p02_0019_0004" 4971
"/Engine/EngineMaterials/Substrate/GLints/dict_16_192_64_0p5_0p02_0019_0003" 4972
"/Engine/EngineMaterials/Substrate/GLints/dict_16_192_64_0p5_0p02_0020_0005" 4973
"../../../Engine/Content/EngineMaterials/Substrate/GLints/dict_16_192_64_0p5_0p02_0021_0007.uasset" 4974
"../../../Engine/Content/EngineMaterials/Substrate/GLints/dict_16_192_64_0p5_0p02_0021_0004.uasset" 4975
"../../../Engine/Content/EngineMaterials/Substrate/GLints/dict_16_192_64_0p5_0p02_0021_0008.uasset" 4976
"../../../Engine/Content/EngineMaterials/Substrate/GLints/dict_16_192_64_0p5_0p02_0021_0009.uasset" 4977
"../../../Engine/Content/EngineMaterials/Substrate/GLints/dict_16_192_64_0p5_0p02_0021_0012.uasset" 4978
"../../../Engine/Content/EngineMaterials/Substrate/GLints/dict_16_192_64_0p5_0p02_0021_0010.uasset" 4979
"../../../Engine/Content/EngineMaterials/Substrate/GLints/dict_16_192_64_0p5_0p02_0021_0015.uasset" 4980
"../../../Engine/Content/EngineMaterials/Substrate/GLints/dict_16_192_64_0p5_0p02_0021_0006.uasset" 4981
"../../../Engine/Content/EngineMaterials/Substrate/GLints/dict_16_192_64_0p5_0p02_0022_0001.uasset" 4982
"../../../Engine/Content/EngineMaterials/Substrate/GLints/dict_16_192_64_0p5_0p02_0022_0004.uasset" 4983
"../../../Engine/Content/EngineMaterials/Substrate/GLints/dict_16_192_64_0p5_0p02_0022_0005.uasset" 4984
"../../../Engine/Content/EngineMaterials/Substrate/GLints/dict_16_192_64_0p5_0p02_0021_0011.uasset" 4985
"../../../Engine/Content/EngineMaterials/Substrate/GLints/dict_16_192_64_0p5_0p02_0022_0006.uasset" 4986
"../../../Engine/Content/EngineMaterials/Substrate/GLints/dict_16_192_64_0p5_0p02_0022_0008.uasset" 4987
"../../../Engine/Content/EngineMaterials/Substrate/GLints/dict_16_192_64_0p5_0p02_0022_0002.uasset" 4988
"../../../Engine/Content/EngineMaterials/Substrate/GLints/dict_16_192_64_0p5_0p02_0022_0007.uasset" 4989
"../../../Engine/Content/EngineMaterials/Substrate/GLints/dict_16_192_64_0p5_0p02_0021_0014.uasset" 4990
"../../../Engine/Content/EngineMaterials/Substrate/GLints/dict_16_192_64_0p5_0p02_0022_0000.uasset" 4991
"../../../Engine/Content/EngineMaterials/Substrate/GLints/dict_16_192_64_0p5_0p02_0022_0003.uasset" 4992
"../../../Engine/Content/EngineMaterials/Substrate/GLints/dict_16_192_64_0p5_0p02_0021_0013.uasset" 4993
"../../../Engine/Content/EngineMaterials/Substrate/GLints/dict_16_192_64_0p5_0p02_0021_0005.uasset" 4994
"/Engine/EngineMaterials/Substrate/GLints/dict_16_192_64_0p5_0p02_0021_0003" 4995
"/Engine/EngineMaterials/Substrate/GLints/dict_16_192_64_0p5_0p02_0021_0002" 4996
"/Engine/EngineMaterials/Substrate/GLints/dict_16_192_64_0p5_0p02_0021_0001" 4997
"/Engine/EngineMaterials/Substrate/GLints/dict_16_192_64_0p5_0p02_0021_0000" 4998
"/Engine/EngineMaterials/Substrate/GLints/dict_16_192_64_0p5_0p02_0020_0015" 4999
"/Engine/EngineMaterials/Substrate/GLints/dict_16_192_64_0p5_0p02_0020_0014" 5000
"/Engine/EngineMaterials/Substrate/GLints/dict_16_192_64_0p5_0p02_0020_0013" 5001
"/Engine/EngineMaterials/Substrate/GLints/dict_16_192_64_0p5_0p02_0020_0010" 5002
"/Engine/EngineMaterials/Substrate/GLints/dict_16_192_64_0p5_0p02_0021_0009" 5003
"/Engine/EngineMaterials/Substrate/GLints/dict_16_192_64_0p5_0p02_0021_0008" 5004
"/Engine/EngineMaterials/Substrate/GLints/dict_16_192_64_0p5_0p02_0021_0007" 5005
"/Engine/EngineMaterials/Substrate/GLints/dict_16_192_64_0p5_0p02_0020_0007" 5006
"/Engine/EngineMaterials/Substrate/GLints/dict_16_192_64_0p5_0p02_0020_0006" 5007
"/Engine/EngineMaterials/Substrate/GLints/dict_16_192_64_0p5_0p02_0021_0004" 5008
"/Engine/EngineMaterials/Substrate/GLints/dict_16_192_64_0p5_0p02_0020_0004" 5009
"../../../Engine/Content/EngineMaterials/Substrate/GLints/dict_16_192_64_0p5_0p02_0022_0009.uasset" 5010
"../../../Engine/Content/EngineMaterials/Substrate/GLints/dict_16_192_64_0p5_0p02_0022_0014.uasset" 5011
"../../../Engine/Content/EngineMaterials/Substrate/GLints/dict_16_192_64_0p5_0p02_0023_0000.uasset" 5012
"../../../Engine/Content/EngineMaterials/Substrate/GLints/dict_16_192_64_0p5_0p02_0023_0004.uasset" 5013
"../../../Engine/Content/EngineMaterials/Substrate/GLints/dict_16_192_64_0p5_0p02_0023_0003.uasset" 5014
"../../../Engine/Content/EngineMaterials/Substrate/GLints/dict_16_192_64_0p5_0p02_0023_0005.uasset" 5015
"../../../Engine/Content/EngineMaterials/Substrate/GLints/dict_16_192_64_0p5_0p02_0022_0013.uasset" 5016
"../../../Engine/Content/EngineMaterials/Substrate/GLints/dict_16_192_64_0p5_0p02_0023_0007.uasset" 5017
"../../../Engine/Content/EngineMaterials/Substrate/GLints/dict_16_192_64_0p5_0p02_0023_0006.uasset" 5018
"../../../Engine/Content/EngineMaterials/Substrate/GLints/dict_16_192_64_0p5_0p02_0022_0012.uasset" 5019
"/Engine/EngineMaterials/Substrate/GLints/dict_16_192_64_0p5_0p02_0022_0008" 5020
"../../../Engine/Content/EngineMaterials/Substrate/GLints/dict_16_192_64_0p5_0p02_0023_0002.uasset" 5021
"../../../Engine/Content/EngineMaterials/Substrate/GLints/dict_16_192_64_0p5_0p02_0022_0015.uasset" 5022
"../../../Engine/Content/EngineMaterials/Substrate/GLints/dict_16_192_64_0p5_0p02_0022_0011.uasset" 5023
"../../../Engine/Content/EngineMaterials/Substrate/GLints/dict_16_192_64_0p5_0p02_0022_0010.uasset" 5024
"../../../Engine/Content/EngineMaterials/Substrate/GLints/dict_16_192_64_0p5_0p02_0023_0001.uasset" 5025
"/Engine/EngineMaterials/Substrate/GLints/dict_16_192_64_0p5_0p02_0022_0007" 5026
"/Engine/EngineMaterials/Substrate/GLints/dict_16_192_64_0p5_0p02_0022_0006" 5027
"/Engine/EngineMaterials/Substrate/GLints/dict_16_192_64_0p5_0p02_0022_0005" 5028
"/Engine/EngineMaterials/Substrate/GLints/dict_16_192_64_0p5_0p02_0022_0004" 5029
"/Engine/EngineMaterials/Substrate/GLints/dict_16_192_64_0p5_0p02_0022_0003" 5030
"/Engine/EngineMaterials/Substrate/GLints/dict_16_192_64_0p5_0p02_0022_0002" 5031
"/Engine/EngineMaterials/Substrate/GLints/dict_16_192_64_0p5_0p02_0022_0001" 5032
"/Engine/EngineMaterials/Substrate/GLints/dict_16_192_64_0p5_0p02_0022_0000" 5033
"/Engine/EngineMaterials/Substrate/GLints/dict_16_192_64_0p5_0p02_0021_0015" 5034
"/Engine/EngineMaterials/Substrate/GLints/dict_16_192_64_0p5_0p02_0021_0014" 5035
"/Engine/EngineMaterials/Substrate/GLints/dict_16_192_64_0p5_0p02_0021_0013" 5036
"/Engine/EngineMaterials/Substrate/GLints/dict_16_192_64_0p5_0p02_0021_0012" 5037
"/Engine/EngineMaterials/Substrate/GLints/dict_16_192_64_0p5_0p02_0021_0011" 5038
"/Engine/EngineMaterials/Substrate/GLints/dict_16_192_64_0p5_0p02_0023_0000" 5039
"/Engine/EngineMaterials/Substrate/GLints/dict_16_192_64_0p5_0p02_0021_0010" 5040
"/Engine/EngineMaterials/Substrate/GLints/dict_16_192_64_0p5_0p02_0022_0014" 5041
"/Engine/EngineMaterials/Substrate/GLints/dict_16_192_64_0p5_0p02_0021_0006" 5042
"/Engine/EngineMaterials/Substrate/GLints/dict_16_192_64_0p5_0p02_0021_0005" 5043
"/Engine/EngineMaterials/Substrate/GLints/dict_16_192_64_0p5_0p02_0022_0009" 5044
"../../../Engine/Content/EngineMaterials/Substrate/GLints/dict_16_192_64_0p5_0p02_0023_0010.uasset" 5045
"../../../Engine/Content/EngineMaterials/Substrate/GLints/dict_16_192_64_0p5_0p02_0023_0008.uasset" 5046
"../../../Engine/Content/EngineMaterials/Substrate/GLints/dict_16_192_64_0p5_0p02_0023_0012.uasset" 5047
"../../../Engine/Content/EngineMaterials/Substrate/GLints/dict_16_192_64_0p5_0p02_0023_0014.uasset" 5048
"../../../Engine/Content/EngineMaterials/Substrate/GLints/dict_16_192_64_0p5_0p02_0024_0001.uasset" 5049
"../../../Engine/Content/EngineMaterials/Substrate/GLints/dict_16_192_64_0p5_0p02_0024_0004.uasset" 5050
"../../../Engine/Content/EngineMaterials/Substrate/GLints/dict_16_192_64_0p5_0p02_0024_0005.uasset" 5051
"../../../Engine/Content/EngineMaterials/Substrate/GLints/dict_16_192_64_0p5_0p02_0024_0007.uasset" 5052
"../../../Engine/Content/EngineMaterials/Substrate/GLints/dict_16_192_64_0p5_0p02_0024_0003.uasset" 5053
"../../../Engine/Content/EngineMaterials/Substrate/GLints/dict_16_192_64_0p5_0p02_0024_0008.uasset" 5054
"../../../Engine/Content/EngineMaterials/Substrate/GLints/dict_16_192_64_0p5_0p02_0024_0010.uasset" 5055
"../../../Engine/Content/EngineMaterials/Substrate/GLints/dict_16_192_64_0p5_0p02_0023_0013.uasset" 5056
"../../../Engine/Content/EngineMaterials/Substrate/GLints/dict_16_192_64_0p5_0p02_0024_0011.uasset" 5057
"../../../Engine/Content/EngineMaterials/Substrate/GLints/dict_16_192_64_0p5_0p02_0024_0000.uasset" 5058
"../../../Engine/Content/EngineMaterials/Substrate/GLints/dict_16_192_64_0p5_0p02_0023_0009.uasset" 5059
"../../../Engine/Content/EngineMaterials/Substrate/GLints/dict_16_192_64_0p5_0p02_0023_0011.uasset" 5060
"../../../Engine/Content/EngineMaterials/Substrate/GLints/dict_16_192_64_0p5_0p02_0024_0006.uasset" 5061
"../../../Engine/Content/EngineMaterials/Substrate/GLints/dict_16_192_64_0p5_0p02_0024_0009.uasset" 5062
"../../../Engine/Content/EngineMaterials/Substrate/GLints/dict_16_192_64_0p5_0p02_0024_0002.uasset" 5063
"/Engine/EngineMaterials/Substrate/GLints/dict_16_192_64_0p5_0p02_0023_0007" 5064
"../../../Engine/Content/EngineMaterials/Substrate/GLints/dict_16_192_64_0p5_0p02_0023_0015.uasset" 5065
"/Engine/EngineMaterials/Substrate/GLints/dict_16_192_64_0p5_0p02_0023_0006" 5066
"/Engine/EngineMaterials/Substrate/GLints/dict_16_192_64_0p5_0p02_0023_0005" 5067
"/Engine/EngineMaterials/Substrate/GLints/dict_16_192_64_0p5_0p02_0023_0004" 5068
"/Engine/EngineMaterials/Substrate/GLints/dict_16_192_64_0p5_0p02_0023_0003" 5069
"/Engine/EngineMaterials/Substrate/GLints/dict_16_192_64_0p5_0p02_0023_0002" 5070
"/Engine/EngineMaterials/Substrate/GLints/dict_16_192_64_0p5_0p02_0023_0001" 5071
"/Engine/EngineMaterials/Substrate/GLints/dict_16_192_64_0p5_0p02_0023_0012" 5072
"/Engine/EngineMaterials/Substrate/GLints/dict_16_192_64_0p5_0p02_0022_0015" 5073
"/Engine/EngineMaterials/Substrate/GLints/dict_16_192_64_0p5_0p02_0022_0013" 5074
"/Engine/EngineMaterials/Substrate/GLints/dict_16_192_64_0p5_0p02_0023_0010" 5075
"/Engine/EngineMaterials/Substrate/GLints/dict_16_192_64_0p5_0p02_0022_0012" 5076
"/Engine/EngineMaterials/Substrate/GLints/dict_16_192_64_0p5_0p02_0022_0011" 5077
"/Engine/EngineMaterials/Substrate/GLints/dict_16_192_64_0p5_0p02_0022_0010" 5078
"/Engine/EngineMaterials/Substrate/GLints/dict_16_192_64_0p5_0p02_0023_0008" 5079
"../../../Engine/Content/EngineMaterials/Substrate/GLints/dict_16_192_64_0p5_0p02_0024_0012.uasset" 5080
"../../../Engine/Content/EngineMaterials/Substrate/GLints/dict_16_192_64_0p5_0p02_0024_0014.uasset" 5081
"../../../Engine/Content/EngineMaterials/Substrate/GLints/dict_16_192_64_0p5_0p02_0025_0000.uasset" 5082
"../../../Engine/Content/EngineMaterials/Substrate/GLints/dict_16_192_64_0p5_0p02_0025_0002.uasset" 5083
"../../../Engine/Content/EngineMaterials/Substrate/GLints/dict_16_192_64_0p5_0p02_0025_0004.uasset" 5084
"../../../Engine/Content/EngineMaterials/Substrate/GLints/dict_16_192_64_0p5_0p02_0025_0006.uasset" 5085
"../../../Engine/Content/EngineMaterials/Substrate/GLints/dict_16_192_64_0p5_0p02_0024_0013.uasset" 5086
"../../../Engine/Content/EngineMaterials/Substrate/GLints/dict_16_192_64_0p5_0p02_0025_0005.uasset" 5087
"../../../Engine/Content/EngineMaterials/Substrate/GLints/dict_16_192_64_0p5_0p02_0025_0009.uasset" 5088
"../../../Engine/Content/EngineMaterials/Substrate/GLints/dict_16_192_64_0p5_0p02_0025_0010.uasset" 5089
"../../../Engine/Content/EngineMaterials/Substrate/GLints/dict_16_192_64_0p5_0p02_0025_0001.uasset" 5090
"../../../Engine/Content/EngineMaterials/Substrate/GLints/dict_16_192_64_0p5_0p02_0025_0008.uasset" 5091
"../../../Engine/Content/EngineMaterials/Substrate/GLints/dict_16_192_64_0p5_0p02_0025_0003.uasset" 5092
"../../../Engine/Content/EngineMaterials/Substrate/GLints/dict_16_192_64_0p5_0p02_0024_0015.uasset" 5093
"../../../Engine/Content/EngineMaterials/Substrate/GLints/dict_16_192_64_0p5_0p02_0025_0007.uasset" 5094
"/Engine/EngineMaterials/Substrate/GLints/dict_16_192_64_0p5_0p02_0024_0011" 5095
"/Engine/EngineMaterials/Substrate/GLints/dict_16_192_64_0p5_0p02_0024_0010" 5096
"/Engine/EngineMaterials/Substrate/GLints/dict_16_192_64_0p5_0p02_0024_0009" 5097
"/Engine/EngineMaterials/Substrate/GLints/dict_16_192_64_0p5_0p02_0024_0008" 5098
"/Engine/EngineMaterials/Substrate/GLints/dict_16_192_64_0p5_0p02_0024_0007" 5099
"/Engine/EngineMaterials/Substrate/GLints/dict_16_192_64_0p5_0p02_0024_0006" 5100
"/Engine/EngineMaterials/Substrate/GLints/dict_16_192_64_0p5_0p02_0024_0005" 5101
"/Engine/EngineMaterials/Substrate/GLints/dict_16_192_64_0p5_0p02_0024_0004" 5102
"/Engine/EngineMaterials/Substrate/GLints/dict_16_192_64_0p5_0p02_0024_0003" 5103
"/Engine/EngineMaterials/Substrate/GLints/dict_16_192_64_0p5_0p02_0024_0002" 5104
"/Engine/EngineMaterials/Substrate/GLints/dict_16_192_64_0p5_0p02_0024_0001" 5105
"/Engine/EngineMaterials/Substrate/GLints/dict_16_192_64_0p5_0p02_0024_0000" 5106
"/Engine/EngineMaterials/Substrate/GLints/dict_16_192_64_0p5_0p02_0023_0015" 5107
"/Engine/EngineMaterials/Substrate/GLints/dict_16_192_64_0p5_0p02_0023_0014" 5108
"/Engine/EngineMaterials/Substrate/GLints/dict_16_192_64_0p5_0p02_0023_0013" 5109
"/Engine/EngineMaterials/Substrate/GLints/dict_16_192_64_0p5_0p02_0025_0002" 5110
"/Engine/EngineMaterials/Substrate/GLints/dict_16_192_64_0p5_0p02_0023_0011" 5111
"/Engine/EngineMaterials/Substrate/GLints/dict_16_192_64_0p5_0p02_0025_0000" 5112
"/Engine/EngineMaterials/Substrate/GLints/dict_16_192_64_0p5_0p02_0023_0009" 5113
"/Engine/EngineMaterials/Substrate/GLints/dict_16_192_64_0p5_0p02_0024_0014" 5114
"/Engine/EngineMaterials/Substrate/GLints/dict_16_192_64_0p5_0p02_0024_0012" 5115
"../../../Engine/Content/EngineMaterials/Substrate/GLints/dict_16_192_64_0p5_0p02_0025_0012.uasset" 5116
"../../../Engine/Content/EngineMaterials/Substrate/GLints/dict_16_192_64_0p5_0p02_0025_0015.uasset" 5117
"../../../Engine/Content/EngineMaterials/Substrate/GLints/dict_16_192_64_0p5_0p02_0026_0003.uasset" 5118
"../../../Engine/Content/EngineMaterials/Substrate/GLints/dict_16_192_64_0p5_0p02_0026_0000.uasset" 5119
"../../../Engine/Content/EngineMaterials/Substrate/GLints/dict_16_192_64_0p5_0p02_0026_0007.uasset" 5120
"../../../Engine/Content/EngineMaterials/Substrate/GLints/dict_16_192_64_0p5_0p02_0026_0001.uasset" 5121
"../../../Engine/Content/EngineMaterials/Substrate/GLints/dict_16_192_64_0p5_0p02_0026_0010.uasset" 5122
"../../../Engine/Content/EngineMaterials/Substrate/GLints/dict_16_192_64_0p5_0p02_0025_0011.uasset" 5123
"../../../Engine/Content/EngineMaterials/Substrate/GLints/dict_16_192_64_0p5_0p02_0026_0011.uasset" 5124
"../../../Engine/Content/EngineMaterials/Substrate/GLints/dict_16_192_64_0p5_0p02_0026_0012.uasset" 5125
"../../../Engine/Content/EngineMaterials/Substrate/GLints/dict_16_192_64_0p5_0p02_0026_0013.uasset" 5126
"../../../Engine/Content/EngineMaterials/Substrate/GLints/dict_16_192_64_0p5_0p02_0026_0005.uasset" 5127
"../../../Engine/Content/EngineMaterials/Substrate/GLints/dict_16_192_64_0p5_0p02_0026_0015.uasset" 5128
"../../../Engine/Content/EngineMaterials/Substrate/GLints/dict_16_192_64_0p5_0p02_0026_0014.uasset" 5129
"../../../Engine/Content/EngineMaterials/Substrate/GLints/dict_16_192_64_0p5_0p02_0026_0002.uasset" 5130
"../../../Engine/Content/EngineMaterials/Substrate/GLints/dict_16_192_64_0p5_0p02_0026_0004.uasset" 5131
"/Engine/EngineMaterials/Substrate/GLints/dict_16_192_64_0p5_0p02_0025_0010" 5132
"../../../Engine/Content/EngineMaterials/Substrate/GLints/dict_16_192_64_0p5_0p02_0026_0006.uasset" 5133
"../../../Engine/Content/EngineMaterials/Substrate/GLints/dict_16_192_64_0p5_0p02_0025_0014.uasset" 5134
"../../../Engine/Content/EngineMaterials/Substrate/GLints/dict_16_192_64_0p5_0p02_0025_0013.uasset" 5135
"../../../Engine/Content/EngineMaterials/Substrate/GLints/dict_16_192_64_0p5_0p02_0026_0008.uasset" 5136
"../../../Engine/Content/EngineMaterials/Substrate/GLints/dict_16_192_64_0p5_0p02_0026_0009.uasset" 5137
"/Engine/EngineMaterials/Substrate/GLints/dict_16_192_64_0p5_0p02_0025_0009" 5138
"/Engine/EngineMaterials/Substrate/GLints/dict_16_192_64_0p5_0p02_0025_0008" 5139
"/Engine/EngineMaterials/Substrate/GLints/dict_16_192_64_0p5_0p02_0025_0007" 5140
"/Engine/EngineMaterials/Substrate/GLints/dict_16_192_64_0p5_0p02_0025_0006" 5141
"/Engine/EngineMaterials/Substrate/GLints/dict_16_192_64_0p5_0p02_0025_0005" 5142
"/Engine/EngineMaterials/Substrate/GLints/dict_16_192_64_0p5_0p02_0025_0004" 5143
"/Engine/EngineMaterials/Substrate/GLints/dict_16_192_64_0p5_0p02_0026_0003" 5144
"/Engine/EngineMaterials/Substrate/GLints/dict_16_192_64_0p5_0p02_0025_0003" 5145
"/Engine/EngineMaterials/Substrate/GLints/dict_16_192_64_0p5_0p02_0025_0015" 5146
"/Engine/EngineMaterials/Substrate/GLints/dict_16_192_64_0p5_0p02_0025_0001" 5147
"/Engine/EngineMaterials/Substrate/GLints/dict_16_192_64_0p5_0p02_0024_0015" 5148
"/Engine/EngineMaterials/Substrate/GLints/dict_16_192_64_0p5_0p02_0025_0012" 5149
"/Engine/EngineMaterials/Substrate/GLints/dict_16_192_64_0p5_0p02_0024_0013" 5150
"../../../Engine/Content/EngineMaterials/Substrate/GLints/dict_16_192_64_0p5_0p02_0027_0002.uasset" 5151
"../../../Engine/Content/EngineMaterials/Substrate/GLints/dict_16_192_64_0p5_0p02_0027_0000.uasset" 5152
"../../../Engine/Content/EngineMaterials/Substrate/GLints/dict_16_192_64_0p5_0p02_0027_0005.uasset" 5153
"../../../Engine/Content/EngineMaterials/Substrate/GLints/dict_16_192_64_0p5_0p02_0027_0001.uasset" 5154
"../../../Engine/Content/EngineMaterials/Substrate/GLints/dict_16_192_64_0p5_0p02_0027_0004.uasset" 5155
"../../../Engine/Content/EngineMaterials/Substrate/GLints/dict_16_192_64_0p5_0p02_0027_0009.uasset" 5156
"../../../Engine/Content/EngineMaterials/Substrate/GLints/dict_16_192_64_0p5_0p02_0027_0011.uasset" 5157
"../../../Engine/Content/EngineMaterials/Substrate/GLints/dict_16_192_64_0p5_0p02_0027_0012.uasset" 5158
"../../../Engine/Content/EngineMaterials/Substrate/GLints/dict_16_192_64_0p5_0p02_0027_0013.uasset" 5159
"../../../Engine/Content/EngineMaterials/Substrate/GLints/dict_16_192_64_0p5_0p02_0027_0003.uasset" 5160
"../../../Engine/Content/EngineMaterials/Substrate/GLints/dict_16_192_64_0p5_0p02_0027_0007.uasset" 5161
"/Engine/EngineMaterials/Substrate/GLints/dict_16_192_64_0p5_0p02_0026_0015" 5162
"../../../Engine/Content/EngineMaterials/Substrate/GLints/dict_16_192_64_0p5_0p02_0027_0008.uasset" 5163
"../../../Engine/Content/EngineMaterials/Substrate/GLints/dict_16_192_64_0p5_0p02_0027_0006.uasset" 5164
"../../../Engine/Content/EngineMaterials/Substrate/GLints/dict_16_192_64_0p5_0p02_0027_0010.uasset" 5165
"/Engine/EngineMaterials/Substrate/GLints/dict_16_192_64_0p5_0p02_0026_0014" 5166
"/Engine/EngineMaterials/Substrate/GLints/dict_16_192_64_0p5_0p02_0026_0013" 5167
"/Engine/EngineMaterials/Substrate/GLints/dict_16_192_64_0p5_0p02_0026_0012" 5168
"/Engine/EngineMaterials/Substrate/GLints/dict_16_192_64_0p5_0p02_0026_0011" 5169
"/Engine/EngineMaterials/Substrate/GLints/dict_16_192_64_0p5_0p02_0026_0010" 5170
"/Engine/EngineMaterials/Substrate/GLints/dict_16_192_64_0p5_0p02_0026_0009" 5171
"/Engine/EngineMaterials/Substrate/GLints/dict_16_192_64_0p5_0p02_0026_0008" 5172
"/Engine/EngineMaterials/Substrate/GLints/dict_16_192_64_0p5_0p02_0026_0007" 5173
"/Engine/EngineMaterials/Substrate/GLints/dict_16_192_64_0p5_0p02_0026_0006" 5174
"/Engine/EngineMaterials/Substrate/GLints/dict_16_192_64_0p5_0p02_0026_0005" 5175
"/Engine/EngineMaterials/Substrate/GLints/dict_16_192_64_0p5_0p02_0026_0004" 5176
"/Engine/EngineMaterials/Substrate/GLints/dict_16_192_64_0p5_0p02_0026_0002" 5177
"/Engine/EngineMaterials/Substrate/GLints/dict_16_192_64_0p5_0p02_0026_0001" 5178
"/Engine/EngineMaterials/Substrate/GLints/dict_16_192_64_0p5_0p02_0027_0005" 5179
"/Engine/EngineMaterials/Substrate/GLints/dict_16_192_64_0p5_0p02_0026_0000" 5180
"/Engine/EngineMaterials/Substrate/GLints/dict_16_192_64_0p5_0p02_0027_0004" 5181
"/Engine/EngineMaterials/Substrate/GLints/dict_16_192_64_0p5_0p02_0025_0014" 5182
"/Engine/EngineMaterials/Substrate/GLints/dict_16_192_64_0p5_0p02_0027_0002" 5183
"/Engine/EngineMaterials/Substrate/GLints/dict_16_192_64_0p5_0p02_0025_0013" 5184
"/Engine/EngineMaterials/Substrate/GLints/dict_16_192_64_0p5_0p02_0027_0001" 5185
"/Engine/EngineMaterials/Substrate/GLints/dict_16_192_64_0p5_0p02_0027_0000" 5186
"/Engine/EngineMaterials/Substrate/GLints/dict_16_192_64_0p5_0p02_0025_0011" 5187
"../../../Engine/Content/EngineMaterials/Substrate/GLints/dict_16_192_64_0p5_0p02_0028_0000.uasset" 5188
"../../../Engine/Content/EngineMaterials/Substrate/GLints/dict_16_192_64_0p5_0p02_0028_0001.uasset" 5189
"../../../Engine/Content/EngineMaterials/Substrate/GLints/dict_16_192_64_0p5_0p02_0028_0004.uasset" 5190
"../../../Engine/Content/EngineMaterials/Substrate/GLints/dict_16_192_64_0p5_0p02_0028_0007.uasset" 5191
"../../../Engine/Content/EngineMaterials/Substrate/GLints/dict_16_192_64_0p5_0p02_0028_0009.uasset" 5192
"../../../Engine/Content/EngineMaterials/Substrate/GLints/dict_16_192_64_0p5_0p02_0028_0006.uasset" 5193
"../../../Engine/Content/EngineMaterials/Substrate/GLints/dict_16_192_64_0p5_0p02_0028_0002.uasset" 5194
"../../../Engine/Content/EngineMaterials/Substrate/GLints/dict_16_192_64_0p5_0p02_0028_0012.uasset" 5195
"../../../Engine/Content/EngineMaterials/Substrate/GLints/dict_16_192_64_0p5_0p02_0028_0008.uasset" 5196
"../../../Engine/Content/EngineMaterials/Substrate/GLints/dict_16_192_64_0p5_0p02_0028_0014.uasset" 5197
"../../../Engine/Content/EngineMaterials/Substrate/GLints/dict_16_192_64_0p5_0p02_0027_0014.uasset" 5198
"../../../Engine/Content/EngineMaterials/Substrate/GLints/dict_16_192_64_0p5_0p02_0029_0001.uasset" 5199
"../../../Engine/Content/EngineMaterials/Substrate/GLints/dict_16_192_64_0p5_0p02_0029_0003.uasset" 5200
"../../../Engine/Content/EngineMaterials/Substrate/GLints/dict_16_192_64_0p5_0p02_0028_0010.uasset" 5201
"../../../Engine/Content/EngineMaterials/Substrate/GLints/dict_16_192_64_0p5_0p02_0029_0004.uasset" 5202
"../../../Engine/Content/EngineMaterials/Substrate/GLints/dict_16_192_64_0p5_0p02_0028_0013.uasset" 5203
"../../../Engine/Content/EngineMaterials/Substrate/GLints/dict_16_192_64_0p5_0p02_0028_0005.uasset" 5204
"../../../Engine/Content/EngineMaterials/Substrate/GLints/dict_16_192_64_0p5_0p02_0027_0015.uasset" 5205
"../../../Engine/Content/EngineMaterials/Substrate/GLints/dict_16_192_64_0p5_0p02_0029_0000.uasset" 5206
"../../../Engine/Content/EngineMaterials/Substrate/GLints/dict_16_192_64_0p5_0p02_0028_0015.uasset" 5207
"../../../Engine/Content/EngineMaterials/Substrate/GLints/dict_16_192_64_0p5_0p02_0028_0003.uasset" 5208
"/Engine/EngineMaterials/Substrate/GLints/dict_16_192_64_0p5_0p02_0027_0013" 5209
"../../../Engine/Content/EngineMaterials/Substrate/GLints/dict_16_192_64_0p5_0p02_0028_0011.uasset" 5210
"../../../Engine/Content/EngineMaterials/Substrate/GLints/dict_16_192_64_0p5_0p02_0029_0002.uasset" 5211
"/Engine/EngineMaterials/Substrate/GLints/dict_16_192_64_0p5_0p02_0027_0012" 5212
"/Engine/EngineMaterials/Substrate/GLints/dict_16_192_64_0p5_0p02_0027_0011" 5213
"/Engine/EngineMaterials/Substrate/GLints/dict_16_192_64_0p5_0p02_0027_0010" 5214
"/Engine/EngineMaterials/Substrate/GLints/dict_16_192_64_0p5_0p02_0027_0009" 5215
"/Engine/EngineMaterials/Substrate/GLints/dict_16_192_64_0p5_0p02_0027_0008" 5216
"/Engine/EngineMaterials/Substrate/GLints/dict_16_192_64_0p5_0p02_0027_0007" 5217
"/Engine/EngineMaterials/Substrate/GLints/dict_16_192_64_0p5_0p02_0027_0006" 5218
"/Engine/EngineMaterials/Substrate/GLints/dict_16_192_64_0p5_0p02_0028_0007" 5219
"/Engine/EngineMaterials/Substrate/GLints/dict_16_192_64_0p5_0p02_0028_0004" 5220
"/Engine/EngineMaterials/Substrate/GLints/dict_16_192_64_0p5_0p02_0027_0003" 5221
"/Engine/EngineMaterials/Substrate/GLints/dict_16_192_64_0p5_0p02_0028_0001" 5222
"/Engine/EngineMaterials/Substrate/GLints/dict_16_192_64_0p5_0p02_0028_0000" 5223
"../../../Engine/Content/EngineMaterials/Substrate/GLints/dict_16_192_64_0p5_0p02_0029_0007.uasset" 5224
"../../../Engine/Content/EngineMaterials/Substrate/GLints/dict_16_192_64_0p5_0p02_0029_0008.uasset" 5225
"../../../Engine/Content/EngineMaterials/Substrate/GLints/dict_16_192_64_0p5_0p02_0029_0010.uasset" 5226
"../../../Engine/Content/EngineMaterials/Substrate/GLints/dict_16_192_64_0p5_0p02_0029_0011.uasset" 5227
"../../../Engine/Content/EngineMaterials/Substrate/GLints/dict_16_192_64_0p5_0p02_0030_0000.uasset" 5228
"../../../Engine/Content/EngineMaterials/Substrate/GLints/dict_16_192_64_0p5_0p02_0029_0014.uasset" 5229
"../../../Engine/Content/EngineMaterials/Substrate/GLints/dict_16_192_64_0p5_0p02_0029_0009.uasset" 5230
"../../../Engine/Content/EngineMaterials/Substrate/GLints/dict_16_192_64_0p5_0p02_0030_0001.uasset" 5231
"../../../Engine/Content/EngineMaterials/Substrate/GLints/dict_16_192_64_0p5_0p02_0029_0006.uasset" 5232
"../../../Engine/Content/EngineMaterials/Substrate/GLints/dict_16_192_64_0p5_0p02_0029_0013.uasset" 5233
"../../../Engine/Content/EngineMaterials/Substrate/GLints/dict_16_192_64_0p5_0p02_0029_0005.uasset" 5234
"/Engine/EngineMaterials/Substrate/GLints/dict_16_192_64_0p5_0p02_0029_0004" 5235
"../../../Engine/Content/EngineMaterials/Substrate/GLints/dict_16_192_64_0p5_0p02_0029_0015.uasset" 5236
"../../../Engine/Content/EngineMaterials/Substrate/GLints/dict_16_192_64_0p5_0p02_0029_0012.uasset" 5237
"/Engine/EngineMaterials/Substrate/GLints/dict_16_192_64_0p5_0p02_0029_0003" 5238
"/Engine/EngineMaterials/Substrate/GLints/dict_16_192_64_0p5_0p02_0029_0002" 5239
"/Engine/EngineMaterials/Substrate/GLints/dict_16_192_64_0p5_0p02_0029_0001" 5240
"/Engine/EngineMaterials/Substrate/GLints/dict_16_192_64_0p5_0p02_0029_0000" 5241
"/Engine/EngineMaterials/Substrate/GLints/dict_16_192_64_0p5_0p02_0028_0015" 5242
"/Engine/EngineMaterials/Substrate/GLints/dict_16_192_64_0p5_0p02_0028_0014" 5243
"/Engine/EngineMaterials/Substrate/GLints/dict_16_192_64_0p5_0p02_0028_0013" 5244
"/Engine/EngineMaterials/Substrate/GLints/dict_16_192_64_0p5_0p02_0028_0012" 5245
"/Engine/EngineMaterials/Substrate/GLints/dict_16_192_64_0p5_0p02_0028_0011" 5246
"/Engine/EngineMaterials/Substrate/GLints/dict_16_192_64_0p5_0p02_0028_0010" 5247
"/Engine/EngineMaterials/Substrate/GLints/dict_16_192_64_0p5_0p02_0028_0009" 5248
"/Engine/EngineMaterials/Substrate/GLints/dict_16_192_64_0p5_0p02_0028_0008" 5249
"/Engine/EngineMaterials/Substrate/GLints/dict_16_192_64_0p5_0p02_0028_0006" 5250
"/Engine/EngineMaterials/Substrate/GLints/dict_16_192_64_0p5_0p02_0028_0005" 5251
"/Engine/EngineMaterials/Substrate/GLints/dict_16_192_64_0p5_0p02_0029_0008" 5252
"/Engine/EngineMaterials/Substrate/GLints/dict_16_192_64_0p5_0p02_0029_0007" 5253
"/Engine/EngineMaterials/Substrate/GLints/dict_16_192_64_0p5_0p02_0028_0003" 5254
"/Engine/EngineMaterials/Substrate/GLints/dict_16_192_64_0p5_0p02_0028_0002" 5255
"/Engine/EngineMaterials/Substrate/GLints/dict_16_192_64_0p5_0p02_0027_0015" 5256
"/Engine/EngineMaterials/Substrate/GLints/dict_16_192_64_0p5_0p02_0027_0014" 5257
"../../../Engine/Content/EngineMaterials/Substrate/GLints/dict_16_192_64_0p5_0p02_0030_0004.uasset" 5258
"../../../Engine/Content/EngineMaterials/Substrate/GLints/dict_16_192_64_0p5_0p02_0030_0003.uasset" 5259
"../../../Engine/Content/EngineMaterials/Substrate/GLints/dict_16_192_64_0p5_0p02_0030_0007.uasset" 5260
"../../../Engine/Content/EngineMaterials/Substrate/GLints/dict_16_192_64_0p5_0p02_0030_0006.uasset" 5261
"../../../Engine/Content/EngineMaterials/Substrate/GLints/dict_16_192_64_0p5_0p02_0030_0010.uasset" 5262
"../../../Engine/Content/EngineMaterials/Substrate/GLints/dict_16_192_64_0p5_0p02_0030_0009.uasset" 5263
"../../../Engine/Content/EngineMaterials/Substrate/GLints/dict_16_192_64_0p5_0p02_0030_0012.uasset" 5264
"../../../Engine/Content/EngineMaterials/Substrate/GLints/dict_16_192_64_0p5_0p02_0030_0011.uasset" 5265
"../../../Engine/Content/EngineMaterials/Substrate/GLints/dict_16_192_64_0p5_0p02_0030_0005.uasset" 5266
"../../../Engine/Content/EngineMaterials/Substrate/GLints/dict_16_192_64_0p5_0p02_0031_0002.uasset" 5267
"../../../Engine/Content/EngineMaterials/Substrate/GLints/dict_16_192_64_0p5_0p02_0031_0001.uasset" 5268
"../../../Engine/Content/EngineMaterials/Substrate/GLints/dict_16_192_64_0p5_0p02_0031_0003.uasset" 5269
"../../../Engine/Content/EngineMaterials/Substrate/GLints/dict_16_192_64_0p5_0p02_0030_0008.uasset" 5270
"../../../Engine/Content/EngineMaterials/Substrate/GLints/dict_16_192_64_0p5_0p02_0031_0005.uasset" 5271
"../../../Engine/Content/EngineMaterials/Substrate/GLints/dict_16_192_64_0p5_0p02_0030_0002.uasset" 5272
"../../../Engine/Content/EngineMaterials/Substrate/GLints/dict_16_192_64_0p5_0p02_0031_0000.uasset" 5273
"/Engine/EngineMaterials/Substrate/GLints/dict_16_192_64_0p5_0p02_0030_0001" 5274
"../../../Engine/Content/EngineMaterials/Substrate/GLints/dict_16_192_64_0p5_0p02_0030_0015.uasset" 5275
"../../../Engine/Content/EngineMaterials/Substrate/GLints/dict_16_192_64_0p5_0p02_0030_0014.uasset" 5276
"../../../Engine/Content/EngineMaterials/Substrate/GLints/dict_16_192_64_0p5_0p02_0031_0004.uasset" 5277
"../../../Engine/Content/EngineMaterials/Substrate/GLints/dict_16_192_64_0p5_0p02_0030_0013.uasset" 5278
"../../../Engine/Content/EngineMaterials/Substrate/GLints/dict_16_192_64_0p5_0p02_0031_0006.uasset" 5279
"/Engine/EngineMaterials/Substrate/GLints/dict_16_192_64_0p5_0p02_0030_0000" 5280
"/Engine/EngineMaterials/Substrate/GLints/dict_16_192_64_0p5_0p02_0029_0015" 5281
"/Engine/EngineMaterials/Substrate/GLints/dict_16_192_64_0p5_0p02_0029_0014" 5282
"/Engine/EngineMaterials/Substrate/GLints/dict_16_192_64_0p5_0p02_0029_0013" 5283
"/Engine/EngineMaterials/Substrate/GLints/dict_16_192_64_0p5_0p02_0029_0012" 5284
"/Engine/EngineMaterials/Substrate/GLints/dict_16_192_64_0p5_0p02_0029_0011" 5285
"/Engine/EngineMaterials/Substrate/GLints/dict_16_192_64_0p5_0p02_0030_0012" 5286
"/Engine/EngineMaterials/Substrate/GLints/dict_16_192_64_0p5_0p02_0029_0010" 5287
"/Engine/EngineMaterials/Substrate/GLints/dict_16_192_64_0p5_0p02_0030_0010" 5288
"/Engine/EngineMaterials/Substrate/GLints/dict_16_192_64_0p5_0p02_0029_0009" 5289
"/Engine/EngineMaterials/Substrate/GLints/dict_16_192_64_0p5_0p02_0030_0009" 5290
"/Engine/EngineMaterials/Substrate/GLints/dict_16_192_64_0p5_0p02_0030_0007" 5291
"/Engine/EngineMaterials/Substrate/GLints/dict_16_192_64_0p5_0p02_0030_0006" 5292
"/Engine/EngineMaterials/Substrate/GLints/dict_16_192_64_0p5_0p02_0030_0005" 5293
"/Engine/EngineMaterials/Substrate/GLints/dict_16_192_64_0p5_0p02_0030_0004" 5294
"/Engine/EngineMaterials/Substrate/GLints/dict_16_192_64_0p5_0p02_0029_0006" 5295
"/Engine/EngineMaterials/Substrate/GLints/dict_16_192_64_0p5_0p02_0029_0005" 5296
"/Engine/EngineMaterials/Substrate/GLints/dict_16_192_64_0p5_0p02_0030_0003" 5297
"../../../Engine/Content/EngineMaterials/Substrate/GLints/dict_16_192_64_0p5_0p02_0031_0010.uasset" 5298
"../../../Engine/Content/EngineMaterials/Substrate/GLints/dict_16_192_64_0p5_0p02_0031_0011.uasset" 5299
"../../../Engine/Content/EngineMaterials/Substrate/GLints/dict_16_192_64_0p5_0p02_0031_0015.uasset" 5300
"../../../Engine/Content/EngineMaterials/Substrate/GLints/dict_16_192_64_0p5_0p02_0032_0000.uasset" 5301
"../../../Engine/Content/EngineMaterials/Substrate/GLints/dict_16_192_64_0p5_0p02_0031_0013.uasset" 5302
"../../../Engine/Content/EngineMaterials/Substrate/GLints/dict_16_192_64_0p5_0p02_0032_0003.uasset" 5303
"../../../Engine/Content/EngineMaterials/Substrate/GLints/dict_16_192_64_0p5_0p02_0032_0004.uasset" 5304
"../../../Engine/Content/EngineMaterials/Substrate/GLints/dict_16_192_64_0p5_0p02_0031_0009.uasset" 5305
"../../../Engine/Content/EngineMaterials/Substrate/GLints/dict_16_192_64_0p5_0p02_0032_0006.uasset" 5306
"../../../Engine/Content/EngineMaterials/Substrate/GLints/dict_16_192_64_0p5_0p02_0032_0007.uasset" 5307
"../../../Engine/Content/EngineMaterials/Substrate/GLints/dict_16_192_64_0p5_0p02_0031_0007.uasset" 5308
"../../../Engine/Content/EngineMaterials/Substrate/GLints/dict_16_192_64_0p5_0p02_0032_0008.uasset" 5309
"../../../Engine/Content/EngineMaterials/Substrate/GLints/dict_16_192_64_0p5_0p02_0032_0001.uasset" 5310
"../../../Engine/Content/EngineMaterials/Substrate/GLints/dict_16_192_64_0p5_0p02_0032_0009.uasset" 5311
"../../../Engine/Content/EngineMaterials/Substrate/GLints/dict_16_192_64_0p5_0p02_0031_0008.uasset" 5312
"../../../Engine/Content/EngineMaterials/Substrate/GLints/dict_16_192_64_0p5_0p02_0032_0002.uasset" 5313
"../../../Engine/Content/EngineMaterials/Substrate/GLints/dict_16_192_64_0p5_0p02_0031_0014.uasset" 5314
"../../../Engine/Content/EngineMaterials/Substrate/GLints/dict_16_192_64_0p5_0p02_0031_0012.uasset" 5315
"../../../Engine/Content/EngineMaterials/Substrate/GLints/dict_16_192_64_0p5_0p02_0032_0005.uasset" 5316
"/Engine/EngineMaterials/Substrate/GLints/dict_16_192_64_0p5_0p02_0031_0006" 5317
"/Engine/EngineMaterials/Substrate/GLints/dict_16_192_64_0p5_0p02_0031_0005" 5318
"/Engine/EngineMaterials/Substrate/GLints/dict_16_192_64_0p5_0p02_0031_0004" 5319
"/Engine/EngineMaterials/Substrate/GLints/dict_16_192_64_0p5_0p02_0031_0003" 5320
"/Engine/EngineMaterials/Substrate/GLints/dict_16_192_64_0p5_0p02_0031_0002" 5321
"/Engine/EngineMaterials/Substrate/GLints/dict_16_192_64_0p5_0p02_0031_0001" 5322
"/Engine/EngineMaterials/Substrate/GLints/dict_16_192_64_0p5_0p02_0031_0000" 5323
"/Engine/EngineMaterials/Substrate/GLints/dict_16_192_64_0p5_0p02_0030_0015" 5324
"/Engine/EngineMaterials/Substrate/GLints/dict_16_192_64_0p5_0p02_0030_0014" 5325
"/Engine/EngineMaterials/Substrate/GLints/dict_16_192_64_0p5_0p02_0030_0013" 5326
"/Engine/EngineMaterials/Substrate/GLints/dict_16_192_64_0p5_0p02_0030_0011" 5327
"/Engine/EngineMaterials/Substrate/GLints/dict_16_192_64_0p5_0p02_0032_0000" 5328
"/Engine/EngineMaterials/Substrate/GLints/dict_16_192_64_0p5_0p02_0031_0015" 5329
"/Engine/EngineMaterials/Substrate/GLints/dict_16_192_64_0p5_0p02_0030_0008" 5330
"/Engine/EngineMaterials/Substrate/GLints/dict_16_192_64_0p5_0p02_0031_0011" 5331
"/Engine/EngineMaterials/Substrate/GLints/dict_16_192_64_0p5_0p02_0031_0010" 5332
"/Engine/EngineMaterials/Substrate/GLints/dict_16_192_64_0p5_0p02_0030_0002" 5333
"../../../Engine/Content/EngineMaterials/Substrate/GLints/dict_16_192_64_0p5_0p02_0032_0012.uasset" 5334
"../../../Engine/Content/EngineMaterials/Substrate/GLints/dict_16_192_64_0p5_0p02_0032_0014.uasset" 5335
"../../../Engine/Content/EngineMaterials/Substrate/GLints/dict_16_192_64_0p5_0p02_0033_0001.uasset" 5336
"../../../Engine/Content/EngineMaterials/Substrate/GLints/dict_16_192_64_0p5_0p02_0032_0015.uasset" 5337
"../../../Engine/Content/EngineMaterials/Substrate/GLints/dict_16_192_64_0p5_0p02_0033_0005.uasset" 5338
"../../../Engine/Content/EngineMaterials/Substrate/GLints/dict_16_192_64_0p5_0p02_0033_0000.uasset" 5339
"../../../Engine/Content/EngineMaterials/Substrate/GLints/dict_16_192_64_0p5_0p02_0033_0003.uasset" 5340
"../../../Engine/Content/EngineMaterials/Substrate/GLints/dict_16_192_64_0p5_0p02_0033_0007.uasset" 5341
"../../../Engine/Content/EngineMaterials/Substrate/GLints/dict_16_192_64_0p5_0p02_0033_0008.uasset" 5342
"../../../Engine/Content/EngineMaterials/Substrate/GLints/dict_16_192_64_0p5_0p02_0033_0009.uasset" 5343
"../../../Engine/Content/EngineMaterials/Substrate/GLints/dict_16_192_64_0p5_0p02_0033_0010.uasset" 5344
"../../../Engine/Content/EngineMaterials/Substrate/GLints/dict_16_192_64_0p5_0p02_0033_0006.uasset" 5345
"../../../Engine/Content/EngineMaterials/Substrate/GLints/dict_16_192_64_0p5_0p02_0032_0010.uasset" 5346
"../../../Engine/Content/EngineMaterials/Substrate/GLints/dict_16_192_64_0p5_0p02_0032_0013.uasset" 5347
"../../../Engine/Content/EngineMaterials/Substrate/GLints/dict_16_192_64_0p5_0p02_0033_0002.uasset" 5348
"/Engine/EngineMaterials/Substrate/GLints/dict_16_192_64_0p5_0p02_0032_0009" 5349
"../../../Engine/Content/EngineMaterials/Substrate/GLints/dict_16_192_64_0p5_0p02_0033_0004.uasset" 5350
"../../../Engine/Content/EngineMaterials/Substrate/GLints/dict_16_192_64_0p5_0p02_0032_0011.uasset" 5351
"/Engine/EngineMaterials/Substrate/GLints/dict_16_192_64_0p5_0p02_0032_0008" 5352
"/Engine/EngineMaterials/Substrate/GLints/dict_16_192_64_0p5_0p02_0032_0007" 5353
"/Engine/EngineMaterials/Substrate/GLints/dict_16_192_64_0p5_0p02_0032_0006" 5354
"/Engine/EngineMaterials/Substrate/GLints/dict_16_192_64_0p5_0p02_0032_0005" 5355
"/Engine/EngineMaterials/Substrate/GLints/dict_16_192_64_0p5_0p02_0032_0004" 5356
"/Engine/EngineMaterials/Substrate/GLints/dict_16_192_64_0p5_0p02_0032_0003" 5357
"/Engine/EngineMaterials/Substrate/GLints/dict_16_192_64_0p5_0p02_0032_0002" 5358
"/Engine/EngineMaterials/Substrate/GLints/dict_16_192_64_0p5_0p02_0032_0001" 5359
"/Engine/EngineMaterials/Substrate/GLints/dict_16_192_64_0p5_0p02_0031_0014" 5360
"/Engine/EngineMaterials/Substrate/GLints/dict_16_192_64_0p5_0p02_0031_0013" 5361
"/Engine/EngineMaterials/Substrate/GLints/dict_16_192_64_0p5_0p02_0031_0012" 5362
"/Engine/EngineMaterials/Substrate/GLints/dict_16_192_64_0p5_0p02_0031_0009" 5363
"/Engine/EngineMaterials/Substrate/GLints/dict_16_192_64_0p5_0p02_0031_0008" 5364
"/Engine/EngineMaterials/Substrate/GLints/dict_16_192_64_0p5_0p02_0031_0007" 5365
"../../../Engine/Content/EngineMaterials/Substrate/GLints/dict_16_192_64_0p5_0p02_0033_0012.uasset" 5366
"../../../Engine/Content/EngineMaterials/Substrate/GLints/dict_16_192_64_0p5_0p02_0033_0013.uasset" 5367
"../../../Engine/Content/EngineMaterials/Substrate/GLints/dict_16_192_64_0p5_0p02_0033_0014.uasset" 5368
"../../../Engine/Content/EngineMaterials/Substrate/GLints/dict_16_192_64_0p5_0p02_0034_0000.uasset" 5369
"../../../Engine/Content/EngineMaterials/Substrate/GLints/dict_16_192_64_0p5_0p02_0034_0003.uasset" 5370
"../../../Engine/Content/EngineMaterials/Substrate/GLints/dict_16_192_64_0p5_0p02_0034_0001.uasset" 5371
"../../../Engine/Content/EngineMaterials/Substrate/GLints/dict_16_192_64_0p5_0p02_0034_0005.uasset" 5372
"../../../Engine/Content/EngineMaterials/Substrate/GLints/dict_16_192_64_0p5_0p02_0034_0006.uasset" 5373
"../../../Engine/Content/EngineMaterials/Substrate/GLints/dict_16_192_64_0p5_0p02_0034_0009.uasset" 5374
"../../../Engine/Content/EngineMaterials/Substrate/GLints/dict_16_192_64_0p5_0p02_0033_0011.uasset" 5375
"/Engine/EngineMaterials/Substrate/GLints/dict_16_192_64_0p5_0p02_0033_0010" 5376
"../../../Engine/Content/EngineMaterials/Substrate/GLints/dict_16_192_64_0p5_0p02_0034_0004.uasset" 5377
"../../../Engine/Content/EngineMaterials/Substrate/GLints/dict_16_192_64_0p5_0p02_0034_0007.uasset" 5378
"../../../Engine/Content/EngineMaterials/Substrate/GLints/dict_16_192_64_0p5_0p02_0033_0015.uasset" 5379
"../../../Engine/Content/EngineMaterials/Substrate/GLints/dict_16_192_64_0p5_0p02_0034_0008.uasset" 5380
"../../../Engine/Content/EngineMaterials/Substrate/GLints/dict_16_192_64_0p5_0p02_0034_0002.uasset" 5381
"/Engine/EngineMaterials/Substrate/GLints/dict_16_192_64_0p5_0p02_0033_0009" 5382
"/Engine/EngineMaterials/Substrate/GLints/dict_16_192_64_0p5_0p02_0033_0008" 5383
"/Engine/EngineMaterials/Substrate/GLints/dict_16_192_64_0p5_0p02_0033_0007" 5384
"/Engine/EngineMaterials/Substrate/GLints/dict_16_192_64_0p5_0p02_0033_0006" 5385
"/Engine/EngineMaterials/Substrate/GLints/dict_16_192_64_0p5_0p02_0033_0005" 5386
"/Engine/EngineMaterials/Substrate/GLints/dict_16_192_64_0p5_0p02_0033_0004" 5387
"/Engine/EngineMaterials/Substrate/GLints/dict_16_192_64_0p5_0p02_0033_0003" 5388
"/Engine/EngineMaterials/Substrate/GLints/dict_16_192_64_0p5_0p02_0033_0002" 5389
"/Engine/EngineMaterials/Substrate/GLints/dict_16_192_64_0p5_0p02_0033_0001" 5390
"/Engine/EngineMaterials/Substrate/GLints/dict_16_192_64_0p5_0p02_0033_0000" 5391
"/Engine/EngineMaterials/Substrate/GLints/dict_16_192_64_0p5_0p02_0032_0015" 5392
"/Engine/EngineMaterials/Substrate/GLints/dict_16_192_64_0p5_0p02_0032_0014" 5393
"/Engine/EngineMaterials/Substrate/GLints/dict_16_192_64_0p5_0p02_0032_0013" 5394
"/Engine/EngineMaterials/Substrate/GLints/dict_16_192_64_0p5_0p02_0033_0014" 5395
"/Engine/EngineMaterials/Substrate/GLints/dict_16_192_64_0p5_0p02_0032_0012" 5396
"/Engine/EngineMaterials/Substrate/GLints/dict_16_192_64_0p5_0p02_0032_0011" 5397
"/Engine/EngineMaterials/Substrate/GLints/dict_16_192_64_0p5_0p02_0033_0013" 5398
"/Engine/EngineMaterials/Substrate/GLints/dict_16_192_64_0p5_0p02_0033_0012" 5399
"/Engine/EngineMaterials/Substrate/GLints/dict_16_192_64_0p5_0p02_0032_0010" 5400
"../../../Engine/Content/EngineMaterials/Substrate/GLints/dict_16_192_64_0p5_0p02_0034_0012.uasset" 5401
"../../../Engine/Content/EngineMaterials/Substrate/GLints/dict_16_192_64_0p5_0p02_0034_0013.uasset" 5402
"../../../Engine/Content/EngineMaterials/Substrate/GLints/dict_16_192_64_0p5_0p02_0034_0011.uasset" 5403
"../../../Engine/Content/EngineMaterials/Substrate/GLints/dict_16_192_64_0p5_0p02_0035_0002.uasset" 5404
"../../../Engine/Content/EngineMaterials/Substrate/GLints/dict_16_192_64_0p5_0p02_0035_0005.uasset" 5405
"../../../Engine/Content/EngineMaterials/Substrate/GLints/dict_16_192_64_0p5_0p02_0035_0006.uasset" 5406
"../../../Engine/Content/EngineMaterials/Substrate/GLints/dict_16_192_64_0p5_0p02_0035_0000.uasset" 5407
"../../../Engine/Content/EngineMaterials/Substrate/GLints/dict_16_192_64_0p5_0p02_0035_0008.uasset" 5408
"../../../Engine/Content/EngineMaterials/Substrate/GLints/dict_16_192_64_0p5_0p02_0034_0010.uasset" 5409
"../../../Engine/Content/EngineMaterials/Substrate/GLints/dict_16_192_64_0p5_0p02_0035_0010.uasset" 5410
"../../../Engine/Content/EngineMaterials/Substrate/GLints/dict_16_192_64_0p5_0p02_0035_0011.uasset" 5411
"../../../Engine/Content/EngineMaterials/Substrate/GLints/dict_16_192_64_0p5_0p02_0035_0013.uasset" 5412
"/Engine/EngineMaterials/Substrate/GLints/dict_16_192_64_0p5_0p02_0034_0009" 5413
"../../../Engine/Content/EngineMaterials/Substrate/GLints/dict_16_192_64_0p5_0p02_0034_0015.uasset" 5414
"../../../Engine/Content/EngineMaterials/Substrate/GLints/dict_16_192_64_0p5_0p02_0035_0004.uasset" 5415
"../../../Engine/Content/EngineMaterials/Substrate/GLints/dict_16_192_64_0p5_0p02_0035_0003.uasset" 5416
"../../../Engine/Content/EngineMaterials/Substrate/GLints/dict_16_192_64_0p5_0p02_0035_0009.uasset" 5417
"../../../Engine/Content/EngineMaterials/Substrate/GLints/dict_16_192_64_0p5_0p02_0035_0001.uasset" 5418
"../../../Engine/Content/EngineMaterials/Substrate/GLints/dict_16_192_64_0p5_0p02_0035_0012.uasset" 5419
"../../../Engine/Content/EngineMaterials/Substrate/GLints/dict_16_192_64_0p5_0p02_0034_0014.uasset" 5420
"../../../Engine/Content/EngineMaterials/Substrate/GLints/dict_16_192_64_0p5_0p02_0035_0007.uasset" 5421
"/Engine/EngineMaterials/Substrate/GLints/dict_16_192_64_0p5_0p02_0034_0008" 5422
"/Engine/EngineMaterials/Substrate/GLints/dict_16_192_64_0p5_0p02_0034_0007" 5423
"/Engine/EngineMaterials/Substrate/GLints/dict_16_192_64_0p5_0p02_0034_0006" 5424
"/Engine/EngineMaterials/Substrate/GLints/dict_16_192_64_0p5_0p02_0034_0005" 5425
"/Engine/EngineMaterials/Substrate/GLints/dict_16_192_64_0p5_0p02_0034_0004" 5426
"/Engine/EngineMaterials/Substrate/GLints/dict_16_192_64_0p5_0p02_0034_0003" 5427
"/Engine/EngineMaterials/Substrate/GLints/dict_16_192_64_0p5_0p02_0034_0002" 5428
"/Engine/EngineMaterials/Substrate/GLints/dict_16_192_64_0p5_0p02_0034_0001" 5429
"/Engine/EngineMaterials/Substrate/GLints/dict_16_192_64_0p5_0p02_0035_0002" 5430
"/Engine/EngineMaterials/Substrate/GLints/dict_16_192_64_0p5_0p02_0034_0000" 5431
"/Engine/EngineMaterials/Substrate/GLints/dict_16_192_64_0p5_0p02_0033_0015" 5432
"/Engine/EngineMaterials/Substrate/GLints/dict_16_192_64_0p5_0p02_0034_0013" 5433
"/Engine/EngineMaterials/Substrate/GLints/dict_16_192_64_0p5_0p02_0034_0012" 5434
"/Engine/EngineMaterials/Substrate/GLints/dict_16_192_64_0p5_0p02_0034_0011" 5435
"/Engine/EngineMaterials/Substrate/GLints/dict_16_192_64_0p5_0p02_0033_0011" 5436
"../../../Engine/Content/EngineMaterials/Substrate/GLints/dict_16_192_64_0p5_0p02_0036_0000.uasset" 5437
"../../../Engine/Content/EngineMaterials/Substrate/GLints/dict_16_192_64_0p5_0p02_0035_0014.uasset" 5438
"../../../Engine/Content/EngineMaterials/Substrate/GLints/dict_16_192_64_0p5_0p02_0036_0004.uasset" 5439
"../../../Engine/Content/EngineMaterials/Substrate/GLints/dict_16_192_64_0p5_0p02_0036_0007.uasset" 5440
"../../../Engine/Content/EngineMaterials/Substrate/GLints/dict_16_192_64_0p5_0p02_0036_0006.uasset" 5441
"../../../Engine/Content/EngineMaterials/Substrate/GLints/dict_16_192_64_0p5_0p02_0036_0009.uasset" 5442
"../../../Engine/Content/EngineMaterials/Substrate/GLints/dict_16_192_64_0p5_0p02_0036_0008.uasset" 5443
"../../../Engine/Content/EngineMaterials/Substrate/GLints/dict_16_192_64_0p5_0p02_0036_0010.uasset" 5444
"../../../Engine/Content/EngineMaterials/Substrate/GLints/dict_16_192_64_0p5_0p02_0036_0011.uasset" 5445
"../../../Engine/Content/EngineMaterials/Substrate/GLints/dict_16_192_64_0p5_0p02_0036_0005.uasset" 5446
"../../../Engine/Content/EngineMaterials/Substrate/GLints/dict_16_192_64_0p5_0p02_0036_0013.uasset" 5447
"../../../Engine/Content/EngineMaterials/Substrate/GLints/dict_16_192_64_0p5_0p02_0035_0015.uasset" 5448
"../../../Engine/Content/EngineMaterials/Substrate/GLints/dict_16_192_64_0p5_0p02_0036_0002.uasset" 5449
"/Engine/EngineMaterials/Substrate/GLints/dict_16_192_64_0p5_0p02_0035_0013" 5450
"../../../Engine/Content/EngineMaterials/Substrate/GLints/dict_16_192_64_0p5_0p02_0036_0012.uasset" 5451
"../../../Engine/Content/EngineMaterials/Substrate/GLints/dict_16_192_64_0p5_0p02_0036_0003.uasset" 5452
"../../../Engine/Content/EngineMaterials/Substrate/GLints/dict_16_192_64_0p5_0p02_0036_0001.uasset" 5453
"/Engine/EngineMaterials/Substrate/GLints/dict_16_192_64_0p5_0p02_0035_0012" 5454
"/Engine/EngineMaterials/Substrate/GLints/dict_16_192_64_0p5_0p02_0035_0011" 5455
"/Engine/EngineMaterials/Substrate/GLints/dict_16_192_64_0p5_0p02_0035_0010" 5456
"/Engine/EngineMaterials/Substrate/GLints/dict_16_192_64_0p5_0p02_0035_0009" 5457
"/Engine/EngineMaterials/Substrate/GLints/dict_16_192_64_0p5_0p02_0035_0008" 5458
"/Engine/EngineMaterials/Substrate/GLints/dict_16_192_64_0p5_0p02_0035_0007" 5459
"/Engine/EngineMaterials/Substrate/GLints/dict_16_192_64_0p5_0p02_0035_0006" 5460
"/Engine/EngineMaterials/Substrate/GLints/dict_16_192_64_0p5_0p02_0035_0005" 5461
"/Engine/EngineMaterials/Substrate/GLints/dict_16_192_64_0p5_0p02_0035_0004" 5462
"/Engine/EngineMaterials/Substrate/GLints/dict_16_192_64_0p5_0p02_0035_0003" 5463
"/Engine/EngineMaterials/Substrate/GLints/dict_16_192_64_0p5_0p02_0036_0004" 5464
"/Engine/EngineMaterials/Substrate/GLints/dict_16_192_64_0p5_0p02_0035_0001" 5465
"/Engine/EngineMaterials/Substrate/GLints/dict_16_192_64_0p5_0p02_0035_0000" 5466
"/Engine/EngineMaterials/Substrate/GLints/dict_16_192_64_0p5_0p02_0034_0015" 5467
"/Engine/EngineMaterials/Substrate/GLints/dict_16_192_64_0p5_0p02_0034_0014" 5468
"/Engine/EngineMaterials/Substrate/GLints/dict_16_192_64_0p5_0p02_0036_0000" 5469
"/Engine/EngineMaterials/Substrate/GLints/dict_16_192_64_0p5_0p02_0035_0014" 5470
"/Engine/EngineMaterials/Substrate/GLints/dict_16_192_64_0p5_0p02_0034_0010" 5471
"../../../Engine/Content/EngineMaterials/Substrate/GLints/dict_16_192_64_0p5_0p02_0036_0014.uasset" 5472
"../../../Engine/Content/EngineMaterials/Substrate/GLints/dict_16_192_64_0p5_0p02_0037_0002.uasset" 5473
"../../../Engine/Content/EngineMaterials/Substrate/GLints/dict_16_192_64_0p5_0p02_0037_0005.uasset" 5474
"../../../Engine/Content/EngineMaterials/Substrate/GLints/dict_16_192_64_0p5_0p02_0037_0006.uasset" 5475
"../../../Engine/Content/EngineMaterials/Substrate/GLints/dict_16_192_64_0p5_0p02_0037_0007.uasset" 5476
"../../../Engine/Content/EngineMaterials/Substrate/GLints/dict_16_192_64_0p5_0p02_0037_0008.uasset" 5477
"../../../Engine/Content/EngineMaterials/Substrate/GLints/dict_16_192_64_0p5_0p02_0037_0011.uasset" 5478
"../../../Engine/Content/EngineMaterials/Substrate/GLints/dict_16_192_64_0p5_0p02_0036_0015.uasset" 5479
"../../../Engine/Content/EngineMaterials/Substrate/GLints/dict_16_192_64_0p5_0p02_0037_0013.uasset" 5480
"../../../Engine/Content/EngineMaterials/Substrate/GLints/dict_16_192_64_0p5_0p02_0037_0014.uasset" 5481
"../../../Engine/Content/EngineMaterials/Substrate/GLints/dict_16_192_64_0p5_0p02_0037_0003.uasset" 5482
"/Engine/EngineMaterials/Substrate/GLints/dict_16_192_64_0p5_0p02_0036_0013" 5483
"../../../Engine/Content/EngineMaterials/Substrate/GLints/dict_16_192_64_0p5_0p02_0037_0000.uasset" 5484
"../../../Engine/Content/EngineMaterials/Substrate/GLints/dict_16_192_64_0p5_0p02_0037_0009.uasset" 5485
"../../../Engine/Content/EngineMaterials/Substrate/GLints/dict_16_192_64_0p5_0p02_0037_0001.uasset" 5486
"../../../Engine/Content/EngineMaterials/Substrate/GLints/dict_16_192_64_0p5_0p02_0037_0012.uasset" 5487
"../../../Engine/Content/EngineMaterials/Substrate/GLints/dict_16_192_64_0p5_0p02_0037_0015.uasset" 5488
"../../../Engine/Content/EngineMaterials/Substrate/GLints/dict_16_192_64_0p5_0p02_0037_0004.uasset" 5489
"../../../Engine/Content/EngineMaterials/Substrate/GLints/dict_16_192_64_0p5_0p02_0038_0000.uasset" 5490
"../../../Engine/Content/EngineMaterials/Substrate/GLints/dict_16_192_64_0p5_0p02_0037_0010.uasset" 5491
"/Engine/EngineMaterials/Substrate/GLints/dict_16_192_64_0p5_0p02_0036_0012" 5492
"/Engine/EngineMaterials/Substrate/GLints/dict_16_192_64_0p5_0p02_0036_0011" 5493
"/Engine/EngineMaterials/Substrate/GLints/dict_16_192_64_0p5_0p02_0036_0010" 5494
"/Engine/EngineMaterials/Substrate/GLints/dict_16_192_64_0p5_0p02_0036_0009" 5495
"/Engine/EngineMaterials/Substrate/GLints/dict_16_192_64_0p5_0p02_0036_0008" 5496
"/Engine/EngineMaterials/Substrate/GLints/dict_16_192_64_0p5_0p02_0036_0007" 5497
"/Engine/EngineMaterials/Substrate/GLints/dict_16_192_64_0p5_0p02_0036_0006" 5498
"/Engine/EngineMaterials/Substrate/GLints/dict_16_192_64_0p5_0p02_0036_0005" 5499
"/Engine/EngineMaterials/Substrate/GLints/dict_16_192_64_0p5_0p02_0037_0005" 5500
"/Engine/EngineMaterials/Substrate/GLints/dict_16_192_64_0p5_0p02_0036_0003" 5501
"/Engine/EngineMaterials/Substrate/GLints/dict_16_192_64_0p5_0p02_0036_0002" 5502
"/Engine/EngineMaterials/Substrate/GLints/dict_16_192_64_0p5_0p02_0037_0002" 5503
"/Engine/EngineMaterials/Substrate/GLints/dict_16_192_64_0p5_0p02_0036_0001" 5504
"/Engine/EngineMaterials/Substrate/GLints/dict_16_192_64_0p5_0p02_0035_0015" 5505
"/Engine/EngineMaterials/Substrate/GLints/dict_16_192_64_0p5_0p02_0036_0014" 5506
"../../../Engine/Content/EngineMaterials/Substrate/GLints/dict_16_192_64_0p5_0p02_0038_0001.uasset" 5507
"../../../Engine/Content/EngineMaterials/Substrate/GLints/dict_16_192_64_0p5_0p02_0038_0004.uasset" 5508
"../../../Engine/Content/EngineMaterials/Substrate/GLints/dict_16_192_64_0p5_0p02_0038_0003.uasset" 5509
"../../../Engine/Content/EngineMaterials/Substrate/GLints/dict_16_192_64_0p5_0p02_0038_0010.uasset" 5510
"../../../Engine/Content/EngineMaterials/Substrate/GLints/dict_16_192_64_0p5_0p02_0038_0008.uasset" 5511
"../../../Engine/Content/EngineMaterials/Substrate/GLints/dict_16_192_64_0p5_0p02_0038_0006.uasset" 5512
"../../../Engine/Content/EngineMaterials/Substrate/GLints/dict_16_192_64_0p5_0p02_0038_0007.uasset" 5513
"../../../Engine/Content/EngineMaterials/Substrate/GLints/dict_16_192_64_0p5_0p02_0038_0013.uasset" 5514
"../../../Engine/Content/EngineMaterials/Substrate/GLints/dict_16_192_64_0p5_0p02_0038_0015.uasset" 5515
"../../../Engine/Content/EngineMaterials/Substrate/GLints/dict_16_192_64_0p5_0p02_0038_0005.uasset" 5516
"../../../Engine/Content/EngineMaterials/Substrate/GLints/dict_16_192_64_0p5_0p02_0038_0002.uasset" 5517
"../../../Engine/Content/EngineMaterials/Substrate/GLints/dict_16_192_64_0p5_0p02_0038_0012.uasset" 5518
"../../../Engine/Content/EngineMaterials/Substrate/GLints/dict_16_192_64_0p5_0p02_0038_0011.uasset" 5519
"../../../Engine/Content/EngineMaterials/Substrate/GLints/dict_16_192_64_0p5_0p02_0038_0014.uasset" 5520
"../../../Engine/Content/EngineMaterials/Substrate/GLints/dict_16_192_64_0p5_0p02_0038_0009.uasset" 5521
"../../../Engine/Content/EngineMaterials/Substrate/GLints/dict_16_192_64_0p5_0p02_0039_0000.uasset" 5522
"/Engine/EngineMaterials/Substrate/GLints/dict_16_192_64_0p5_0p02_0038_0000" 5523
"/Engine/EngineMaterials/Substrate/GLints/dict_16_192_64_0p5_0p02_0037_0015" 5524
"/Engine/EngineMaterials/Substrate/GLints/dict_16_192_64_0p5_0p02_0037_0014" 5525
"/Engine/EngineMaterials/Substrate/GLints/dict_16_192_64_0p5_0p02_0037_0013" 5526
"/Engine/EngineMaterials/Substrate/GLints/dict_16_192_64_0p5_0p02_0037_0012" 5527
"/Engine/EngineMaterials/Substrate/GLints/dict_16_192_64_0p5_0p02_0037_0011" 5528
"/Engine/EngineMaterials/Substrate/GLints/dict_16_192_64_0p5_0p02_0037_0010" 5529
"/Engine/EngineMaterials/Substrate/GLints/dict_16_192_64_0p5_0p02_0037_0009" 5530
"/Engine/EngineMaterials/Substrate/GLints/dict_16_192_64_0p5_0p02_0037_0008" 5531
"/Engine/EngineMaterials/Substrate/GLints/dict_16_192_64_0p5_0p02_0037_0007" 5532
"/Engine/EngineMaterials/Substrate/GLints/dict_16_192_64_0p5_0p02_0037_0006" 5533
"/Engine/EngineMaterials/Substrate/GLints/dict_16_192_64_0p5_0p02_0037_0004" 5534
"/Engine/EngineMaterials/Substrate/GLints/dict_16_192_64_0p5_0p02_0037_0003" 5535
"/Engine/EngineMaterials/Substrate/GLints/dict_16_192_64_0p5_0p02_0038_0004" 5536
"/Engine/EngineMaterials/Substrate/GLints/dict_16_192_64_0p5_0p02_0037_0001" 5537
"/Engine/EngineMaterials/Substrate/GLints/dict_16_192_64_0p5_0p02_0038_0003" 5538
"/Engine/EngineMaterials/Substrate/GLints/dict_16_192_64_0p5_0p02_0037_0000" 5539
"/Engine/EngineMaterials/Substrate/GLints/dict_16_192_64_0p5_0p02_0036_0015" 5540
"/Engine/EngineMaterials/Substrate/GLints/dict_16_192_64_0p5_0p02_0038_0001" 5541
"../../../Engine/Content/EngineMaterials/Substrate/GLints/dict_16_192_64_0p5_0p02_0039_0001.uasset" 5542
"../../../Engine/Content/EngineMaterials/Substrate/GLints/dict_16_192_64_0p5_0p02_0039_0003.uasset" 5543
"../../../Engine/Content/EngineMaterials/Substrate/GLints/dict_16_192_64_0p5_0p02_0039_0004.uasset" 5544
"../../../Engine/Content/EngineMaterials/Substrate/GLints/dict_16_192_64_0p5_0p02_0039_0008.uasset" 5545
"../../../Engine/Content/EngineMaterials/Substrate/GLints/dict_16_192_64_0p5_0p02_0039_0010.uasset" 5546
"../../../Engine/Content/EngineMaterials/Substrate/GLints/dict_16_192_64_0p5_0p02_0039_0011.uasset" 5547
"../../../Engine/Content/EngineMaterials/Substrate/GLints/dict_16_192_64_0p5_0p02_0039_0012.uasset" 5548
"../../../Engine/Content/EngineMaterials/Substrate/GLints/dict_16_192_64_0p5_0p02_0039_0007.uasset" 5549
"../../../Engine/Content/EngineMaterials/Substrate/GLints/dict_16_192_64_0p5_0p02_0039_0014.uasset" 5550
"../../../Engine/Content/EngineMaterials/Substrate/GLints/dict_16_192_64_0p5_0p02_0040_0000.uasset" 5551
"../../../Engine/Content/EngineMaterials/Substrate/GLints/dict_16_192_64_0p5_0p02_0040_0002.uasset" 5552
"../../../Engine/Content/EngineMaterials/Substrate/GLints/dict_16_192_64_0p5_0p02_0040_0001.uasset" 5553
"../../../Engine/Content/EngineMaterials/Substrate/GLints/dict_16_192_64_0p5_0p02_0040_0003.uasset" 5554
"../../../Engine/Content/EngineMaterials/Substrate/GLints/dict_16_192_64_0p5_0p02_0039_0005.uasset" 5555
"../../../Engine/Content/EngineMaterials/Substrate/GLints/dict_16_192_64_0p5_0p02_0039_0013.uasset" 5556
"../../../Engine/Content/EngineMaterials/Substrate/GLints/dict_16_192_64_0p5_0p02_0039_0015.uasset" 5557
"../../../Engine/Content/EngineMaterials/Substrate/GLints/dict_16_192_64_0p5_0p02_0039_0002.uasset" 5558
"../../../Engine/Content/EngineMaterials/Substrate/GLints/dict_16_192_64_0p5_0p02_0039_0009.uasset" 5559
"../../../Engine/Content/EngineMaterials/Substrate/GLints/dict_16_192_64_0p5_0p02_0039_0006.uasset" 5560
"/Engine/EngineMaterials/Substrate/GLints/dict_16_192_64_0p5_0p02_0039_0000" 5561
"/Engine/EngineMaterials/Substrate/GLints/dict_16_192_64_0p5_0p02_0038_0015" 5562
"/Engine/EngineMaterials/Substrate/GLints/dict_16_192_64_0p5_0p02_0038_0014" 5563
"/Engine/EngineMaterials/Substrate/GLints/dict_16_192_64_0p5_0p02_0038_0013" 5564
"/Engine/EngineMaterials/Substrate/GLints/dict_16_192_64_0p5_0p02_0038_0012" 5565
"/Engine/EngineMaterials/Substrate/GLints/dict_16_192_64_0p5_0p02_0038_0011" 5566
"/Engine/EngineMaterials/Substrate/GLints/dict_16_192_64_0p5_0p02_0038_0010" 5567
"/Engine/EngineMaterials/Substrate/GLints/dict_16_192_64_0p5_0p02_0038_0009" 5568
"/Engine/EngineMaterials/Substrate/GLints/dict_16_192_64_0p5_0p02_0038_0008" 5569
"/Engine/EngineMaterials/Substrate/GLints/dict_16_192_64_0p5_0p02_0038_0007" 5570
"/Engine/EngineMaterials/Substrate/GLints/dict_16_192_64_0p5_0p02_0038_0006" 5571
"/Engine/EngineMaterials/Substrate/GLints/dict_16_192_64_0p5_0p02_0038_0005" 5572
"/Engine/EngineMaterials/Substrate/GLints/dict_16_192_64_0p5_0p02_0039_0004" 5573
"/Engine/EngineMaterials/Substrate/GLints/dict_16_192_64_0p5_0p02_0039_0003" 5574
"/Engine/EngineMaterials/Substrate/GLints/dict_16_192_64_0p5_0p02_0038_0002" 5575
"/Engine/EngineMaterials/Substrate/GLints/dict_16_192_64_0p5_0p02_0039_0001" 5576
"../../../Engine/Content/EngineMaterials/Substrate/GLints/dict_16_192_64_0p5_0p02_0040_0004.uasset" 5577
"../../../Engine/Content/EngineMaterials/Substrate/GLints/dict_16_192_64_0p5_0p02_0040_0006.uasset" 5578
"../../../Engine/Content/EngineMaterials/Substrate/GLints/dict_16_192_64_0p5_0p02_0040_0009.uasset" 5579
"../../../Engine/Content/EngineMaterials/Substrate/GLints/dict_16_192_64_0p5_0p02_0040_0007.uasset" 5580
"../../../Engine/Content/EngineMaterials/Substrate/GLints/dict_16_192_64_0p5_0p02_0040_0011.uasset" 5581
"../../../Engine/Content/EngineMaterials/Substrate/GLints/dict_16_192_64_0p5_0p02_0040_0005.uasset" 5582
"../../../Engine/Content/EngineMaterials/Substrate/GLints/dict_16_192_64_0p5_0p02_0041_0002.uasset" 5583
"../../../Engine/Content/EngineMaterials/Substrate/GLints/dict_16_192_64_0p5_0p02_0040_0015.uasset" 5584
"../../../Engine/Content/EngineMaterials/Substrate/GLints/dict_16_192_64_0p5_0p02_0040_0008.uasset" 5585
"../../../Engine/Content/EngineMaterials/Substrate/GLints/dict_16_192_64_0p5_0p02_0040_0012.uasset" 5586
"../../../Engine/Content/EngineMaterials/Substrate/GLints/dict_16_192_64_0p5_0p02_0040_0010.uasset" 5587
"../../../Engine/Content/EngineMaterials/Substrate/GLints/dict_16_192_64_0p5_0p02_0041_0000.uasset" 5588
"../../../Engine/Content/EngineMaterials/Substrate/GLints/dict_16_192_64_0p5_0p02_0041_0001.uasset" 5589
"../../../Engine/Content/EngineMaterials/Substrate/GLints/dict_16_192_64_0p5_0p02_0040_0013.uasset" 5590
"../../../Engine/Content/EngineMaterials/Substrate/GLints/dict_16_192_64_0p5_0p02_0041_0003.uasset" 5591
"../../../Engine/Content/EngineMaterials/Substrate/GLints/dict_16_192_64_0p5_0p02_0040_0014.uasset" 5592
"/Engine/EngineMaterials/Substrate/GLints/dict_16_192_64_0p5_0p02_0040_0003" 5593
"/Engine/EngineMaterials/Substrate/GLints/dict_16_192_64_0p5_0p02_0040_0002" 5594
"/Engine/EngineMaterials/Substrate/GLints/dict_16_192_64_0p5_0p02_0040_0001" 5595
"/Engine/EngineMaterials/Substrate/GLints/dict_16_192_64_0p5_0p02_0040_0000" 5596
"/Engine/EngineMaterials/Substrate/GLints/dict_16_192_64_0p5_0p02_0039_0015" 5597
"/Engine/EngineMaterials/Substrate/GLints/dict_16_192_64_0p5_0p02_0039_0014" 5598
"/Engine/EngineMaterials/Substrate/GLints/dict_16_192_64_0p5_0p02_0039_0013" 5599
"/Engine/EngineMaterials/Substrate/GLints/dict_16_192_64_0p5_0p02_0039_0012" 5600
"/Engine/EngineMaterials/Substrate/GLints/dict_16_192_64_0p5_0p02_0039_0011" 5601
"/Engine/EngineMaterials/Substrate/GLints/dict_16_192_64_0p5_0p02_0039_0010" 5602
"/Engine/EngineMaterials/Substrate/GLints/dict_16_192_64_0p5_0p02_0039_0009" 5603
"/Engine/EngineMaterials/Substrate/GLints/dict_16_192_64_0p5_0p02_0040_0011" 5604
"/Engine/EngineMaterials/Substrate/GLints/dict_16_192_64_0p5_0p02_0039_0008" 5605
"/Engine/EngineMaterials/Substrate/GLints/dict_16_192_64_0p5_0p02_0040_0009" 5606
"/Engine/EngineMaterials/Substrate/GLints/dict_16_192_64_0p5_0p02_0039_0007" 5607
"/Engine/EngineMaterials/Substrate/GLints/dict_16_192_64_0p5_0p02_0039_0006" 5608
"/Engine/EngineMaterials/Substrate/GLints/dict_16_192_64_0p5_0p02_0039_0005" 5609
"/Engine/EngineMaterials/Substrate/GLints/dict_16_192_64_0p5_0p02_0040_0007" 5610
"/Engine/EngineMaterials/Substrate/GLints/dict_16_192_64_0p5_0p02_0040_0006" 5611
"/Engine/EngineMaterials/Substrate/GLints/dict_16_192_64_0p5_0p02_0040_0005" 5612
"/Engine/EngineMaterials/Substrate/GLints/dict_16_192_64_0p5_0p02_0039_0002" 5613
"/Engine/EngineMaterials/Substrate/GLints/dict_16_192_64_0p5_0p02_0040_0004" 5614
"../../../Engine/Content/EngineMaterials/Substrate/GLints/dict_16_192_64_0p5_0p02_0041_0004.uasset" 5615
"../../../Engine/Content/EngineMaterials/Substrate/GLints/dict_16_192_64_0p5_0p02_0041_0009.uasset" 5616
"../../../Engine/Content/EngineMaterials/Substrate/GLints/dict_16_192_64_0p5_0p02_0041_0005.uasset" 5617
"../../../Engine/Content/EngineMaterials/Substrate/GLints/dict_16_192_64_0p5_0p02_0041_0015.uasset" 5618
"../../../Engine/Content/EngineMaterials/Substrate/GLints/dict_16_192_64_0p5_0p02_0041_0013.uasset" 5619
"../../../Engine/Content/EngineMaterials/Substrate/GLints/dict_16_192_64_0p5_0p02_0041_0010.uasset" 5620
"../../../Engine/Content/EngineMaterials/Substrate/GLints/dict_16_192_64_0p5_0p02_0041_0011.uasset" 5621
"../../../Engine/Content/EngineMaterials/Substrate/GLints/dict_16_192_64_0p5_0p02_0042_0002.uasset" 5622
"../../../Engine/Content/EngineMaterials/Substrate/GLints/dict_16_192_64_0p5_0p02_0042_0000.uasset" 5623
"../../../Engine/Content/EngineMaterials/Substrate/GLints/dict_16_192_64_0p5_0p02_0042_0005.uasset" 5624
"../../../Engine/Content/EngineMaterials/Substrate/GLints/dict_16_192_64_0p5_0p02_0042_0004.uasset" 5625
"../../../Engine/Content/EngineMaterials/Substrate/GLints/dict_16_192_64_0p5_0p02_0042_0001.uasset" 5626
"../../../Engine/Content/EngineMaterials/Substrate/GLints/dict_16_192_64_0p5_0p02_0042_0008.uasset" 5627
"../../../Engine/Content/EngineMaterials/Substrate/GLints/dict_16_192_64_0p5_0p02_0042_0009.uasset" 5628
"../../../Engine/Content/EngineMaterials/Substrate/GLints/dict_16_192_64_0p5_0p02_0041_0007.uasset" 5629
"../../../Engine/Content/EngineMaterials/Substrate/GLints/dict_16_192_64_0p5_0p02_0041_0014.uasset" 5630
"../../../Engine/Content/EngineMaterials/Substrate/GLints/dict_16_192_64_0p5_0p02_0041_0012.uasset" 5631
"../../../Engine/Content/EngineMaterials/Substrate/GLints/dict_16_192_64_0p5_0p02_0041_0006.uasset" 5632
"../../../Engine/Content/EngineMaterials/Substrate/GLints/dict_16_192_64_0p5_0p02_0042_0003.uasset" 5633
"../../../Engine/Content/EngineMaterials/Substrate/GLints/dict_16_192_64_0p5_0p02_0042_0006.uasset" 5634
"../../../Engine/Content/EngineMaterials/Substrate/GLints/dict_16_192_64_0p5_0p02_0041_0008.uasset" 5635
"../../../Engine/Content/EngineMaterials/Substrate/GLints/dict_16_192_64_0p5_0p02_0042_0007.uasset" 5636
"/Engine/EngineMaterials/Substrate/GLints/dict_16_192_64_0p5_0p02_0041_0003" 5637
"/Engine/EngineMaterials/Substrate/GLints/dict_16_192_64_0p5_0p02_0041_0002" 5638
"/Engine/EngineMaterials/Substrate/GLints/dict_16_192_64_0p5_0p02_0041_0001" 5639
"/Engine/EngineMaterials/Substrate/GLints/dict_16_192_64_0p5_0p02_0041_0000" 5640
"/Engine/EngineMaterials/Substrate/GLints/dict_16_192_64_0p5_0p02_0040_0015" 5641
"/Engine/EngineMaterials/Substrate/GLints/dict_16_192_64_0p5_0p02_0040_0014" 5642
"/Engine/EngineMaterials/Substrate/GLints/dict_16_192_64_0p5_0p02_0040_0013" 5643
"/Engine/EngineMaterials/Substrate/GLints/dict_16_192_64_0p5_0p02_0040_0012" 5644
"/Engine/EngineMaterials/Substrate/GLints/dict_16_192_64_0p5_0p02_0041_0015" 5645
"/Engine/EngineMaterials/Substrate/GLints/dict_16_192_64_0p5_0p02_0040_0010" 5646
"/Engine/EngineMaterials/Substrate/GLints/dict_16_192_64_0p5_0p02_0041_0013" 5647
"/Engine/EngineMaterials/Substrate/GLints/dict_16_192_64_0p5_0p02_0040_0008" 5648
"/Engine/EngineMaterials/Substrate/GLints/dict_16_192_64_0p5_0p02_0041_0009" 5649
"/Engine/EngineMaterials/Substrate/GLints/dict_16_192_64_0p5_0p02_0041_0005" 5650
"/Engine/EngineMaterials/Substrate/GLints/dict_16_192_64_0p5_0p02_0041_0004" 5651
"../../../Engine/Content/EngineMaterials/Substrate/GLints/dict_16_192_64_0p5_0p02_0042_0015.uasset" 5652
"../../../Engine/Content/EngineMaterials/Substrate/GLints/dict_16_192_64_0p5_0p02_0043_0003.uasset" 5653
"../../../Engine/Content/EngineMaterials/Substrate/GLints/dict_16_192_64_0p5_0p02_0043_0006.uasset" 5654
"../../../Engine/Content/EngineMaterials/Substrate/GLints/dict_16_192_64_0p5_0p02_0042_0014.uasset" 5655
"../../../Engine/Content/EngineMaterials/Substrate/GLints/dict_16_192_64_0p5_0p02_0042_0010.uasset" 5656
"../../../Engine/Content/EngineMaterials/Substrate/GLints/dict_16_192_64_0p5_0p02_0043_0007.uasset" 5657
"../../../Engine/Content/EngineMaterials/Substrate/GLints/dict_16_192_64_0p5_0p02_0043_0008.uasset" 5658
"../../../Engine/Content/EngineMaterials/Substrate/GLints/dict_16_192_64_0p5_0p02_0043_0002.uasset" 5659
"../../../Engine/Content/EngineMaterials/Substrate/GLints/dict_16_192_64_0p5_0p02_0043_0001.uasset" 5660
"../../../Engine/Content/EngineMaterials/Substrate/GLints/dict_16_192_64_0p5_0p02_0043_0005.uasset" 5661
"../../../Engine/Content/EngineMaterials/Substrate/GLints/dict_16_192_64_0p5_0p02_0043_0004.uasset" 5662
"../../../Engine/Content/EngineMaterials/Substrate/GLints/dict_16_192_64_0p5_0p02_0042_0012.uasset" 5663
"../../../Engine/Content/EngineMaterials/Substrate/GLints/dict_16_192_64_0p5_0p02_0043_0000.uasset" 5664
"../../../Engine/Content/EngineMaterials/Substrate/GLints/dict_16_192_64_0p5_0p02_0042_0013.uasset" 5665
"/Engine/EngineMaterials/Substrate/GLints/dict_16_192_64_0p5_0p02_0042_0009" 5666
"../../../Engine/Content/EngineMaterials/Substrate/GLints/dict_16_192_64_0p5_0p02_0042_0011.uasset" 5667
"/Engine/EngineMaterials/Substrate/GLints/dict_16_192_64_0p5_0p02_0042_0008" 5668
"/Engine/EngineMaterials/Substrate/GLints/dict_16_192_64_0p5_0p02_0042_0007" 5669
"/Engine/EngineMaterials/Substrate/GLints/dict_16_192_64_0p5_0p02_0042_0006" 5670
"/Engine/EngineMaterials/Substrate/GLints/dict_16_192_64_0p5_0p02_0042_0005" 5671
"/Engine/EngineMaterials/Substrate/GLints/dict_16_192_64_0p5_0p02_0042_0004" 5672
"/Engine/EngineMaterials/Substrate/GLints/dict_16_192_64_0p5_0p02_0042_0003" 5673
"/Engine/EngineMaterials/Substrate/GLints/dict_16_192_64_0p5_0p02_0042_0002" 5674
"/Engine/EngineMaterials/Substrate/GLints/dict_16_192_64_0p5_0p02_0042_0001" 5675
"/Engine/EngineMaterials/Substrate/GLints/dict_16_192_64_0p5_0p02_0042_0000" 5676
"/Engine/EngineMaterials/Substrate/GLints/dict_16_192_64_0p5_0p02_0041_0014" 5677
"/Engine/EngineMaterials/Substrate/GLints/dict_16_192_64_0p5_0p02_0041_0012" 5678
"/Engine/EngineMaterials/Substrate/GLints/dict_16_192_64_0p5_0p02_0041_0011" 5679
"/Engine/EngineMaterials/Substrate/GLints/dict_16_192_64_0p5_0p02_0041_0010" 5680
"/Engine/EngineMaterials/Substrate/GLints/dict_16_192_64_0p5_0p02_0041_0008" 5681
"/Engine/EngineMaterials/Substrate/GLints/dict_16_192_64_0p5_0p02_0041_0007" 5682
"/Engine/EngineMaterials/Substrate/GLints/dict_16_192_64_0p5_0p02_0041_0006" 5683
"../../../Engine/Content/EngineMaterials/Substrate/GLints/dict_16_192_64_0p5_0p02_0043_0010.uasset" 5684
"../../../Engine/Content/EngineMaterials/Substrate/GLints/dict_16_192_64_0p5_0p02_0043_0013.uasset" 5685
"../../../Engine/Content/EngineMaterials/Substrate/GLints/dict_16_192_64_0p5_0p02_0044_0000.uasset" 5686
"../../../Engine/Content/EngineMaterials/Substrate/GLints/dict_16_192_64_0p5_0p02_0044_0003.uasset" 5687
"../../../Engine/Content/EngineMaterials/Substrate/GLints/dict_16_192_64_0p5_0p02_0043_0012.uasset" 5688
"../../../Engine/Content/EngineMaterials/Substrate/GLints/dict_16_192_64_0p5_0p02_0044_0006.uasset" 5689
"../../../Engine/Content/EngineMaterials/Substrate/GLints/dict_16_192_64_0p5_0p02_0044_0004.uasset" 5690
"../../../Engine/Content/EngineMaterials/Substrate/GLints/dict_16_192_64_0p5_0p02_0044_0008.uasset" 5691
"../../../Engine/Content/EngineMaterials/Substrate/GLints/dict_16_192_64_0p5_0p02_0044_0009.uasset" 5692
"../../../Engine/Content/EngineMaterials/Substrate/GLints/dict_16_192_64_0p5_0p02_0043_0014.uasset" 5693
"../../../Engine/Content/EngineMaterials/Substrate/GLints/dict_16_192_64_0p5_0p02_0043_0015.uasset" 5694
"../../../Engine/Content/EngineMaterials/Substrate/GLints/dict_16_192_64_0p5_0p02_0044_0001.uasset" 5695
"/Engine/EngineMaterials/Substrate/GLints/dict_16_192_64_0p5_0p02_0043_0008" 5696
"../../../Engine/Content/EngineMaterials/Substrate/GLints/dict_16_192_64_0p5_0p02_0043_0011.uasset" 5697
"../../../Engine/Content/EngineMaterials/Substrate/GLints/dict_16_192_64_0p5_0p02_0044_0002.uasset" 5698
"../../../Engine/Content/EngineMaterials/Substrate/GLints/dict_16_192_64_0p5_0p02_0044_0005.uasset" 5699
"../../../Engine/Content/EngineMaterials/Substrate/GLints/dict_16_192_64_0p5_0p02_0043_0009.uasset" 5700
"../../../Engine/Content/EngineMaterials/Substrate/GLints/dict_16_192_64_0p5_0p02_0044_0007.uasset" 5701
"/Engine/EngineMaterials/Substrate/GLints/dict_16_192_64_0p5_0p02_0043_0007" 5702
"/Engine/EngineMaterials/Substrate/GLints/dict_16_192_64_0p5_0p02_0043_0006" 5703
"/Engine/EngineMaterials/Substrate/GLints/dict_16_192_64_0p5_0p02_0043_0005" 5704
"/Engine/EngineMaterials/Substrate/GLints/dict_16_192_64_0p5_0p02_0043_0004" 5705
"/Engine/EngineMaterials/Substrate/GLints/dict_16_192_64_0p5_0p02_0043_0003" 5706
"/Engine/EngineMaterials/Substrate/GLints/dict_16_192_64_0p5_0p02_0043_0002" 5707
"/Engine/EngineMaterials/Substrate/GLints/dict_16_192_64_0p5_0p02_0044_0000" 5708
"/Engine/EngineMaterials/Substrate/GLints/dict_16_192_64_0p5_0p02_0043_0001" 5709
"/Engine/EngineMaterials/Substrate/GLints/dict_16_192_64_0p5_0p02_0043_0000" 5710
"/Engine/EngineMaterials/Substrate/GLints/dict_16_192_64_0p5_0p02_0042_0015" 5711
"/Engine/EngineMaterials/Substrate/GLints/dict_16_192_64_0p5_0p02_0042_0014" 5712
"/Engine/EngineMaterials/Substrate/GLints/dict_16_192_64_0p5_0p02_0043_0013" 5713
"/Engine/EngineMaterials/Substrate/GLints/dict_16_192_64_0p5_0p02_0042_0013" 5714
"/Engine/EngineMaterials/Substrate/GLints/dict_16_192_64_0p5_0p02_0043_0012" 5715
"/Engine/EngineMaterials/Substrate/GLints/dict_16_192_64_0p5_0p02_0042_0012" 5716
"/Engine/EngineMaterials/Substrate/GLints/dict_16_192_64_0p5_0p02_0043_0010" 5717
"/Engine/EngineMaterials/Substrate/GLints/dict_16_192_64_0p5_0p02_0042_0011" 5718
"/Engine/EngineMaterials/Substrate/GLints/dict_16_192_64_0p5_0p02_0042_0010" 5719
"../../../Engine/Content/EngineMaterials/Substrate/GLints/dict_16_192_64_0p5_0p02_0044_0012.uasset" 5720
"../../../Engine/Content/EngineMaterials/Substrate/GLints/dict_16_192_64_0p5_0p02_0044_0011.uasset" 5721
"../../../Engine/Content/EngineMaterials/Substrate/GLints/dict_16_192_64_0p5_0p02_0045_0000.uasset" 5722
"../../../Engine/Content/EngineMaterials/Substrate/GLints/dict_16_192_64_0p5_0p02_0045_0002.uasset" 5723
"../../../Engine/Content/EngineMaterials/Substrate/GLints/dict_16_192_64_0p5_0p02_0045_0001.uasset" 5724
"../../../Engine/Content/EngineMaterials/Substrate/GLints/dict_16_192_64_0p5_0p02_0045_0005.uasset" 5725
"../../../Engine/Content/EngineMaterials/Substrate/GLints/dict_16_192_64_0p5_0p02_0045_0007.uasset" 5726
"../../../Engine/Content/EngineMaterials/Substrate/GLints/dict_16_192_64_0p5_0p02_0045_0008.uasset" 5727
"../../../Engine/Content/EngineMaterials/Substrate/GLints/dict_16_192_64_0p5_0p02_0045_0003.uasset" 5728
"../../../Engine/Content/EngineMaterials/Substrate/GLints/dict_16_192_64_0p5_0p02_0045_0004.uasset" 5729
"/Engine/EngineMaterials/Substrate/GLints/dict_16_192_64_0p5_0p02_0044_0009" 5730
"../../../Engine/Content/EngineMaterials/Substrate/GLints/dict_16_192_64_0p5_0p02_0045_0011.uasset" 5731
"../../../Engine/Content/EngineMaterials/Substrate/GLints/dict_16_192_64_0p5_0p02_0044_0013.uasset" 5732
"../../../Engine/Content/EngineMaterials/Substrate/GLints/dict_16_192_64_0p5_0p02_0044_0015.uasset" 5733
"../../../Engine/Content/EngineMaterials/Substrate/GLints/dict_16_192_64_0p5_0p02_0044_0010.uasset" 5734
"../../../Engine/Content/EngineMaterials/Substrate/GLints/dict_16_192_64_0p5_0p02_0045_0006.uasset" 5735
"../../../Engine/Content/EngineMaterials/Substrate/GLints/dict_16_192_64_0p5_0p02_0045_0009.uasset" 5736
"../../../Engine/Content/EngineMaterials/Substrate/GLints/dict_16_192_64_0p5_0p02_0045_0010.uasset" 5737
"../../../Engine/Content/EngineMaterials/Substrate/GLints/dict_16_192_64_0p5_0p02_0044_0014.uasset" 5738
"../../../Engine/Content/EngineMaterials/Substrate/GLints/dict_16_192_64_0p5_0p02_0045_0012.uasset" 5739
"/Engine/EngineMaterials/Substrate/GLints/dict_16_192_64_0p5_0p02_0044_0008" 5740
"/Engine/EngineMaterials/Substrate/GLints/dict_16_192_64_0p5_0p02_0044_0007" 5741
"/Engine/EngineMaterials/Substrate/GLints/dict_16_192_64_0p5_0p02_0044_0006" 5742
"/Engine/EngineMaterials/Substrate/GLints/dict_16_192_64_0p5_0p02_0044_0005" 5743
"/Engine/EngineMaterials/Substrate/GLints/dict_16_192_64_0p5_0p02_0044_0004" 5744
"/Engine/EngineMaterials/Substrate/GLints/dict_16_192_64_0p5_0p02_0044_0003" 5745
"/Engine/EngineMaterials/Substrate/GLints/dict_16_192_64_0p5_0p02_0044_0002" 5746
"/Engine/EngineMaterials/Substrate/GLints/dict_16_192_64_0p5_0p02_0044_0001" 5747
"/Engine/EngineMaterials/Substrate/GLints/dict_16_192_64_0p5_0p02_0043_0015" 5748
"/Engine/EngineMaterials/Substrate/GLints/dict_16_192_64_0p5_0p02_0043_0014" 5749
"/Engine/EngineMaterials/Substrate/GLints/dict_16_192_64_0p5_0p02_0045_0000" 5750
"/Engine/EngineMaterials/Substrate/GLints/dict_16_192_64_0p5_0p02_0043_0011" 5751
"/Engine/EngineMaterials/Substrate/GLints/dict_16_192_64_0p5_0p02_0044_0012" 5752
"/Engine/EngineMaterials/Substrate/GLints/dict_16_192_64_0p5_0p02_0043_0009" 5753
"/Engine/EngineMaterials/Substrate/GLints/dict_16_192_64_0p5_0p02_0044_0011" 5754
"../../../Engine/Content/EngineMaterials/Substrate/GLints/dict_16_192_64_0p5_0p02_0045_0015.uasset" 5755
"../../../Engine/Content/EngineMaterials/Substrate/GLints/dict_16_192_64_0p5_0p02_0045_0013.uasset" 5756
"../../../Engine/Content/EngineMaterials/Substrate/GLints/dict_16_192_64_0p5_0p02_0046_0000.uasset" 5757
"../../../Engine/Content/EngineMaterials/Substrate/GLints/dict_16_192_64_0p5_0p02_0046_0005.uasset" 5758
"../../../Engine/Content/EngineMaterials/Substrate/GLints/dict_16_192_64_0p5_0p02_0046_0004.uasset" 5759
"../../../Engine/Content/EngineMaterials/Substrate/GLints/dict_16_192_64_0p5_0p02_0045_0014.uasset" 5760
"../../../Engine/Content/EngineMaterials/Substrate/GLints/dict_16_192_64_0p5_0p02_0046_0011.uasset" 5761
"../../../Engine/Content/EngineMaterials/Substrate/GLints/dict_16_192_64_0p5_0p02_0046_0002.uasset" 5762
"../../../Engine/Content/EngineMaterials/Substrate/GLints/dict_16_192_64_0p5_0p02_0046_0007.uasset" 5763
"/Engine/EngineMaterials/Substrate/GLints/dict_16_192_64_0p5_0p02_0045_0012" 5764
"../../../Engine/Content/EngineMaterials/Substrate/GLints/dict_16_192_64_0p5_0p02_0046_0008.uasset" 5765
"../../../Engine/Content/EngineMaterials/Substrate/GLints/dict_16_192_64_0p5_0p02_0046_0001.uasset" 5766
"../../../Engine/Content/EngineMaterials/Substrate/GLints/dict_16_192_64_0p5_0p02_0046_0003.uasset" 5767
"../../../Engine/Content/EngineMaterials/Substrate/GLints/dict_16_192_64_0p5_0p02_0046_0009.uasset" 5768
"../../../Engine/Content/EngineMaterials/Substrate/GLints/dict_16_192_64_0p5_0p02_0046_0006.uasset" 5769
"../../../Engine/Content/EngineMaterials/Substrate/GLints/dict_16_192_64_0p5_0p02_0046_0010.uasset" 5770
"../../../Engine/Content/EngineMaterials/Substrate/GLints/dict_16_192_64_0p5_0p02_0046_0012.uasset" 5771
"/Engine/EngineMaterials/Substrate/GLints/dict_16_192_64_0p5_0p02_0045_0011" 5772
"/Engine/EngineMaterials/Substrate/GLints/dict_16_192_64_0p5_0p02_0045_0010" 5773
"/Engine/EngineMaterials/Substrate/GLints/dict_16_192_64_0p5_0p02_0045_0009" 5774
"/Engine/EngineMaterials/Substrate/GLints/dict_16_192_64_0p5_0p02_0045_0008" 5775
"/Engine/EngineMaterials/Substrate/GLints/dict_16_192_64_0p5_0p02_0045_0007" 5776
"/Engine/EngineMaterials/Substrate/GLints/dict_16_192_64_0p5_0p02_0045_0006" 5777
"/Engine/EngineMaterials/Substrate/GLints/dict_16_192_64_0p5_0p02_0045_0005" 5778
"/Engine/EngineMaterials/Substrate/GLints/dict_16_192_64_0p5_0p02_0045_0004" 5779
"/Engine/EngineMaterials/Substrate/GLints/dict_16_192_64_0p5_0p02_0045_0003" 5780
"/Engine/EngineMaterials/Substrate/GLints/dict_16_192_64_0p5_0p02_0045_0002" 5781
"/Engine/EngineMaterials/Substrate/GLints/dict_16_192_64_0p5_0p02_0045_0001" 5782
"/Engine/EngineMaterials/Substrate/GLints/dict_16_192_64_0p5_0p02_0044_0015" 5783
"/Engine/EngineMaterials/Substrate/GLints/dict_16_192_64_0p5_0p02_0044_0014" 5784
"/Engine/EngineMaterials/Substrate/GLints/dict_16_192_64_0p5_0p02_0044_0013" 5785
"/Engine/EngineMaterials/Substrate/GLints/dict_16_192_64_0p5_0p02_0046_0000" 5786
"/Engine/EngineMaterials/Substrate/GLints/dict_16_192_64_0p5_0p02_0045_0015" 5787
"/Engine/EngineMaterials/Substrate/GLints/dict_16_192_64_0p5_0p02_0045_0013" 5788
"/Engine/EngineMaterials/Substrate/GLints/dict_16_192_64_0p5_0p02_0044_0010" 5789
"../../../Engine/Content/EngineMaterials/Substrate/GLints/dict_16_192_64_0p5_0p02_0046_0013.uasset" 5790
"../../../Engine/Content/EngineMaterials/Substrate/GLints/dict_16_192_64_0p5_0p02_0046_0015.uasset" 5791
"../../../Engine/Content/EngineMaterials/Substrate/GLints/dict_16_192_64_0p5_0p02_0047_0002.uasset" 5792
"../../../Engine/Content/EngineMaterials/Substrate/GLints/dict_16_192_64_0p5_0p02_0047_0005.uasset" 5793
"../../../Engine/Content/EngineMaterials/Substrate/GLints/dict_16_192_64_0p5_0p02_0047_0009.uasset" 5794
"../../../Engine/Content/EngineMaterials/Substrate/GLints/dict_16_192_64_0p5_0p02_0047_0001.uasset" 5795
"../../../Engine/Content/EngineMaterials/Substrate/GLints/dict_16_192_64_0p5_0p02_0047_0010.uasset" 5796
"../../../Engine/Content/EngineMaterials/Substrate/GLints/dict_16_192_64_0p5_0p02_0047_0011.uasset" 5797
"../../../Engine/Content/EngineMaterials/Substrate/GLints/dict_16_192_64_0p5_0p02_0047_0003.uasset" 5798
"../../../Engine/Content/EngineMaterials/Substrate/GLints/dict_16_192_64_0p5_0p02_0047_0008.uasset" 5799
"../../../Engine/Content/EngineMaterials/Substrate/GLints/dict_16_192_64_0p5_0p02_0047_0015.uasset" 5800
"../../../Engine/Content/EngineMaterials/Substrate/GLints/dict_16_192_64_0p5_0p02_0046_0014.uasset" 5801
"/Engine/EngineMaterials/Substrate/GLints/dict_16_192_64_0p5_0p02_0046_0012" 5802
"../../../Engine/Content/EngineMaterials/Substrate/GLints/dict_16_192_64_0p5_0p02_0047_0007.uasset" 5803
"../../../Engine/Content/EngineMaterials/Substrate/GLints/dict_16_192_64_0p5_0p02_0047_0004.uasset" 5804
"../../../Engine/Content/EngineMaterials/Substrate/GLints/dict_16_192_64_0p5_0p02_0047_0000.uasset" 5805
"../../../Engine/Content/EngineMaterials/Substrate/GLints/dict_16_192_64_0p5_0p02_0047_0012.uasset" 5806
"../../../Engine/Content/EngineMaterials/Substrate/GLints/dict_16_192_64_0p5_0p02_0047_0014.uasset" 5807
"../../../Engine/Content/EngineMaterials/Substrate/GLints/dict_16_192_64_0p5_0p02_0047_0013.uasset" 5808
"../../../Engine/Content/EngineMaterials/Substrate/GLints/dict_16_192_64_0p5_0p02_0047_0006.uasset" 5809
"/Engine/EngineMaterials/Substrate/GLints/dict_16_192_64_0p5_0p02_0046_0011" 5810
"/Engine/EngineMaterials/Substrate/GLints/dict_16_192_64_0p5_0p02_0046_0010" 5811
"/Engine/EngineMaterials/Substrate/GLints/dict_16_192_64_0p5_0p02_0046_0009" 5812
"/Engine/EngineMaterials/Substrate/GLints/dict_16_192_64_0p5_0p02_0046_0008" 5813
"/Engine/EngineMaterials/Substrate/GLints/dict_16_192_64_0p5_0p02_0046_0007" 5814
"/Engine/EngineMaterials/Substrate/GLints/dict_16_192_64_0p5_0p02_0046_0006" 5815
"/Engine/EngineMaterials/Substrate/GLints/dict_16_192_64_0p5_0p02_0046_0005" 5816
"/Engine/EngineMaterials/Substrate/GLints/dict_16_192_64_0p5_0p02_0046_0004" 5817
"/Engine/EngineMaterials/Substrate/GLints/dict_16_192_64_0p5_0p02_0046_0003" 5818
"/Engine/EngineMaterials/Substrate/GLints/dict_16_192_64_0p5_0p02_0047_0005" 5819
"/Engine/EngineMaterials/Substrate/GLints/dict_16_192_64_0p5_0p02_0046_0002" 5820
"/Engine/EngineMaterials/Substrate/GLints/dict_16_192_64_0p5_0p02_0046_0001" 5821
"/Engine/EngineMaterials/Substrate/GLints/dict_16_192_64_0p5_0p02_0047_0002" 5822
"/Engine/EngineMaterials/Substrate/GLints/dict_16_192_64_0p5_0p02_0047_0001" 5823
"/Engine/EngineMaterials/Substrate/GLints/dict_16_192_64_0p5_0p02_0046_0015" 5824
"/Engine/EngineMaterials/Substrate/GLints/dict_16_192_64_0p5_0p02_0045_0014" 5825
"/Engine/EngineMaterials/Substrate/GLints/dict_16_192_64_0p5_0p02_0046_0013" 5826
"../../../Engine/Content/EngineMaterials/Substrate/GLints/dict_16_192_64_0p5_0p02_0048_0002.uasset" 5827
"../../../Engine/Content/EngineMaterials/Substrate/GLints/dict_16_192_64_0p5_0p02_0048_0000.uasset" 5828
"../../../Engine/Content/EngineMaterials/Substrate/GLints/dict_16_192_64_0p5_0p02_0048_0005.uasset" 5829
"../../../Engine/Content/EngineMaterials/Substrate/GLints/dict_16_192_64_0p5_0p02_0048_0011.uasset" 5830
"../../../Engine/Content/EngineMaterials/Substrate/GLints/dict_16_192_64_0p5_0p02_0048_0007.uasset" 5831
"../../../Engine/Content/EngineMaterials/Substrate/GLints/dict_16_192_64_0p5_0p02_0048_0010.uasset" 5832
"../../../Engine/Content/EngineMaterials/Substrate/GLints/dict_16_192_64_0p5_0p02_0048_0012.uasset" 5833
"../../../Engine/Content/EngineMaterials/Substrate/GLints/dict_16_192_64_0p5_0p02_0048_0015.uasset" 5834
"../../../Engine/Content/EngineMaterials/Substrate/GLints/dict_16_192_64_0p5_0p02_0048_0009.uasset" 5835
"../../../Engine/Content/EngineMaterials/Substrate/GLints/dict_16_192_64_0p5_0p02_0048_0008.uasset" 5836
"/Engine/EngineMaterials/Substrate/GLints/dict_16_192_64_0p5_0p02_0047_0015" 5837
"../../../Engine/Content/EngineMaterials/Substrate/GLints/dict_16_192_64_0p5_0p02_0048_0006.uasset" 5838
"../../../Engine/Content/EngineMaterials/Substrate/GLints/dict_16_192_64_0p5_0p02_0048_0013.uasset" 5839
"../../../Engine/Content/EngineMaterials/Substrate/GLints/dict_16_192_64_0p5_0p02_0048_0014.uasset" 5840
"../../../Engine/Content/EngineMaterials/Substrate/GLints/dict_16_192_64_0p5_0p02_0048_0001.uasset" 5841
"../../../Engine/Content/EngineMaterials/Substrate/GLints/dict_16_192_64_0p5_0p02_0048_0003.uasset" 5842
"../../../Engine/Content/EngineMaterials/Substrate/GLints/dict_16_192_64_0p5_0p02_0049_0001.uasset" 5843
"../../../Engine/Content/EngineMaterials/Substrate/GLints/dict_16_192_64_0p5_0p02_0049_0000.uasset" 5844
"../../../Engine/Content/EngineMaterials/Substrate/GLints/dict_16_192_64_0p5_0p02_0048_0004.uasset" 5845
"/Engine/EngineMaterials/Substrate/GLints/dict_16_192_64_0p5_0p02_0047_0014" 5846
"/Engine/EngineMaterials/Substrate/GLints/dict_16_192_64_0p5_0p02_0047_0013" 5847
"/Engine/EngineMaterials/Substrate/GLints/dict_16_192_64_0p5_0p02_0047_0012" 5848
"/Engine/EngineMaterials/Substrate/GLints/dict_16_192_64_0p5_0p02_0047_0011" 5849
"/Engine/EngineMaterials/Substrate/GLints/dict_16_192_64_0p5_0p02_0047_0010" 5850
"/Engine/EngineMaterials/Substrate/GLints/dict_16_192_64_0p5_0p02_0047_0009" 5851
"/Engine/EngineMaterials/Substrate/GLints/dict_16_192_64_0p5_0p02_0047_0008" 5852
"/Engine/EngineMaterials/Substrate/GLints/dict_16_192_64_0p5_0p02_0047_0007" 5853
"/Engine/EngineMaterials/Substrate/GLints/dict_16_192_64_0p5_0p02_0047_0006" 5854
"/Engine/EngineMaterials/Substrate/GLints/dict_16_192_64_0p5_0p02_0047_0004" 5855
"/Engine/EngineMaterials/Substrate/GLints/dict_16_192_64_0p5_0p02_0047_0003" 5856
"/Engine/EngineMaterials/Substrate/GLints/dict_16_192_64_0p5_0p02_0047_0000" 5857
"/Engine/EngineMaterials/Substrate/GLints/dict_16_192_64_0p5_0p02_0048_0002" 5858
"/Engine/EngineMaterials/Substrate/GLints/dict_16_192_64_0p5_0p02_0046_0014" 5859
"/Engine/EngineMaterials/Substrate/GLints/dict_16_192_64_0p5_0p02_0048_0000" 5860
"../../../Engine/Content/EngineMaterials/Substrate/GLints/dict_16_192_64_0p5_0p02_0049_0003.uasset" 5861
"../../../Engine/Content/EngineMaterials/Substrate/GLints/dict_16_192_64_0p5_0p02_0049_0006.uasset" 5862
"../../../Engine/Content/EngineMaterials/Substrate/GLints/dict_16_192_64_0p5_0p02_0049_0005.uasset" 5863
"../../../Engine/Content/EngineMaterials/Substrate/GLints/dict_16_192_64_0p5_0p02_0049_0007.uasset" 5864
"../../../Engine/Content/EngineMaterials/Substrate/GLints/dict_16_192_64_0p5_0p02_0049_0009.uasset" 5865
"../../../Engine/Content/EngineMaterials/Substrate/GLints/dict_16_192_64_0p5_0p02_0049_0012.uasset" 5866
"../../../Engine/Content/EngineMaterials/Substrate/GLints/dict_16_192_64_0p5_0p02_0049_0013.uasset" 5867
"../../../Engine/Content/EngineMaterials/Substrate/GLints/dict_16_192_64_0p5_0p02_0049_0015.uasset" 5868
"../../../Engine/Content/EngineMaterials/Substrate/GLints/dict_16_192_64_0p5_0p02_0049_0014.uasset" 5869
"../../../Engine/Content/EngineMaterials/Substrate/GLints/dict_16_192_64_0p5_0p02_0049_0008.uasset" 5870
"../../../Engine/Content/EngineMaterials/Substrate/GLints/dict_16_192_64_0p5_0p02_0050_0001.uasset" 5871
"/Engine/EngineMaterials/Substrate/GLints/dict_16_192_64_0p5_0p02_0049_0001" 5872
"../../../Engine/Content/EngineMaterials/Substrate/GLints/dict_16_192_64_0p5_0p02_0049_0002.uasset" 5873
"../../../Engine/Content/EngineMaterials/Substrate/GLints/dict_16_192_64_0p5_0p02_0049_0010.uasset" 5874
"../../../Engine/Content/EngineMaterials/Substrate/GLints/dict_16_192_64_0p5_0p02_0050_0000.uasset" 5875
"../../../Engine/Content/EngineMaterials/Substrate/GLints/dict_16_192_64_0p5_0p02_0049_0004.uasset" 5876
"../../../Engine/Content/EngineMaterials/Substrate/GLints/dict_16_192_64_0p5_0p02_0049_0011.uasset" 5877
"/Engine/EngineMaterials/Substrate/GLints/dict_16_192_64_0p5_0p02_0049_0000" 5878
"/Engine/EngineMaterials/Substrate/GLints/dict_16_192_64_0p5_0p02_0048_0015" 5879
"/Engine/EngineMaterials/Substrate/GLints/dict_16_192_64_0p5_0p02_0048_0014" 5880
"/Engine/EngineMaterials/Substrate/GLints/dict_16_192_64_0p5_0p02_0048_0013" 5881
"/Engine/EngineMaterials/Substrate/GLints/dict_16_192_64_0p5_0p02_0048_0012" 5882
"/Engine/EngineMaterials/Substrate/GLints/dict_16_192_64_0p5_0p02_0048_0011" 5883
"/Engine/EngineMaterials/Substrate/GLints/dict_16_192_64_0p5_0p02_0048_0010" 5884
"/Engine/EngineMaterials/Substrate/GLints/dict_16_192_64_0p5_0p02_0048_0009" 5885
"/Engine/EngineMaterials/Substrate/GLints/dict_16_192_64_0p5_0p02_0048_0008" 5886
"/Engine/EngineMaterials/Substrate/GLints/dict_16_192_64_0p5_0p02_0048_0007" 5887
"/Engine/EngineMaterials/Substrate/GLints/dict_16_192_64_0p5_0p02_0048_0006" 5888
"/Engine/EngineMaterials/Substrate/GLints/dict_16_192_64_0p5_0p02_0048_0005" 5889
"/Engine/EngineMaterials/Substrate/GLints/dict_16_192_64_0p5_0p02_0049_0006" 5890
"/Engine/EngineMaterials/Substrate/GLints/dict_16_192_64_0p5_0p02_0048_0004" 5891
"/Engine/EngineMaterials/Substrate/GLints/dict_16_192_64_0p5_0p02_0048_0003" 5892
"/Engine/EngineMaterials/Substrate/GLints/dict_16_192_64_0p5_0p02_0049_0005" 5893
"/Engine/EngineMaterials/Substrate/GLints/dict_16_192_64_0p5_0p02_0048_0001" 5894
"/Engine/EngineMaterials/Substrate/GLints/dict_16_192_64_0p5_0p02_0049_0003" 5895
"../../../Engine/Content/EngineMaterials/Substrate/GLints/dict_16_192_64_0p5_0p02_0050_0004.uasset" 5896
"../../../Engine/Content/EngineMaterials/Substrate/GLints/dict_16_192_64_0p5_0p02_0050_0005.uasset" 5897
"../../../Engine/Content/EngineMaterials/Substrate/GLints/dict_16_192_64_0p5_0p02_0050_0008.uasset" 5898
"../../../Engine/Content/EngineMaterials/Substrate/GLints/dict_16_192_64_0p5_0p02_0050_0011.uasset" 5899
"../../../Engine/Content/EngineMaterials/Substrate/GLints/dict_16_192_64_0p5_0p02_0050_0015.uasset" 5900
"../../../Engine/Content/EngineMaterials/Substrate/GLints/dict_16_192_64_0p5_0p02_0050_0007.uasset" 5901
"../../../Engine/Content/EngineMaterials/Substrate/GLints/dict_16_192_64_0p5_0p02_0050_0010.uasset" 5902
"../../../Engine/Content/EngineMaterials/Substrate/GLints/dict_16_192_64_0p5_0p02_0050_0006.uasset" 5903
"../../../Engine/Content/EngineMaterials/Substrate/GLints/dict_16_192_64_0p5_0p02_0051_0002.uasset" 5904
"../../../Engine/Content/EngineMaterials/Substrate/GLints/dict_16_192_64_0p5_0p02_0050_0014.uasset" 5905
"../../../Engine/Content/EngineMaterials/Substrate/GLints/dict_16_192_64_0p5_0p02_0051_0004.uasset" 5906
"../../../Engine/Content/EngineMaterials/Substrate/GLints/dict_16_192_64_0p5_0p02_0050_0012.uasset" 5907
"../../../Engine/Content/EngineMaterials/Substrate/GLints/dict_16_192_64_0p5_0p02_0050_0009.uasset" 5908
"../../../Engine/Content/EngineMaterials/Substrate/GLints/dict_16_192_64_0p5_0p02_0050_0003.uasset" 5909
"../../../Engine/Content/EngineMaterials/Substrate/GLints/dict_16_192_64_0p5_0p02_0050_0002.uasset" 5910
"../../../Engine/Content/EngineMaterials/Substrate/GLints/dict_16_192_64_0p5_0p02_0050_0013.uasset" 5911
"../../../Engine/Content/EngineMaterials/Substrate/GLints/dict_16_192_64_0p5_0p02_0051_0001.uasset" 5912
"/Engine/EngineMaterials/Substrate/GLints/dict_16_192_64_0p5_0p02_0050_0001" 5913
"../../../Engine/Content/EngineMaterials/Substrate/GLints/dict_16_192_64_0p5_0p02_0051_0003.uasset" 5914
"../../../Engine/Content/EngineMaterials/Substrate/GLints/dict_16_192_64_0p5_0p02_0051_0000.uasset" 5915
"/Engine/EngineMaterials/Substrate/GLints/dict_16_192_64_0p5_0p02_0050_0000" 5916
"/Engine/EngineMaterials/Substrate/GLints/dict_16_192_64_0p5_0p02_0049_0015" 5917
"/Engine/EngineMaterials/Substrate/GLints/dict_16_192_64_0p5_0p02_0049_0014" 5918
"/Engine/EngineMaterials/Substrate/GLints/dict_16_192_64_0p5_0p02_0049_0013" 5919
"/Engine/EngineMaterials/Substrate/GLints/dict_16_192_64_0p5_0p02_0049_0012" 5920
"/Engine/EngineMaterials/Substrate/GLints/dict_16_192_64_0p5_0p02_0049_0011" 5921
"/Engine/EngineMaterials/Substrate/GLints/dict_16_192_64_0p5_0p02_0049_0010" 5922
"/Engine/EngineMaterials/Substrate/GLints/dict_16_192_64_0p5_0p02_0049_0009" 5923
"/Engine/EngineMaterials/Substrate/GLints/dict_16_192_64_0p5_0p02_0049_0008" 5924
"/Engine/EngineMaterials/Substrate/GLints/dict_16_192_64_0p5_0p02_0049_0007" 5925
"/Engine/EngineMaterials/Substrate/GLints/dict_16_192_64_0p5_0p02_0050_0008" 5926
"/Engine/EngineMaterials/Substrate/GLints/dict_16_192_64_0p5_0p02_0050_0005" 5927
"/Engine/EngineMaterials/Substrate/GLints/dict_16_192_64_0p5_0p02_0050_0004" 5928
"/Engine/EngineMaterials/Substrate/GLints/dict_16_192_64_0p5_0p02_0049_0004" 5929
"/Engine/EngineMaterials/Substrate/GLints/dict_16_192_64_0p5_0p02_0049_0002" 5930
"../../../Engine/Content/EngineMaterials/Substrate/GLints/dict_16_192_64_0p5_0p02_0051_0007.uasset" 5931
"../../../Engine/Content/EngineMaterials/Substrate/GLints/dict_16_192_64_0p5_0p02_0051_0008.uasset" 5932
"../../../Engine/Content/EngineMaterials/Substrate/GLints/dict_16_192_64_0p5_0p02_0051_0005.uasset" 5933
"../../../Engine/Content/EngineMaterials/Substrate/GLints/dict_16_192_64_0p5_0p02_0051_0014.uasset" 5934
"../../../Engine/Content/EngineMaterials/Substrate/GLints/dict_16_192_64_0p5_0p02_0051_0006.uasset" 5935
"../../../Engine/Content/EngineMaterials/Substrate/GLints/dict_16_192_64_0p5_0p02_0052_0002.uasset" 5936
"../../../Engine/Content/EngineMaterials/Substrate/GLints/dict_16_192_64_0p5_0p02_0052_0001.uasset" 5937
"../../../Engine/Content/EngineMaterials/Substrate/GLints/dict_16_192_64_0p5_0p02_0052_0003.uasset" 5938
"../../../Engine/Content/EngineMaterials/Substrate/GLints/dict_16_192_64_0p5_0p02_0051_0013.uasset" 5939
"../../../Engine/Content/EngineMaterials/Substrate/GLints/dict_16_192_64_0p5_0p02_0052_0004.uasset" 5940
"../../../Engine/Content/EngineMaterials/Substrate/GLints/dict_16_192_64_0p5_0p02_0052_0000.uasset" 5941
"../../../Engine/Content/EngineMaterials/Substrate/GLints/dict_16_192_64_0p5_0p02_0051_0009.uasset" 5942
"../../../Engine/Content/EngineMaterials/Substrate/GLints/dict_16_192_64_0p5_0p02_0051_0011.uasset" 5943
"/Engine/EngineMaterials/Substrate/GLints/dict_16_192_64_0p5_0p02_0051_0004" 5944
"../../../Engine/Content/EngineMaterials/Substrate/GLints/dict_16_192_64_0p5_0p02_0051_0010.uasset" 5945
"../../../Engine/Content/EngineMaterials/Substrate/GLints/dict_16_192_64_0p5_0p02_0051_0015.uasset" 5946
"../../../Engine/Content/EngineMaterials/Substrate/GLints/dict_16_192_64_0p5_0p02_0051_0012.uasset" 5947
"/Engine/EngineMaterials/Substrate/GLints/dict_16_192_64_0p5_0p02_0051_0003" 5948
"/Engine/EngineMaterials/Substrate/GLints/dict_16_192_64_0p5_0p02_0051_0002" 5949
"/Engine/EngineMaterials/Substrate/GLints/dict_16_192_64_0p5_0p02_0051_0001" 5950
"/Engine/EngineMaterials/Substrate/GLints/dict_16_192_64_0p5_0p02_0051_0000" 5951
"/Engine/EngineMaterials/Substrate/GLints/dict_16_192_64_0p5_0p02_0050_0015" 5952
"/Engine/EngineMaterials/Substrate/GLints/dict_16_192_64_0p5_0p02_0050_0014" 5953
"/Engine/EngineMaterials/Substrate/GLints/dict_16_192_64_0p5_0p02_0050_0013" 5954
"/Engine/EngineMaterials/Substrate/GLints/dict_16_192_64_0p5_0p02_0050_0012" 5955
"/Engine/EngineMaterials/Substrate/GLints/dict_16_192_64_0p5_0p02_0050_0011" 5956
"/Engine/EngineMaterials/Substrate/GLints/dict_16_192_64_0p5_0p02_0050_0010" 5957
"/Engine/EngineMaterials/Substrate/GLints/dict_16_192_64_0p5_0p02_0050_0009" 5958
"/Engine/EngineMaterials/Substrate/GLints/dict_16_192_64_0p5_0p02_0050_0007" 5959
"/Engine/EngineMaterials/Substrate/GLints/dict_16_192_64_0p5_0p02_0050_0006" 5960
"/Engine/EngineMaterials/Substrate/GLints/dict_16_192_64_0p5_0p02_0051_0008" 5961
"/Engine/EngineMaterials/Substrate/GLints/dict_16_192_64_0p5_0p02_0051_0007" 5962
"/Engine/EngineMaterials/Substrate/GLints/dict_16_192_64_0p5_0p02_0051_0006" 5963
"/Engine/EngineMaterials/Substrate/GLints/dict_16_192_64_0p5_0p02_0050_0003" 5964
"/Engine/EngineMaterials/Substrate/GLints/dict_16_192_64_0p5_0p02_0050_0002" 5965
"/Engine/EngineMaterials/Substrate/GLints/dict_16_192_64_0p5_0p02_0051_0005" 5966
"../../../Engine/Content/EngineMaterials/Substrate/GLints/dict_16_192_64_0p5_0p02_0052_0010.uasset" 5967
"../../../Engine/Content/EngineMaterials/Substrate/GLints/dict_16_192_64_0p5_0p02_0052_0009.uasset" 5968
"../../../Engine/Content/EngineMaterials/Substrate/GLints/dict_16_192_64_0p5_0p02_0052_0008.uasset" 5969
"../../../Engine/Content/EngineMaterials/Substrate/GLints/dict_16_192_64_0p5_0p02_0052_0015.uasset" 5970
"../../../Engine/Content/EngineMaterials/Substrate/GLints/dict_16_192_64_0p5_0p02_0053_0002.uasset" 5971
"../../../Engine/Content/EngineMaterials/Substrate/GLints/dict_16_192_64_0p5_0p02_0052_0014.uasset" 5972
"../../../Engine/Content/EngineMaterials/Substrate/GLints/dict_16_192_64_0p5_0p02_0052_0012.uasset" 5973
"../../../Engine/Content/EngineMaterials/Substrate/GLints/dict_16_192_64_0p5_0p02_0053_0004.uasset" 5974
"../../../Engine/Content/EngineMaterials/Substrate/GLints/dict_16_192_64_0p5_0p02_0053_0005.uasset" 5975
"../../../Engine/Content/EngineMaterials/Substrate/GLints/dict_16_192_64_0p5_0p02_0053_0007.uasset" 5976
"../../../Engine/Content/EngineMaterials/Substrate/GLints/dict_16_192_64_0p5_0p02_0052_0011.uasset" 5977
"../../../Engine/Content/EngineMaterials/Substrate/GLints/dict_16_192_64_0p5_0p02_0052_0007.uasset" 5978
"../../../Engine/Content/EngineMaterials/Substrate/GLints/dict_16_192_64_0p5_0p02_0053_0001.uasset" 5979
"../../../Engine/Content/EngineMaterials/Substrate/GLints/dict_16_192_64_0p5_0p02_0053_0000.uasset" 5980
"../../../Engine/Content/EngineMaterials/Substrate/GLints/dict_16_192_64_0p5_0p02_0052_0013.uasset" 5981
"../../../Engine/Content/EngineMaterials/Substrate/GLints/dict_16_192_64_0p5_0p02_0053_0003.uasset" 5982
"/Engine/EngineMaterials/Substrate/GLints/dict_16_192_64_0p5_0p02_0052_0004" 5983
"../../../Engine/Content/EngineMaterials/Substrate/GLints/dict_16_192_64_0p5_0p02_0052_0006.uasset" 5984
"../../../Engine/Content/EngineMaterials/Substrate/GLints/dict_16_192_64_0p5_0p02_0052_0005.uasset" 5985
"../../../Engine/Content/EngineMaterials/Substrate/GLints/dict_16_192_64_0p5_0p02_0053_0006.uasset" 5986
"../../../Engine/Content/EngineMaterials/Substrate/GLints/dict_16_192_64_0p5_0p02_0053_0008.uasset" 5987
"/Engine/EngineMaterials/Substrate/GLints/dict_16_192_64_0p5_0p02_0052_0003" 5988
"/Engine/EngineMaterials/Substrate/GLints/dict_16_192_64_0p5_0p02_0052_0002" 5989
"/Engine/EngineMaterials/Substrate/GLints/dict_16_192_64_0p5_0p02_0052_0001" 5990
"/Engine/EngineMaterials/Substrate/GLints/dict_16_192_64_0p5_0p02_0052_0000" 5991
"/Engine/EngineMaterials/Substrate/GLints/dict_16_192_64_0p5_0p02_0051_0015" 5992
"/Engine/EngineMaterials/Substrate/GLints/dict_16_192_64_0p5_0p02_0051_0014" 5993
"/Engine/EngineMaterials/Substrate/GLints/dict_16_192_64_0p5_0p02_0051_0013" 5994
"/Engine/EngineMaterials/Substrate/GLints/dict_16_192_64_0p5_0p02_0051_0012" 5995
"/Engine/EngineMaterials/Substrate/GLints/dict_16_192_64_0p5_0p02_0051_0011" 5996
"/Engine/EngineMaterials/Substrate/GLints/dict_16_192_64_0p5_0p02_0051_0010" 5997
"/Engine/EngineMaterials/Substrate/GLints/dict_16_192_64_0p5_0p02_0051_0009" 5998
"/Engine/EngineMaterials/Substrate/GLints/dict_16_192_64_0p5_0p02_0052_0010" 5999
"/Engine/EngineMaterials/Substrate/GLints/dict_16_192_64_0p5_0p02_0052_0009" 6000
"/Engine/EngineMaterials/Substrate/GLints/dict_16_192_64_0p5_0p02_0052_0008" 6001
"../../../Engine/Content/EngineMaterials/Substrate/GLints/dict_16_192_64_0p5_0p02_0053_0009.uasset" 6002
"../../../Engine/Content/EngineMaterials/Substrate/GLints/dict_16_192_64_0p5_0p02_0053_0011.uasset" 6003
"../../../Engine/Content/EngineMaterials/Substrate/GLints/dict_16_192_64_0p5_0p02_0053_0013.uasset" 6004
"../../../Engine/Content/EngineMaterials/Substrate/GLints/dict_16_192_64_0p5_0p02_0054_0002.uasset" 6005
"../../../Engine/Content/EngineMaterials/Substrate/GLints/dict_16_192_64_0p5_0p02_0053_0012.uasset" 6006
"../../../Engine/Content/EngineMaterials/Substrate/GLints/dict_16_192_64_0p5_0p02_0054_0001.uasset" 6007
"../../../Engine/Content/EngineMaterials/Substrate/GLints/dict_16_192_64_0p5_0p02_0054_0007.uasset" 6008
"../../../Engine/Content/EngineMaterials/Substrate/GLints/dict_16_192_64_0p5_0p02_0054_0003.uasset" 6009
"../../../Engine/Content/EngineMaterials/Substrate/GLints/dict_16_192_64_0p5_0p02_0053_0015.uasset" 6010
"/Engine/EngineMaterials/Substrate/GLints/dict_16_192_64_0p5_0p02_0053_0008" 6011
"../../../Engine/Content/EngineMaterials/Substrate/GLints/dict_16_192_64_0p5_0p02_0054_0000.uasset" 6012
"../../../Engine/Content/EngineMaterials/Substrate/GLints/dict_16_192_64_0p5_0p02_0053_0014.uasset" 6013
"../../../Engine/Content/EngineMaterials/Substrate/GLints/dict_16_192_64_0p5_0p02_0054_0005.uasset" 6014
"../../../Engine/Content/EngineMaterials/Substrate/GLints/dict_16_192_64_0p5_0p02_0053_0010.uasset" 6015
"../../../Engine/Content/EngineMaterials/Substrate/GLints/dict_16_192_64_0p5_0p02_0054_0004.uasset" 6016
"../../../Engine/Content/EngineMaterials/Substrate/GLints/dict_16_192_64_0p5_0p02_0054_0006.uasset" 6017
"/Engine/EngineMaterials/Substrate/GLints/dict_16_192_64_0p5_0p02_0053_0007" 6018
"/Engine/EngineMaterials/Substrate/GLints/dict_16_192_64_0p5_0p02_0053_0006" 6019
"/Engine/EngineMaterials/Substrate/GLints/dict_16_192_64_0p5_0p02_0053_0005" 6020
"/Engine/EngineMaterials/Substrate/GLints/dict_16_192_64_0p5_0p02_0053_0004" 6021
"/Engine/EngineMaterials/Substrate/GLints/dict_16_192_64_0p5_0p02_0053_0003" 6022
"/Engine/EngineMaterials/Substrate/GLints/dict_16_192_64_0p5_0p02_0053_0002" 6023
"/Engine/EngineMaterials/Substrate/GLints/dict_16_192_64_0p5_0p02_0053_0001" 6024
"/Engine/EngineMaterials/Substrate/GLints/dict_16_192_64_0p5_0p02_0053_0000" 6025
"/Engine/EngineMaterials/Substrate/GLints/dict_16_192_64_0p5_0p02_0052_0015" 6026
"/Engine/EngineMaterials/Substrate/GLints/dict_16_192_64_0p5_0p02_0052_0014" 6027
"/Engine/EngineMaterials/Substrate/GLints/dict_16_192_64_0p5_0p02_0052_0013" 6028
"/Engine/EngineMaterials/Substrate/GLints/dict_16_192_64_0p5_0p02_0052_0012" 6029
"/Engine/EngineMaterials/Substrate/GLints/dict_16_192_64_0p5_0p02_0052_0011" 6030
"/Engine/EngineMaterials/Substrate/GLints/dict_16_192_64_0p5_0p02_0053_0011" 6031
"/Engine/EngineMaterials/Substrate/GLints/dict_16_192_64_0p5_0p02_0053_0009" 6032
"/Engine/EngineMaterials/Substrate/GLints/dict_16_192_64_0p5_0p02_0052_0007" 6033
"/Engine/EngineMaterials/Substrate/GLints/dict_16_192_64_0p5_0p02_0052_0006" 6034
"/Engine/EngineMaterials/Substrate/GLints/dict_16_192_64_0p5_0p02_0052_0005" 6035
"../../../Engine/Content/EngineMaterials/Substrate/GLints/dict_16_192_64_0p5_0p02_0054_0008.uasset" 6036
"../../../Engine/Content/EngineMaterials/Substrate/GLints/dict_16_192_64_0p5_0p02_0054_0013.uasset" 6037
"../../../Engine/Content/EngineMaterials/Substrate/GLints/dict_16_192_64_0p5_0p02_0054_0012.uasset" 6038
"../../../Engine/Content/EngineMaterials/Substrate/GLints/dict_16_192_64_0p5_0p02_0054_0015.uasset" 6039
"../../../Engine/Content/EngineMaterials/Substrate/GLints/dict_16_192_64_0p5_0p02_0054_0010.uasset" 6040
"../../../Engine/Content/EngineMaterials/Substrate/GLints/dict_16_192_64_0p5_0p02_0055_0003.uasset" 6041
"../../../Engine/Content/EngineMaterials/Substrate/GLints/dict_16_192_64_0p5_0p02_0055_0006.uasset" 6042
"../../../Engine/Content/EngineMaterials/Substrate/GLints/dict_16_192_64_0p5_0p02_0055_0007.uasset" 6043
"../../../Engine/Content/EngineMaterials/Substrate/GLints/dict_16_192_64_0p5_0p02_0054_0014.uasset" 6044
"../../../Engine/Content/EngineMaterials/Substrate/GLints/dict_16_192_64_0p5_0p02_0055_0008.uasset" 6045
"/Engine/EngineMaterials/Substrate/GLints/dict_16_192_64_0p5_0p02_0054_0007" 6046
"../../../Engine/Content/EngineMaterials/Substrate/GLints/dict_16_192_64_0p5_0p02_0054_0011.uasset" 6047
"../../../Engine/Content/EngineMaterials/Substrate/GLints/dict_16_192_64_0p5_0p02_0055_0005.uasset" 6048
"../../../Engine/Content/EngineMaterials/Substrate/GLints/dict_16_192_64_0p5_0p02_0055_0001.uasset" 6049
"../../../Engine/Content/EngineMaterials/Substrate/GLints/dict_16_192_64_0p5_0p02_0055_0004.uasset" 6050
"../../../Engine/Content/EngineMaterials/Substrate/GLints/dict_16_192_64_0p5_0p02_0054_0009.uasset" 6051
"../../../Engine/Content/EngineMaterials/Substrate/GLints/dict_16_192_64_0p5_0p02_0055_0002.uasset" 6052
"../../../Engine/Content/EngineMaterials/Substrate/GLints/dict_16_192_64_0p5_0p02_0055_0009.uasset" 6053
"../../../Engine/Content/EngineMaterials/Substrate/GLints/dict_16_192_64_0p5_0p02_0055_0000.uasset" 6054
"../../../Engine/Content/EngineMaterials/Substrate/GLints/dict_16_192_64_0p5_0p02_0055_0010.uasset" 6055
"/Engine/EngineMaterials/Substrate/GLints/dict_16_192_64_0p5_0p02_0054_0006" 6056
"/Engine/EngineMaterials/Substrate/GLints/dict_16_192_64_0p5_0p02_0054_0005" 6057
"/Engine/EngineMaterials/Substrate/GLints/dict_16_192_64_0p5_0p02_0054_0004" 6058
"/Engine/EngineMaterials/Substrate/GLints/dict_16_192_64_0p5_0p02_0054_0003" 6059
"/Engine/EngineMaterials/Substrate/GLints/dict_16_192_64_0p5_0p02_0054_0002" 6060
"/Engine/EngineMaterials/Substrate/GLints/dict_16_192_64_0p5_0p02_0054_0001" 6061
"/Engine/EngineMaterials/Substrate/GLints/dict_16_192_64_0p5_0p02_0054_0000" 6062
"/Engine/EngineMaterials/Substrate/GLints/dict_16_192_64_0p5_0p02_0053_0015" 6063
"/Engine/EngineMaterials/Substrate/GLints/dict_16_192_64_0p5_0p02_0053_0014" 6064
"/Engine/EngineMaterials/Substrate/GLints/dict_16_192_64_0p5_0p02_0053_0013" 6065
"/Engine/EngineMaterials/Substrate/GLints/dict_16_192_64_0p5_0p02_0054_0015" 6066
"/Engine/EngineMaterials/Substrate/GLints/dict_16_192_64_0p5_0p02_0053_0012" 6067
"/Engine/EngineMaterials/Substrate/GLints/dict_16_192_64_0p5_0p02_0054_0013" 6068
"/Engine/EngineMaterials/Substrate/GLints/dict_16_192_64_0p5_0p02_0054_0012" 6069
"/Engine/EngineMaterials/Substrate/GLints/dict_16_192_64_0p5_0p02_0053_0010" 6070
"/Engine/EngineMaterials/Substrate/GLints/dict_16_192_64_0p5_0p02_0054_0010" 6071
"/Engine/EngineMaterials/Substrate/GLints/dict_16_192_64_0p5_0p02_0054_0008" 6072
"../../../Engine/Content/EngineMaterials/Substrate/GLints/dict_16_192_64_0p5_0p02_0055_0011.uasset" 6073
"../../../Engine/Content/EngineMaterials/Substrate/GLints/dict_16_192_64_0p5_0p02_0055_0012.uasset" 6074
"../../../Engine/Content/EngineMaterials/Substrate/GLints/dict_16_192_64_0p5_0p02_0055_0015.uasset" 6075
"../../../Engine/Content/EngineMaterials/Substrate/GLints/dict_16_192_64_0p5_0p02_0055_0013.uasset" 6076
"../../../Engine/Content/EngineMaterials/Substrate/GLints/dict_16_192_64_0p5_0p02_0056_0001.uasset" 6077
"../../../Engine/Content/EngineMaterials/Substrate/GLints/dict_16_192_64_0p5_0p02_0056_0000.uasset" 6078
"../../../Engine/Content/EngineMaterials/Substrate/GLints/dict_16_192_64_0p5_0p02_0056_0005.uasset" 6079
"../../../Engine/Content/EngineMaterials/Substrate/GLints/dict_16_192_64_0p5_0p02_0056_0009.uasset" 6080
"../../../Engine/Content/EngineMaterials/Substrate/GLints/dict_16_192_64_0p5_0p02_0056_0008.uasset" 6081
"../../../Engine/Content/EngineMaterials/Substrate/GLints/dict_16_192_64_0p5_0p02_0056_0003.uasset" 6082
"../../../Engine/Content/EngineMaterials/Substrate/GLints/dict_16_192_64_0p5_0p02_0056_0012.uasset" 6083
"../../../Engine/Content/EngineMaterials/Substrate/GLints/dict_16_192_64_0p5_0p02_0056_0007.uasset" 6084
"../../../Engine/Content/EngineMaterials/Substrate/GLints/dict_16_192_64_0p5_0p02_0056_0004.uasset" 6085
"/Engine/EngineMaterials/Substrate/GLints/dict_16_192_64_0p5_0p02_0055_0010" 6086
"../../../Engine/Content/EngineMaterials/Substrate/GLints/dict_16_192_64_0p5_0p02_0055_0014.uasset" 6087
"../../../Engine/Content/EngineMaterials/Substrate/GLints/dict_16_192_64_0p5_0p02_0056_0006.uasset" 6088
"../../../Engine/Content/EngineMaterials/Substrate/GLints/dict_16_192_64_0p5_0p02_0056_0002.uasset" 6089
"../../../Engine/Content/EngineMaterials/Substrate/GLints/dict_16_192_64_0p5_0p02_0056_0011.uasset" 6090
"../../../Engine/Content/EngineMaterials/Substrate/GLints/dict_16_192_64_0p5_0p02_0056_0010.uasset" 6091
"/Engine/EngineMaterials/Substrate/GLints/dict_16_192_64_0p5_0p02_0055_0009" 6092
"/Engine/EngineMaterials/Substrate/GLints/dict_16_192_64_0p5_0p02_0055_0008" 6093
"/Engine/EngineMaterials/Substrate/GLints/dict_16_192_64_0p5_0p02_0055_0007" 6094
"/Engine/EngineMaterials/Substrate/GLints/dict_16_192_64_0p5_0p02_0055_0006" 6095
"/Engine/EngineMaterials/Substrate/GLints/dict_16_192_64_0p5_0p02_0055_0005" 6096
"/Engine/EngineMaterials/Substrate/GLints/dict_16_192_64_0p5_0p02_0055_0004" 6097
"/Engine/EngineMaterials/Substrate/GLints/dict_16_192_64_0p5_0p02_0055_0003" 6098
"/Engine/EngineMaterials/Substrate/GLints/dict_16_192_64_0p5_0p02_0055_0002" 6099
"/Engine/EngineMaterials/Substrate/GLints/dict_16_192_64_0p5_0p02_0055_0001" 6100
"/Engine/EngineMaterials/Substrate/GLints/dict_16_192_64_0p5_0p02_0055_0000" 6101
"/Engine/EngineMaterials/Substrate/GLints/dict_16_192_64_0p5_0p02_0056_0001" 6102
"/Engine/EngineMaterials/Substrate/GLints/dict_16_192_64_0p5_0p02_0054_0014" 6103
"/Engine/EngineMaterials/Substrate/GLints/dict_16_192_64_0p5_0p02_0055_0015" 6104
"/Engine/EngineMaterials/Substrate/GLints/dict_16_192_64_0p5_0p02_0055_0013" 6105
"/Engine/EngineMaterials/Substrate/GLints/dict_16_192_64_0p5_0p02_0054_0011" 6106
"/Engine/EngineMaterials/Substrate/GLints/dict_16_192_64_0p5_0p02_0055_0012" 6107
"/Engine/EngineMaterials/Substrate/GLints/dict_16_192_64_0p5_0p02_0054_0009" 6108
"/Engine/EngineMaterials/Substrate/GLints/dict_16_192_64_0p5_0p02_0055_0011" 6109
"../../../Engine/Content/EngineMaterials/Substrate/GLints/dict_16_192_64_0p5_0p02_0056_0014.uasset" 6110
"../../../Engine/Content/EngineMaterials/Substrate/GLints/dict_16_192_64_0p5_0p02_0057_0002.uasset" 6111
"../../../Engine/Content/EngineMaterials/Substrate/GLints/dict_16_192_64_0p5_0p02_0057_0003.uasset" 6112
"../../../Engine/Content/EngineMaterials/Substrate/GLints/dict_16_192_64_0p5_0p02_0057_0004.uasset" 6113
"../../../Engine/Content/EngineMaterials/Substrate/GLints/dict_16_192_64_0p5_0p02_0057_0009.uasset" 6114
"../../../Engine/Content/EngineMaterials/Substrate/GLints/dict_16_192_64_0p5_0p02_0057_0008.uasset" 6115
"../../../Engine/Content/EngineMaterials/Substrate/GLints/dict_16_192_64_0p5_0p02_0057_0011.uasset" 6116
"../../../Engine/Content/EngineMaterials/Substrate/GLints/dict_16_192_64_0p5_0p02_0056_0013.uasset" 6117
"../../../Engine/Content/EngineMaterials/Substrate/GLints/dict_16_192_64_0p5_0p02_0057_0012.uasset" 6118
"../../../Engine/Content/EngineMaterials/Substrate/GLints/dict_16_192_64_0p5_0p02_0057_0000.uasset" 6119
"../../../Engine/Content/EngineMaterials/Substrate/GLints/dict_16_192_64_0p5_0p02_0057_0015.uasset" 6120
"../../../Engine/Content/EngineMaterials/Substrate/GLints/dict_16_192_64_0p5_0p02_0056_0015.uasset" 6121
"../../../Engine/Content/EngineMaterials/Substrate/GLints/dict_16_192_64_0p5_0p02_0057_0005.uasset" 6122
"../../../Engine/Content/EngineMaterials/Substrate/GLints/dict_16_192_64_0p5_0p02_0057_0013.uasset" 6123
"../../../Engine/Content/EngineMaterials/Substrate/GLints/dict_16_192_64_0p5_0p02_0057_0007.uasset" 6124
"../../../Engine/Content/EngineMaterials/Substrate/GLints/dict_16_192_64_0p5_0p02_0057_0006.uasset" 6125
"../../../Engine/Content/EngineMaterials/Substrate/GLints/dict_16_192_64_0p5_0p02_0057_0010.uasset" 6126
"/Engine/EngineMaterials/Substrate/GLints/dict_16_192_64_0p5_0p02_0056_0012" 6127
"../../../Engine/Content/EngineMaterials/Substrate/GLints/dict_16_192_64_0p5_0p02_0057_0014.uasset" 6128
"../../../Engine/Content/EngineMaterials/Substrate/GLints/dict_16_192_64_0p5_0p02_0057_0001.uasset" 6129
"/Engine/EngineMaterials/Substrate/GLints/dict_16_192_64_0p5_0p02_0056_0011" 6130
"/Engine/EngineMaterials/Substrate/GLints/dict_16_192_64_0p5_0p02_0056_0010" 6131
"/Engine/EngineMaterials/Substrate/GLints/dict_16_192_64_0p5_0p02_0056_0009" 6132
"/Engine/EngineMaterials/Substrate/GLints/dict_16_192_64_0p5_0p02_0056_0008" 6133
"/Engine/EngineMaterials/Substrate/GLints/dict_16_192_64_0p5_0p02_0056_0007" 6134
"/Engine/EngineMaterials/Substrate/GLints/dict_16_192_64_0p5_0p02_0056_0006" 6135
"/Engine/EngineMaterials/Substrate/GLints/dict_16_192_64_0p5_0p02_0056_0005" 6136
"/Engine/EngineMaterials/Substrate/GLints/dict_16_192_64_0p5_0p02_0056_0004" 6137
"/Engine/EngineMaterials/Substrate/GLints/dict_16_192_64_0p5_0p02_0056_0003" 6138
"/Engine/EngineMaterials/Substrate/GLints/dict_16_192_64_0p5_0p02_0056_0002" 6139
"/Engine/EngineMaterials/Substrate/GLints/dict_16_192_64_0p5_0p02_0056_0000" 6140
"/Engine/EngineMaterials/Substrate/GLints/dict_16_192_64_0p5_0p02_0057_0003" 6141
"/Engine/EngineMaterials/Substrate/GLints/dict_16_192_64_0p5_0p02_0057_0002" 6142
"/Engine/EngineMaterials/Substrate/GLints/dict_16_192_64_0p5_0p02_0055_0014" 6143
"/Engine/EngineMaterials/Substrate/GLints/dict_16_192_64_0p5_0p02_0056_0014" 6144
"../../../Engine/Content/EngineMaterials/Substrate/GLints/dict_16_192_64_0p5_0p02_0058_0002.uasset" 6145
"../../../Engine/Content/EngineMaterials/Substrate/GLints/dict_16_192_64_0p5_0p02_0058_0004.uasset" 6146
"../../../Engine/Content/EngineMaterials/Substrate/GLints/dict_16_192_64_0p5_0p02_0058_0008.uasset" 6147
"../../../Engine/Content/EngineMaterials/Substrate/GLints/dict_16_192_64_0p5_0p02_0058_0007.uasset" 6148
"../../../Engine/Content/EngineMaterials/Substrate/GLints/dict_16_192_64_0p5_0p02_0058_0009.uasset" 6149
"../../../Engine/Content/EngineMaterials/Substrate/GLints/dict_16_192_64_0p5_0p02_0058_0012.uasset" 6150
"../../../Engine/Content/EngineMaterials/Substrate/GLints/dict_16_192_64_0p5_0p02_0058_0003.uasset" 6151
"../../../Engine/Content/EngineMaterials/Substrate/GLints/dict_16_192_64_0p5_0p02_0058_0014.uasset" 6152
"../../../Engine/Content/EngineMaterials/Substrate/GLints/dict_16_192_64_0p5_0p02_0058_0006.uasset" 6153
"/Engine/EngineMaterials/Substrate/GLints/dict_16_192_64_0p5_0p02_0057_0015" 6154
"../../../Engine/Content/EngineMaterials/Substrate/GLints/dict_16_192_64_0p5_0p02_0058_0001.uasset" 6155
"../../../Engine/Content/EngineMaterials/Substrate/GLints/dict_16_192_64_0p5_0p02_0058_0010.uasset" 6156
"../../../Engine/Content/EngineMaterials/Substrate/GLints/dict_16_192_64_0p5_0p02_0058_0000.uasset" 6157
"../../../Engine/Content/EngineMaterials/Substrate/GLints/dict_16_192_64_0p5_0p02_0058_0011.uasset" 6158
"../../../Engine/Content/EngineMaterials/Substrate/GLints/dict_16_192_64_0p5_0p02_0058_0013.uasset" 6159
"../../../Engine/Content/EngineMaterials/Substrate/GLints/dict_16_192_64_0p5_0p02_0058_0005.uasset" 6160
"../../../Engine/Content/EngineMaterials/Substrate/GLints/dict_16_192_64_0p5_0p02_0058_0015.uasset" 6161
"/Engine/EngineMaterials/Substrate/GLints/dict_16_192_64_0p5_0p02_0057_0014" 6162
"/Engine/EngineMaterials/Substrate/GLints/dict_16_192_64_0p5_0p02_0057_0013" 6163
"/Engine/EngineMaterials/Substrate/GLints/dict_16_192_64_0p5_0p02_0057_0012" 6164
"/Engine/EngineMaterials/Substrate/GLints/dict_16_192_64_0p5_0p02_0057_0011" 6165
"/Engine/EngineMaterials/Substrate/GLints/dict_16_192_64_0p5_0p02_0057_0010" 6166
"/Engine/EngineMaterials/Substrate/GLints/dict_16_192_64_0p5_0p02_0057_0009" 6167
"/Engine/EngineMaterials/Substrate/GLints/dict_16_192_64_0p5_0p02_0057_0008" 6168
"/Engine/EngineMaterials/Substrate/GLints/dict_16_192_64_0p5_0p02_0057_0007" 6169
"/Engine/EngineMaterials/Substrate/GLints/dict_16_192_64_0p5_0p02_0057_0006" 6170
"/Engine/EngineMaterials/Substrate/GLints/dict_16_192_64_0p5_0p02_0057_0005" 6171
"/Engine/EngineMaterials/Substrate/GLints/dict_16_192_64_0p5_0p02_0057_0004" 6172
"/Engine/EngineMaterials/Substrate/GLints/dict_16_192_64_0p5_0p02_0058_0004" 6173
"/Engine/EngineMaterials/Substrate/GLints/dict_16_192_64_0p5_0p02_0058_0002" 6174
"/Engine/EngineMaterials/Substrate/GLints/dict_16_192_64_0p5_0p02_0057_0001" 6175
"/Engine/EngineMaterials/Substrate/GLints/dict_16_192_64_0p5_0p02_0057_0000" 6176
"/Engine/EngineMaterials/Substrate/GLints/dict_16_192_64_0p5_0p02_0056_0015" 6177
"/Engine/EngineMaterials/Substrate/GLints/dict_16_192_64_0p5_0p02_0056_0013" 6178
"../../../Engine/Content/EngineMaterials/Substrate/GLints/dict_16_192_64_0p5_0p02_0059_0000.uasset" 6179
"../../../Engine/Content/EngineMaterials/Substrate/GLints/dict_16_192_64_0p5_0p02_0059_0004.uasset" 6180
"../../../Engine/Content/EngineMaterials/Substrate/GLints/dict_16_192_64_0p5_0p02_0059_0002.uasset" 6181
"../../../Engine/Content/EngineMaterials/Substrate/GLints/dict_16_192_64_0p5_0p02_0059_0005.uasset" 6182
"../../../Engine/Content/EngineMaterials/Substrate/GLints/dict_16_192_64_0p5_0p02_0059_0003.uasset" 6183
"../../../Engine/Content/EngineMaterials/Substrate/GLints/dict_16_192_64_0p5_0p02_0059_0008.uasset" 6184
"../../../Engine/Content/EngineMaterials/Substrate/GLints/dict_16_192_64_0p5_0p02_0059_0011.uasset" 6185
"../../../Engine/Content/EngineMaterials/Substrate/GLints/dict_16_192_64_0p5_0p02_0059_0010.uasset" 6186
"../../../Engine/Content/EngineMaterials/Substrate/GLints/dict_16_192_64_0p5_0p02_0059_0001.uasset" 6187
"../../../Engine/Content/EngineMaterials/Substrate/GLints/dict_16_192_64_0p5_0p02_0059_0007.uasset" 6188
"../../../Engine/Content/EngineMaterials/Substrate/GLints/dict_16_192_64_0p5_0p02_0060_0000.uasset" 6189
"../../../Engine/Content/EngineMaterials/Substrate/GLints/dict_16_192_64_0p5_0p02_0059_0006.uasset" 6190
"../../../Engine/Content/EngineMaterials/Substrate/GLints/dict_16_192_64_0p5_0p02_0059_0015.uasset" 6191
"../../../Engine/Content/EngineMaterials/Substrate/GLints/dict_16_192_64_0p5_0p02_0059_0009.uasset" 6192
"../../../Engine/Content/EngineMaterials/Substrate/GLints/dict_16_192_64_0p5_0p02_0060_0001.uasset" 6193
"/Engine/EngineMaterials/Substrate/GLints/dict_16_192_64_0p5_0p02_0058_0015" 6194
"../../../Engine/Content/EngineMaterials/Substrate/GLints/dict_16_192_64_0p5_0p02_0059_0013.uasset" 6195
"../../../Engine/Content/EngineMaterials/Substrate/GLints/dict_16_192_64_0p5_0p02_0059_0012.uasset" 6196
"../../../Engine/Content/EngineMaterials/Substrate/GLints/dict_16_192_64_0p5_0p02_0059_0014.uasset" 6197
"/Engine/EngineMaterials/Substrate/GLints/dict_16_192_64_0p5_0p02_0058_0014" 6198
"/Engine/EngineMaterials/Substrate/GLints/dict_16_192_64_0p5_0p02_0058_0013" 6199
"/Engine/EngineMaterials/Substrate/GLints/dict_16_192_64_0p5_0p02_0058_0012" 6200
"/Engine/EngineMaterials/Substrate/GLints/dict_16_192_64_0p5_0p02_0058_0011" 6201
"/Engine/EngineMaterials/Substrate/GLints/dict_16_192_64_0p5_0p02_0058_0010" 6202
"/Engine/EngineMaterials/Substrate/GLints/dict_16_192_64_0p5_0p02_0058_0009" 6203
"/Engine/EngineMaterials/Substrate/GLints/dict_16_192_64_0p5_0p02_0058_0008" 6204
"/Engine/EngineMaterials/Substrate/GLints/dict_16_192_64_0p5_0p02_0058_0007" 6205
"/Engine/EngineMaterials/Substrate/GLints/dict_16_192_64_0p5_0p02_0058_0006" 6206
"/Engine/EngineMaterials/Substrate/GLints/dict_16_192_64_0p5_0p02_0059_0008" 6207
"/Engine/EngineMaterials/Substrate/GLints/dict_16_192_64_0p5_0p02_0058_0005" 6208
"/Engine/EngineMaterials/Substrate/GLints/dict_16_192_64_0p5_0p02_0059_0005" 6209
"/Engine/EngineMaterials/Substrate/GLints/dict_16_192_64_0p5_0p02_0058_0003" 6210
"/Engine/EngineMaterials/Substrate/GLints/dict_16_192_64_0p5_0p02_0059_0004" 6211
"/Engine/EngineMaterials/Substrate/GLints/dict_16_192_64_0p5_0p02_0058_0001" 6212
"/Engine/EngineMaterials/Substrate/GLints/dict_16_192_64_0p5_0p02_0059_0003" 6213
"/Engine/EngineMaterials/Substrate/GLints/dict_16_192_64_0p5_0p02_0059_0002" 6214
"/Engine/EngineMaterials/Substrate/GLints/dict_16_192_64_0p5_0p02_0059_0001" 6215
"/Engine/EngineMaterials/Substrate/GLints/dict_16_192_64_0p5_0p02_0058_0000" 6216
"/Engine/EngineMaterials/Substrate/GLints/dict_16_192_64_0p5_0p02_0059_0000" 6217
"../../../Engine/Content/EngineMaterials/Substrate/GLints/dict_16_192_64_0p5_0p02_0060_0004.uasset" 6218
"../../../Engine/Content/EngineMaterials/Substrate/GLints/dict_16_192_64_0p5_0p02_0060_0003.uasset" 6219
"../../../Engine/Content/EngineMaterials/Substrate/GLints/dict_16_192_64_0p5_0p02_0060_0005.uasset" 6220
"../../../Engine/Content/EngineMaterials/Substrate/GLints/dict_16_192_64_0p5_0p02_0060_0006.uasset" 6221
"../../../Engine/Content/EngineMaterials/Substrate/GLints/dict_16_192_64_0p5_0p02_0060_0007.uasset" 6222
"../../../Engine/Content/EngineMaterials/Substrate/GLints/dict_16_192_64_0p5_0p02_0060_0015.uasset" 6223
"../../../Engine/Content/EngineMaterials/Substrate/GLints/dict_16_192_64_0p5_0p02_0061_0000.uasset" 6224
"../../../Engine/Content/EngineMaterials/Substrate/GLints/dict_16_192_64_0p5_0p02_0061_0001.uasset" 6225
"../../../Engine/Content/EngineMaterials/Substrate/GLints/dict_16_192_64_0p5_0p02_0060_0008.uasset" 6226
"/Engine/EngineMaterials/Substrate/GLints/dict_16_192_64_0p5_0p02_0060_0001" 6227
"../../../Engine/Content/EngineMaterials/Substrate/GLints/dict_16_192_64_0p5_0p02_0060_0011.uasset" 6228
"../../../Engine/Content/EngineMaterials/Substrate/GLints/dict_16_192_64_0p5_0p02_0061_0004.uasset" 6229
"../../../Engine/Content/EngineMaterials/Substrate/GLints/dict_16_192_64_0p5_0p02_0061_0005.uasset" 6230
"../../../Engine/Content/EngineMaterials/Substrate/GLints/dict_16_192_64_0p5_0p02_0061_0006.uasset" 6231
"../../../Engine/Content/EngineMaterials/Substrate/GLints/dict_16_192_64_0p5_0p02_0060_0012.uasset" 6232
"../../../Engine/Content/EngineMaterials/Substrate/GLints/dict_16_192_64_0p5_0p02_0060_0013.uasset" 6233
"../../../Engine/Content/EngineMaterials/Substrate/GLints/dict_16_192_64_0p5_0p02_0060_0009.uasset" 6234
"../../../Engine/Content/EngineMaterials/Substrate/GLints/dict_16_192_64_0p5_0p02_0060_0010.uasset" 6235
"../../../Engine/Content/EngineMaterials/Substrate/GLints/dict_16_192_64_0p5_0p02_0060_0002.uasset" 6236
"../../../Engine/Content/EngineMaterials/Substrate/GLints/dict_16_192_64_0p5_0p02_0061_0003.uasset" 6237
"../../../Engine/Content/EngineMaterials/Substrate/GLints/dict_16_192_64_0p5_0p02_0061_0002.uasset" 6238
"../../../Engine/Content/EngineMaterials/Substrate/GLints/dict_16_192_64_0p5_0p02_0060_0014.uasset" 6239
"/Engine/EngineMaterials/Substrate/GLints/dict_16_192_64_0p5_0p02_0060_0000" 6240
"/Engine/EngineMaterials/Substrate/GLints/dict_16_192_64_0p5_0p02_0059_0015" 6241
"/Engine/EngineMaterials/Substrate/GLints/dict_16_192_64_0p5_0p02_0059_0014" 6242
"/Engine/EngineMaterials/Substrate/GLints/dict_16_192_64_0p5_0p02_0059_0013" 6243
"/Engine/EngineMaterials/Substrate/GLints/dict_16_192_64_0p5_0p02_0059_0012" 6244
"/Engine/EngineMaterials/Substrate/GLints/dict_16_192_64_0p5_0p02_0059_0011" 6245
"/Engine/EngineMaterials/Substrate/GLints/dict_16_192_64_0p5_0p02_0059_0010" 6246
"/Engine/EngineMaterials/Substrate/GLints/dict_16_192_64_0p5_0p02_0059_0009" 6247
"/Engine/EngineMaterials/Substrate/GLints/dict_16_192_64_0p5_0p02_0059_0007" 6248
"/Engine/EngineMaterials/Substrate/GLints/dict_16_192_64_0p5_0p02_0059_0006" 6249
"/Engine/EngineMaterials/Substrate/GLints/dict_16_192_64_0p5_0p02_0060_0006" 6250
"/Engine/EngineMaterials/Substrate/GLints/dict_16_192_64_0p5_0p02_0060_0005" 6251
"/Engine/EngineMaterials/Substrate/GLints/dict_16_192_64_0p5_0p02_0060_0004" 6252
"/Engine/EngineMaterials/Substrate/GLints/dict_16_192_64_0p5_0p02_0060_0003" 6253
"../../../Engine/Content/EngineMaterials/Substrate/GLints/dict_16_192_64_0p5_0p02_0061_0009.uasset" 6254
"../../../Engine/Content/EngineMaterials/Substrate/GLints/dict_16_192_64_0p5_0p02_0061_0008.uasset" 6255
"../../../Engine/Content/EngineMaterials/Substrate/GLints/dict_16_192_64_0p5_0p02_0061_0010.uasset" 6256
"../../../Engine/Content/EngineMaterials/Substrate/GLints/dict_16_192_64_0p5_0p02_0061_0013.uasset" 6257
"../../../Engine/Content/EngineMaterials/Substrate/GLints/dict_16_192_64_0p5_0p02_0061_0011.uasset" 6258
"../../../Engine/Content/EngineMaterials/Substrate/GLints/dict_16_192_64_0p5_0p02_0062_0001.uasset" 6259
"../../../Engine/Content/EngineMaterials/Substrate/GLints/dict_16_192_64_0p5_0p02_0061_0012.uasset" 6260
"../../../Engine/Content/EngineMaterials/Substrate/GLints/dict_16_192_64_0p5_0p02_0062_0004.uasset" 6261
"../../../Engine/Content/EngineMaterials/Substrate/GLints/dict_16_192_64_0p5_0p02_0061_0014.uasset" 6262
"/Engine/EngineMaterials/Substrate/GLints/dict_16_192_64_0p5_0p02_0061_0006" 6263
"../../../Engine/Content/EngineMaterials/Substrate/GLints/dict_16_192_64_0p5_0p02_0061_0015.uasset" 6264
"../../../Engine/Content/EngineMaterials/Substrate/GLints/dict_16_192_64_0p5_0p02_0062_0000.uasset" 6265
"../../../Engine/Content/EngineMaterials/Substrate/GLints/dict_16_192_64_0p5_0p02_0062_0002.uasset" 6266
"../../../Engine/Content/EngineMaterials/Substrate/GLints/dict_16_192_64_0p5_0p02_0061_0007.uasset" 6267
"../../../Engine/Content/EngineMaterials/Substrate/GLints/dict_16_192_64_0p5_0p02_0062_0005.uasset" 6268
"../../../Engine/Content/EngineMaterials/Substrate/GLints/dict_16_192_64_0p5_0p02_0062_0003.uasset" 6269
"/Engine/EngineMaterials/Substrate/GLints/dict_16_192_64_0p5_0p02_0061_0005" 6270
"/Engine/EngineMaterials/Substrate/GLints/dict_16_192_64_0p5_0p02_0061_0004" 6271
"/Engine/EngineMaterials/Substrate/GLints/dict_16_192_64_0p5_0p02_0061_0003" 6272
"/Engine/EngineMaterials/Substrate/GLints/dict_16_192_64_0p5_0p02_0061_0002" 6273
"/Engine/EngineMaterials/Substrate/GLints/dict_16_192_64_0p5_0p02_0061_0001" 6274
"/Engine/EngineMaterials/Substrate/GLints/dict_16_192_64_0p5_0p02_0061_0000" 6275
"/Engine/EngineMaterials/Substrate/GLints/dict_16_192_64_0p5_0p02_0061_0013" 6276
"/Engine/EngineMaterials/Substrate/GLints/dict_16_192_64_0p5_0p02_0060_0015" 6277
"/Engine/EngineMaterials/Substrate/GLints/dict_16_192_64_0p5_0p02_0060_0014" 6278
"/Engine/EngineMaterials/Substrate/GLints/dict_16_192_64_0p5_0p02_0060_0013" 6279
"/Engine/EngineMaterials/Substrate/GLints/dict_16_192_64_0p5_0p02_0060_0012" 6280
"/Engine/EngineMaterials/Substrate/GLints/dict_16_192_64_0p5_0p02_0060_0011" 6281
"/Engine/EngineMaterials/Substrate/GLints/dict_16_192_64_0p5_0p02_0061_0011" 6282
"/Engine/EngineMaterials/Substrate/GLints/dict_16_192_64_0p5_0p02_0060_0010" 6283
"/Engine/EngineMaterials/Substrate/GLints/dict_16_192_64_0p5_0p02_0060_0009" 6284
"/Engine/EngineMaterials/Substrate/GLints/dict_16_192_64_0p5_0p02_0060_0008" 6285
"/Engine/EngineMaterials/Substrate/GLints/dict_16_192_64_0p5_0p02_0060_0007" 6286
"/Engine/EngineMaterials/Substrate/GLints/dict_16_192_64_0p5_0p02_0061_0010" 6287
"/Engine/EngineMaterials/Substrate/GLints/dict_16_192_64_0p5_0p02_0061_0009" 6288
"/Engine/EngineMaterials/Substrate/GLints/dict_16_192_64_0p5_0p02_0061_0008" 6289
"/Engine/EngineMaterials/Substrate/GLints/dict_16_192_64_0p5_0p02_0060_0002" 6290
"../../../Engine/Content/EngineMaterials/Substrate/GLints/dict_16_192_64_0p5_0p02_0062_0007.uasset" 6291
"../../../Engine/Content/EngineMaterials/Substrate/GLints/dict_16_192_64_0p5_0p02_0062_0009.uasset" 6292
"../../../Engine/Content/EngineMaterials/Substrate/GLints/dict_16_192_64_0p5_0p02_0062_0010.uasset" 6293
"../../../Engine/Content/EngineMaterials/Substrate/GLints/dict_16_192_64_0p5_0p02_0062_0012.uasset" 6294
"../../../Engine/Content/EngineMaterials/Substrate/GLints/dict_16_192_64_0p5_0p02_0063_0000.uasset" 6295
"../../../Engine/Content/EngineMaterials/Substrate/GLints/dict_16_192_64_0p5_0p02_0063_0001.uasset" 6296
"../../../Engine/Content/EngineMaterials/Substrate/GLints/dict_16_192_64_0p5_0p02_0062_0006.uasset" 6297
"../../../Engine/Content/EngineMaterials/Substrate/GLints/dict_16_192_64_0p5_0p02_0063_0004.uasset" 6298
"../../../Engine/Content/EngineMaterials/Substrate/GLints/dict_16_192_64_0p5_0p02_0062_0013.uasset" 6299
"../../../Engine/Content/EngineMaterials/Substrate/GLints/dict_16_192_64_0p5_0p02_0063_0006.uasset" 6300
"../../../Engine/Content/EngineMaterials/Substrate/GLints/dict_16_192_64_0p5_0p02_0063_0007.uasset" 6301
"../../../Engine/Content/EngineMaterials/Substrate/GLints/dict_16_192_64_0p5_0p02_0062_0014.uasset" 6302
"../../../Engine/Content/EngineMaterials/Substrate/GLints/dict_16_192_64_0p5_0p02_0063_0008.uasset" 6303
"../../../Engine/Content/EngineMaterials/Substrate/GLints/dict_16_192_64_0p5_0p02_0063_0010.uasset" 6304
"../../../Engine/Content/EngineMaterials/Substrate/GLints/dict_16_192_64_0p5_0p02_0063_0011.uasset" 6305
"../../../Engine/Content/EngineMaterials/Substrate/GLints/dict_16_192_64_0p5_0p02_0063_0002.uasset" 6306
"../../../Engine/Content/EngineMaterials/Substrate/GLints/dict_16_192_64_0p5_0p02_0062_0008.uasset" 6307
"../../../Engine/Content/EngineMaterials/Substrate/GLints/dict_16_192_64_0p5_0p02_0063_0005.uasset" 6308
"../../../Engine/Content/EngineMaterials/Substrate/GLints/dict_16_192_64_0p5_0p02_0062_0015.uasset" 6309
"../../../Engine/Content/EngineMaterials/Substrate/GLints/dict_16_192_64_0p5_0p02_0062_0011.uasset" 6310
"../../../Engine/Content/EngineMaterials/Substrate/GLints/dict_16_192_64_0p5_0p02_0063_0009.uasset" 6311
"/Engine/EngineMaterials/Substrate/GLints/dict_16_192_64_0p5_0p02_0062_0005" 6312
"../../../Engine/Content/EngineMaterials/Substrate/GLints/dict_16_192_64_0p5_0p02_0063_0003.uasset" 6313
"/Engine/EngineMaterials/Substrate/GLints/dict_16_192_64_0p5_0p02_0062_0004" 6314
"/Engine/EngineMaterials/Substrate/GLints/dict_16_192_64_0p5_0p02_0062_0003" 6315
"/Engine/EngineMaterials/Substrate/GLints/dict_16_192_64_0p5_0p02_0062_0002" 6316
"/Engine/EngineMaterials/Substrate/GLints/dict_16_192_64_0p5_0p02_0062_0001" 6317
"/Engine/EngineMaterials/Substrate/GLints/dict_16_192_64_0p5_0p02_0062_0000" 6318
"/Engine/EngineMaterials/Substrate/GLints/dict_16_192_64_0p5_0p02_0061_0015" 6319
"/Engine/EngineMaterials/Substrate/GLints/dict_16_192_64_0p5_0p02_0061_0014" 6320
"/Engine/EngineMaterials/Substrate/GLints/dict_16_192_64_0p5_0p02_0063_0000" 6321
"/Engine/EngineMaterials/Substrate/GLints/dict_16_192_64_0p5_0p02_0061_0012" 6322
"/Engine/EngineMaterials/Substrate/GLints/dict_16_192_64_0p5_0p02_0062_0012" 6323
"/Engine/EngineMaterials/Substrate/GLints/dict_16_192_64_0p5_0p02_0062_0010" 6324
"/Engine/EngineMaterials/Substrate/GLints/dict_16_192_64_0p5_0p02_0062_0009" 6325
"/Engine/EngineMaterials/Substrate/GLints/dict_16_192_64_0p5_0p02_0062_0007" 6326
"/Engine/EngineMaterials/Substrate/GLints/dict_16_192_64_0p5_0p02_0061_0007" 6327
"/Engine/EngineMaterials/Substrate/GLints/dict_16_192_64_0p5_0p02_0062_0006" 6328
"../../../Engine/Content/EngineMaterials/Substrate/GLints/dict_16_192_64_0p5_0p02_0063_0014.uasset" 6329
"../../../Engine/Content/EngineMaterials/Substrate/Glints2/dict_0000_0002.uasset" 6330
"../../../Engine/Content/EngineMaterials/Substrate/Glints2/dict_0000_0003.uasset" 6331
"../../../Engine/Content/EngineMaterials/Substrate/GLints/dict_16_192_64_0p5_0p02_0063_0013.uasset" 6332
"../../../Engine/Content/EngineMaterials/Substrate/Glints2/dict_0000_0007.uasset" 6333
"../../../Engine/Content/EngineMaterials/Substrate/GLints/dict_16_192_64_0p5_0p02_0063_0012.uasset" 6334
"../../../Engine/Content/EngineMaterials/Substrate/Glints2/dict_0000_0006.uasset" 6335
"../../../Engine/Content/EngineMaterials/Substrate/Glints2/dict_0000_0009.uasset" 6336
"../../../Engine/Content/EngineMaterials/Substrate/Glints2/dict_0000_0010.uasset" 6337
"/Engine/EngineMaterials/Substrate/GLints/dict_16_192_64_0p5_0p02_0063_0011" 6338
"../../../Engine/Content/EngineMaterials/Substrate/Glints2/dict_0000_0004.uasset" 6339
"../../../Engine/Content/EngineMaterials/Substrate/Glints2/dict_0000_0001.uasset" 6340
"../../../Engine/Content/EngineMaterials/Substrate/Glints2/dict_0000_0000.uasset" 6341
"../../../Engine/Content/EngineMaterials/Substrate/Glints2/dict_0000_0008.uasset" 6342
"../../../Engine/Content/EngineMaterials/Substrate/GLints/dict_16_192_64_0p5_0p02_0063_0015.uasset" 6343
"../../../Engine/Content/EngineMaterials/Substrate/Glints2/dict_0000_0005.uasset" 6344
"../../../Engine/Content/EngineMaterials/Substrate/GLints/AGlintTex2dArray.uasset" 6345
"/Engine/EngineMaterials/Substrate/GLints/dict_16_192_64_0p5_0p02_0063_0010" 6346
"/Engine/EngineMaterials/Substrate/GLints/dict_16_192_64_0p5_0p02_0063_0009" 6347
"/Engine/EngineMaterials/Substrate/GLints/dict_16_192_64_0p5_0p02_0063_0008" 6348
"/Engine/EngineMaterials/Substrate/GLints/dict_16_192_64_0p5_0p02_0063_0007" 6349
"/Engine/EngineMaterials/Substrate/GLints/dict_16_192_64_0p5_0p02_0063_0006" 6350
"/Engine/EngineMaterials/Substrate/GLints/dict_16_192_64_0p5_0p02_0063_0005" 6351
"/Engine/EngineMaterials/Substrate/GLints/dict_16_192_64_0p5_0p02_0063_0004" 6352
"/Engine/EngineMaterials/Substrate/GLints/dict_16_192_64_0p5_0p02_0063_0003" 6353
"/Engine/EngineMaterials/Substrate/GLints/dict_16_192_64_0p5_0p02_0063_0002" 6354
"/Engine/EngineMaterials/Substrate/GLints/dict_16_192_64_0p5_0p02_0063_0001" 6355
"/Engine/EngineMaterials/Substrate/GLints/dict_16_192_64_0p5_0p02_0062_0015" 6356
"/Engine/EngineMaterials/Substrate/GLints/dict_16_192_64_0p5_0p02_0062_0014" 6357
"/Engine/EngineMaterials/Substrate/GLints/dict_16_192_64_0p5_0p02_0062_0013" 6358
"/Engine/EngineMaterials/Substrate/GLints/dict_16_192_64_0p5_0p02_0062_0011" 6359
"/Engine/EngineMaterials/Substrate/GLints/dict_16_192_64_0p5_0p02_0062_0008" 6360
"/Engine/EngineMaterials/Substrate/GLints/dict_16_192_64_0p5_0p02_0063_0014" 6361
"/Engine/EngineMaterials/Substrate/GLints/dict_16_192_64_0p5_0p02_0063_0013" 6362
"../../../Engine/Content/EngineMaterials/Substrate/Glints2/dict_0000_0011.uasset" 6363
"../../../Engine/Content/EngineMaterials/Substrate/Glints2/dict_0000_0015.uasset" 6364
"../../../Engine/Content/EngineMaterials/Substrate/Glints2/dict_0000_0017.uasset" 6365
"../../../Engine/Content/EngineMaterials/Substrate/Glints2/dict_0000_0018.uasset" 6366
"../../../Engine/Content/EngineMaterials/Substrate/Glints2/dict_0000_0020.uasset" 6367
"../../../Engine/Content/EngineMaterials/Substrate/Glints2/dict_0000_0024.uasset" 6368
"../../../Engine/Content/EngineMaterials/Substrate/Glints2/dict_0000_0019.uasset" 6369
"../../../Engine/Content/EngineMaterials/Substrate/Glints2/dict_0000_0026.uasset" 6370
"../../../Engine/Content/EngineMaterials/Substrate/Glints2/dict_0000_0021.uasset" 6371
"../../../Engine/Content/EngineMaterials/Substrate/Glints2/dict_0000_0023.uasset" 6372
"../../../Engine/Content/EngineMaterials/Substrate/Glints2/dict_0000_0028.uasset" 6373
"/Engine/EngineMaterials/Substrate/Glints2/dict_0000_0010" 6374
"../../../Engine/Content/EngineMaterials/Substrate/Glints2/dict_0000_0013.uasset" 6375
"../../../Engine/Content/EngineMaterials/Substrate/Glints2/dict_0000_0025.uasset" 6376
"../../../Engine/Content/EngineMaterials/Substrate/Glints2/dict_0000_0014.uasset" 6377
"../../../Engine/Content/EngineMaterials/Substrate/Glints2/dict_0000_0016.uasset" 6378
"../../../Engine/Content/EngineMaterials/Substrate/Glints2/dict_0000_0012.uasset" 6379
"../../../Engine/Content/EngineMaterials/Substrate/Glints2/dict_0000_0022.uasset" 6380
"../../../Engine/Content/EngineMaterials/Substrate/Glints2/dict_0000_0027.uasset" 6381
"/Engine/EngineMaterials/Substrate/Glints2/dict_0000_0009" 6382
"/Engine/EngineMaterials/Substrate/Glints2/dict_0000_0008" 6383
"/Engine/EngineMaterials/Substrate/Glints2/dict_0000_0007" 6384
"/Engine/EngineMaterials/Substrate/Glints2/dict_0000_0006" 6385
"/Engine/EngineMaterials/Substrate/Glints2/dict_0000_0005" 6386
"/Engine/EngineMaterials/Substrate/Glints2/dict_0000_0004" 6387
"/Engine/EngineMaterials/Substrate/Glints2/dict_0000_0003" 6388
"/Engine/EngineMaterials/Substrate/Glints2/dict_0000_0002" 6389
"/Engine/EngineMaterials/Substrate/Glints2/dict_0000_0001" 6390
"/Engine/EngineMaterials/Substrate/Glints2/dict_0000_0017" 6391
"/Engine/EngineMaterials/Substrate/Glints2/dict_0000_0015" 6392
"/Engine/EngineMaterials/Substrate/Glints2/dict_0000_0000" 6393
"/Engine/EngineMaterials/Substrate/GLints/AGlintTex2dArray" 6394
"/Engine/EngineMaterials/Substrate/Glints2/dict_0000_0011" 6395
"../../../Engine/Content/EngineMaterials/Substrate/Glints2/dict_0000_0029.uasset" 6396
"../../../Engine/Content/EngineMaterials/Substrate/Glints2/dict_0000_0031.uasset" 6397
"../../../Engine/Content/EngineMaterials/Substrate/Glints2/dict_0000_0033.uasset" 6398
"../../../Engine/Content/EngineMaterials/Substrate/Glints2/dict_0000_0034.uasset" 6399
"../../../Engine/Content/EngineMaterials/Substrate/Glints2/dict_0000_0032.uasset" 6400
"../../../Engine/Content/EngineMaterials/Substrate/Glints2/dict_0000_0035.uasset" 6401
"../../../Engine/Content/EngineMaterials/Substrate/Glints2/dict_0000_0037.uasset" 6402
"../../../Engine/Content/EngineMaterials/Substrate/Glints2/dict_0000_0041.uasset" 6403
"../../../Engine/Content/EngineMaterials/Substrate/Glints2/dict_0000_0036.uasset" 6404
"../../../Engine/Content/EngineMaterials/Substrate/Glints2/dict_0000_0042.uasset" 6405
"../../../Engine/Content/EngineMaterials/Substrate/Glints2/dict_0000_0043.uasset" 6406
"../../../Engine/Content/EngineMaterials/Substrate/Glints2/dict_0000_0038.uasset" 6407
"../../../Engine/Content/EngineMaterials/Substrate/Glints2/dict_0000_0045.uasset" 6408
"../../../Engine/Content/EngineMaterials/Substrate/Glints2/dict_0000_0039.uasset" 6409
"../../../Engine/Content/EngineMaterials/Substrate/Glints2/dict_0000_0040.uasset" 6410
"../../../Engine/Content/EngineMaterials/Substrate/Glints2/dict_0000_0044.uasset" 6411
"../../../Engine/Content/EngineMaterials/Substrate/Glints2/dict_0000_0030.uasset" 6412
"/Engine/EngineMaterials/Substrate/Glints2/dict_0000_0028" 6413
"/Engine/EngineMaterials/Substrate/Glints2/dict_0000_0027" 6414
"/Engine/EngineMaterials/Substrate/Glints2/dict_0000_0026" 6415
"/Engine/EngineMaterials/Substrate/Glints2/dict_0000_0025" 6416
"/Engine/EngineMaterials/Substrate/Glints2/dict_0000_0024" 6417
"/Engine/EngineMaterials/Substrate/Glints2/dict_0000_0023" 6418
"/Engine/EngineMaterials/Substrate/Glints2/dict_0000_0022" 6419
"/Engine/EngineMaterials/Substrate/Glints2/dict_0000_0021" 6420
"/Engine/EngineMaterials/Substrate/Glints2/dict_0000_0020" 6421
"/Engine/EngineMaterials/Substrate/Glints2/dict_0000_0019" 6422
"/Engine/EngineMaterials/Substrate/Glints2/dict_0000_0018" 6423
"/Engine/EngineMaterials/Substrate/Glints2/dict_0000_0016" 6424
"/Engine/EngineMaterials/Substrate/Glints2/dict_0000_0033" 6425
"/Engine/EngineMaterials/Substrate/Glints2/dict_0000_0014" 6426
"/Engine/EngineMaterials/Substrate/Glints2/dict_0000_0032" 6427
"/Engine/EngineMaterials/Substrate/Glints2/dict_0000_0031" 6428
"/Engine/EngineMaterials/Substrate/Glints2/dict_0000_0013" 6429
"/Engine/EngineMaterials/Substrate/Glints2/dict_0000_0012" 6430
"/Engine/EngineMaterials/Substrate/Glints2/dict_0000_0029" 6431
"../../../Engine/Content/EngineMaterials/Substrate/Glints2/dict_0000_0048.uasset" 6432
"../../../Engine/Content/EngineMaterials/Substrate/Glints2/dict_0000_0050.uasset" 6433
"../../../Engine/Content/EngineMaterials/Substrate/Glints2/dict_0000_0046.uasset" 6434
"../../../Engine/Content/EngineMaterials/Substrate/Glints2/dict_0000_0051.uasset" 6435
"../../../Engine/Content/EngineMaterials/Substrate/Glints2/dict_0000_0058.uasset" 6436
"../../../Engine/Content/EngineMaterials/Substrate/Glints2/dict_0000_0056.uasset" 6437
"../../../Engine/Content/EngineMaterials/Substrate/Glints2/dict_0000_0047.uasset" 6438
"../../../Engine/Content/EngineMaterials/Substrate/Glints2/dict_0000_0061.uasset" 6439
"../../../Engine/Content/EngineMaterials/Substrate/Glints2/dict_0000_0053.uasset" 6440
"../../../Engine/Content/EngineMaterials/Substrate/Glints2/dict_0000_0062.uasset" 6441
"../../../Engine/Content/EngineMaterials/Substrate/Glints2/dict_0000_0063.uasset" 6442
"../../../Engine/Content/EngineMaterials/Substrate/Glints2/dict_0000_0049.uasset" 6443
"../../../Engine/Content/EngineMaterials/Substrate/Glints2/dict_0000_0059.uasset" 6444
"/Engine/EngineMaterials/Substrate/Glints2/dict_0000_0045" 6445
"../../../Engine/Content/EngineMaterials/Substrate/Glints2/dict_0000_0055.uasset" 6446
"../../../Engine/Content/EngineMaterials/Substrate/Glints2/dict_0000_0054.uasset" 6447
"../../../Engine/Content/EngineMaterials/Substrate/Glints2/dict_0000_0057.uasset" 6448
"../../../Engine/Content/EngineMaterials/Substrate/Glints2/dict_0000_0060.uasset" 6449
"../../../Engine/Content/EngineMaterials/Substrate/Glints2/dict_0000_0064.uasset" 6450
"../../../Engine/Content/EngineMaterials/Substrate/Glints2/dict_0000_0052.uasset" 6451
"/Engine/EngineMaterials/Substrate/Glints2/dict_0000_0044" 6452
"/Engine/EngineMaterials/Substrate/Glints2/dict_0000_0043" 6453
"/Engine/EngineMaterials/Substrate/Glints2/dict_0000_0042" 6454
"/Engine/EngineMaterials/Substrate/Glints2/dict_0000_0041" 6455
"/Engine/EngineMaterials/Substrate/Glints2/dict_0000_0040" 6456
"/Engine/EngineMaterials/Substrate/Glints2/dict_0000_0039" 6457
"/Engine/EngineMaterials/Substrate/Glints2/dict_0000_0038" 6458
"/Engine/EngineMaterials/Substrate/Glints2/dict_0000_0037" 6459
"/Engine/EngineMaterials/Substrate/Glints2/dict_0000_0036" 6460
"/Engine/EngineMaterials/Substrate/Glints2/dict_0000_0035" 6461
"/Engine/EngineMaterials/Substrate/Glints2/dict_0000_0034" 6462
"/Engine/EngineMaterials/Substrate/Glints2/dict_0000_0051" 6463
"/Engine/EngineMaterials/Substrate/Glints2/dict_0000_0050" 6464
"/Engine/EngineMaterials/Substrate/Glints2/dict_0000_0048" 6465
"/Engine/EngineMaterials/Substrate/Glints2/dict_0000_0030" 6466
"/Engine/EngineMaterials/Substrate/Glints2/dict_0000_0046" 6467
"../../../Engine/Content/EngineMaterials/Substrate/Glints2/dict_0000_0065.uasset" 6468
"../../../Engine/Content/EngineMaterials/Substrate/Glints2/dict_0000_0068.uasset" 6469
"../../../Engine/Content/EngineMaterials/Substrate/Glints2/dict_0000_0070.uasset" 6470
"../../../Engine/Content/EngineMaterials/Substrate/Glints2/dict_0000_0074.uasset" 6471
"../../../Engine/Content/EngineMaterials/Substrate/Glints2/dict_0000_0075.uasset" 6472
"../../../Engine/Content/EngineMaterials/Substrate/Glints2/dict_0000_0071.uasset" 6473
"../../../Engine/Content/EngineMaterials/Substrate/Glints2/dict_0000_0077.uasset" 6474
"../../../Engine/Content/EngineMaterials/Substrate/Glints2/dict_0000_0080.uasset" 6475
"../../../Engine/Content/EngineMaterials/Substrate/Glints2/dict_0000_0067.uasset" 6476
"../../../Engine/Content/EngineMaterials/Substrate/Glints2/dict_0000_0081.uasset" 6477
"../../../Engine/Content/EngineMaterials/Substrate/Glints2/dict_0000_0066.uasset" 6478
"../../../Engine/Content/EngineMaterials/Substrate/Glints2/dict_0000_0073.uasset" 6479
"../../../Engine/Content/EngineMaterials/Substrate/Glints2/dict_0000_0069.uasset" 6480
"/Engine/EngineMaterials/Substrate/Glints2/dict_0000_0064" 6481
"../../../Engine/Content/EngineMaterials/Substrate/Glints2/dict_0000_0076.uasset" 6482
"../../../Engine/Content/EngineMaterials/Substrate/Glints2/dict_0000_0078.uasset" 6483
"../../../Engine/Content/EngineMaterials/Substrate/Glints2/dict_0000_0079.uasset" 6484
"../../../Engine/Content/EngineMaterials/Substrate/Glints2/dict_0000_0072.uasset" 6485
"/Engine/EngineMaterials/Substrate/Glints2/dict_0000_0063" 6486
"/Engine/EngineMaterials/Substrate/Glints2/dict_0000_0062" 6487
"/Engine/EngineMaterials/Substrate/Glints2/dict_0000_0061" 6488
"/Engine/EngineMaterials/Substrate/Glints2/dict_0000_0060" 6489
"/Engine/EngineMaterials/Substrate/Glints2/dict_0000_0059" 6490
"/Engine/EngineMaterials/Substrate/Glints2/dict_0000_0058" 6491
"/Engine/EngineMaterials/Substrate/Glints2/dict_0000_0075" 6492
"/Engine/EngineMaterials/Substrate/Glints2/dict_0000_0074" 6493
"/Engine/EngineMaterials/Substrate/Glints2/dict_0000_0057" 6494
"/Engine/EngineMaterials/Substrate/Glints2/dict_0000_0056" 6495
"/Engine/EngineMaterials/Substrate/Glints2/dict_0000_0055" 6496
"/Engine/EngineMaterials/Substrate/Glints2/dict_0000_0054" 6497
"/Engine/EngineMaterials/Substrate/Glints2/dict_0000_0071" 6498
"/Engine/EngineMaterials/Substrate/Glints2/dict_0000_0053" 6499
"/Engine/EngineMaterials/Substrate/Glints2/dict_0000_0070" 6500
"/Engine/EngineMaterials/Substrate/Glints2/dict_0000_0052" 6501
"/Engine/EngineMaterials/Substrate/Glints2/dict_0000_0068" 6502
"/Engine/EngineMaterials/Substrate/Glints2/dict_0000_0049" 6503
"/Engine/EngineMaterials/Substrate/Glints2/dict_0000_0047" 6504
"/Engine/EngineMaterials/Substrate/Glints2/dict_0000_0065" 6505
"../../../Engine/Content/EngineMaterials/Substrate/Glints2/dict_0000_0084.uasset" 6506
"../../../Engine/Content/EngineMaterials/Substrate/Glints2/dict_0000_0086.uasset" 6507
"../../../Engine/Content/EngineMaterials/Substrate/Glints2/dict_0000_0087.uasset" 6508
"../../../Engine/Content/EngineMaterials/Substrate/Glints2/dict_0000_0089.uasset" 6509
"../../../Engine/Content/EngineMaterials/Substrate/Glints2/dict_0000_0092.uasset" 6510
"../../../Engine/Content/EngineMaterials/Substrate/Glints2/dict_0000_0088.uasset" 6511
"../../../Engine/Content/EngineMaterials/Substrate/Glints2/dict_0000_0096.uasset" 6512
"../../../Engine/Content/EngineMaterials/Substrate/Glints2/dict_0000_0097.uasset" 6513
"../../../Engine/Content/EngineMaterials/Substrate/Glints2/dict_0000_0099.uasset" 6514
"../../../Engine/Content/EngineMaterials/Substrate/Glints2/dict_0000_0082.uasset" 6515
"../../../Engine/Content/EngineMaterials/Substrate/Glints2/dict_0000_0100.uasset" 6516
"../../../Engine/Content/EngineMaterials/Substrate/Glints2/dict_0000_0090.uasset" 6517
"../../../Engine/Content/EngineMaterials/Substrate/Glints2/dict_0000_0102.uasset" 6518
"../../../Engine/Content/EngineMaterials/Substrate/Glints2/dict_0000_0101.uasset" 6519
"../../../Engine/Content/EngineMaterials/Substrate/Glints2/dict_0000_0093.uasset" 6520
"../../../Engine/Content/EngineMaterials/Substrate/Glints2/dict_0000_0091.uasset" 6521
"../../../Engine/Content/EngineMaterials/Substrate/Glints2/dict_0000_0085.uasset" 6522
"../../../Engine/Content/EngineMaterials/Substrate/Glints2/dict_0000_0094.uasset" 6523
"../../../Engine/Content/EngineMaterials/Substrate/Glints2/dict_0000_0095.uasset" 6524
"../../../Engine/Content/EngineMaterials/Substrate/Glints2/dict_0000_0083.uasset" 6525
"../../../Engine/Content/EngineMaterials/Substrate/Glints2/dict_0000_0098.uasset" 6526
"/Engine/EngineMaterials/Substrate/Glints2/dict_0000_0081" 6527
"/Engine/EngineMaterials/Substrate/Glints2/dict_0000_0080" 6528
"/Engine/EngineMaterials/Substrate/Glints2/dict_0000_0079" 6529
"/Engine/EngineMaterials/Substrate/Glints2/dict_0000_0078" 6530
"/Engine/EngineMaterials/Substrate/Glints2/dict_0000_0077" 6531
"/Engine/EngineMaterials/Substrate/Glints2/dict_0000_0076" 6532
"/Engine/EngineMaterials/Substrate/Glints2/dict_0000_0073" 6533
"/Engine/EngineMaterials/Substrate/Glints2/dict_0000_0072" 6534
"/Engine/EngineMaterials/Substrate/Glints2/dict_0000_0089" 6535
"/Engine/EngineMaterials/Substrate/Glints2/dict_0000_0087" 6536
"/Engine/EngineMaterials/Substrate/Glints2/dict_0000_0086" 6537
"/Engine/EngineMaterials/Substrate/Glints2/dict_0000_0069" 6538
"/Engine/EngineMaterials/Substrate/Glints2/dict_0000_0084" 6539
"/Engine/EngineMaterials/Substrate/Glints2/dict_0000_0067" 6540
"/Engine/EngineMaterials/Substrate/Glints2/dict_0000_0066" 6541
"../../../Engine/Content/EngineMaterials/Substrate/Glints2/dict_0000_0103.uasset" 6542
"../../../Engine/Content/EngineMaterials/Substrate/Glints2/dict_0000_0106.uasset" 6543
"../../../Engine/Content/EngineMaterials/Substrate/Glints2/dict_0000_0107.uasset" 6544
"../../../Engine/Content/EngineMaterials/Substrate/Glints2/dict_0000_0105.uasset" 6545
"../../../Engine/Content/EngineMaterials/Substrate/Glints2/dict_0000_0108.uasset" 6546
"../../../Engine/Content/EngineMaterials/Substrate/Glints2/dict_0000_0111.uasset" 6547
"../../../Engine/Content/EngineMaterials/Substrate/Glints2/dict_0000_0115.uasset" 6548
"../../../Engine/Content/EngineMaterials/Substrate/Glints2/dict_0000_0112.uasset" 6549
"../../../Engine/Content/EngineMaterials/Substrate/Glints2/dict_0000_0116.uasset" 6550
"../../../Engine/Content/EngineMaterials/Substrate/Glints2/dict_0000_0109.uasset" 6551
"/Engine/EngineMaterials/Substrate/Glints2/dict_0000_0102" 6552
"../../../Engine/Content/EngineMaterials/Substrate/Glints2/dict_0000_0117.uasset" 6553
"../../../Engine/Content/EngineMaterials/Substrate/Glints2/dict_0000_0114.uasset" 6554
"../../../Engine/Content/EngineMaterials/Substrate/Glints2/dict_0000_0110.uasset" 6555
"../../../Engine/Content/EngineMaterials/Substrate/Glints2/dict_0000_0104.uasset" 6556
"../../../Engine/Content/EngineMaterials/Substrate/Glints2/dict_0000_0113.uasset" 6557
"/Engine/EngineMaterials/Substrate/Glints2/dict_0000_0101" 6558
"/Engine/EngineMaterials/Substrate/Glints2/dict_0000_0100" 6559
"/Engine/EngineMaterials/Substrate/Glints2/dict_0000_0099" 6560
"/Engine/EngineMaterials/Substrate/Glints2/dict_0000_0098" 6561
"/Engine/EngineMaterials/Substrate/Glints2/dict_0000_0097" 6562
"/Engine/EngineMaterials/Substrate/Glints2/dict_0000_0096" 6563
"/Engine/EngineMaterials/Substrate/Glints2/dict_0000_0095" 6564
"/Engine/EngineMaterials/Substrate/Glints2/dict_0000_0094" 6565
"/Engine/EngineMaterials/Substrate/Glints2/dict_0000_0093" 6566
"/Engine/EngineMaterials/Substrate/Glints2/dict_0000_0092" 6567
"/Engine/EngineMaterials/Substrate/Glints2/dict_0000_0091" 6568
"/Engine/EngineMaterials/Substrate/Glints2/dict_0000_0090" 6569
"/Engine/EngineMaterials/Substrate/Glints2/dict_0000_0088" 6570
"/Engine/EngineMaterials/Substrate/Glints2/dict_0000_0107" 6571
"/Engine/EngineMaterials/Substrate/Glints2/dict_0000_0106" 6572
"/Engine/EngineMaterials/Substrate/Glints2/dict_0000_0085" 6573
"/Engine/EngineMaterials/Substrate/Glints2/dict_0000_0105" 6574
"/Engine/EngineMaterials/Substrate/Glints2/dict_0000_0083" 6575
"/Engine/EngineMaterials/Substrate/Glints2/dict_0000_0103" 6576
"/Engine/EngineMaterials/Substrate/Glints2/dict_0000_0082" 6577
"../../../Engine/Content/EngineMaterials/Substrate/Glints2/dict_0000_0119.uasset" 6578
"../../../Engine/Content/EngineMaterials/Substrate/Glints2/dict_0000_0118.uasset" 6579
"../../../Engine/Content/EngineMaterials/Substrate/Glints2/dict_0000_0126.uasset" 6580
"../../../Engine/Content/EngineMaterials/Substrate/Glints2/dict_0000_0129.uasset" 6581
"../../../Engine/Content/EngineMaterials/Substrate/Glints2/dict_0000_0123.uasset" 6582
"../../../Engine/Content/EngineMaterials/Substrate/Glints2/dict_0000_0131.uasset" 6583
"../../../Engine/Content/EngineMaterials/Substrate/Glints2/dict_0000_0132.uasset" 6584
"../../../Engine/Content/EngineMaterials/Substrate/Glints2/dict_0000_0121.uasset" 6585
"../../../Engine/Content/EngineMaterials/Substrate/Glints2/dict_0000_0125.uasset" 6586
"../../../Engine/Content/EngineMaterials/Substrate/Glints2/dict_0000_0134.uasset" 6587
"../../../Engine/Content/EngineMaterials/Substrate/Glints2/dict_0000_0120.uasset" 6588
"../../../Engine/Content/EngineMaterials/Substrate/Glints2/dict_0000_0138.uasset" 6589
"../../../Engine/Content/EngineMaterials/Substrate/Glints2/dict_0000_0136.uasset" 6590
"../../../Engine/Content/EngineMaterials/Substrate/Glints2/dict_0000_0127.uasset" 6591
"../../../Engine/Content/EngineMaterials/Substrate/Glints2/dict_0000_0130.uasset" 6592
"../../../Engine/Content/EngineMaterials/Substrate/Glints2/dict_0000_0122.uasset" 6593
"../../../Engine/Content/EngineMaterials/Substrate/Glints2/dict_0000_0124.uasset" 6594
"/Engine/EngineMaterials/Substrate/Glints2/dict_0000_0117" 6595
"../../../Engine/Content/EngineMaterials/Substrate/Glints2/dict_0000_0133.uasset" 6596
"../../../Engine/Content/EngineMaterials/Substrate/Glints2/dict_0000_0135.uasset" 6597
"../../../Engine/Content/EngineMaterials/Substrate/Glints2/dict_0000_0137.uasset" 6598
"../../../Engine/Content/EngineMaterials/Substrate/Glints2/dict_0000_0128.uasset" 6599
"/Engine/EngineMaterials/Substrate/Glints2/dict_0000_0116" 6600
"/Engine/EngineMaterials/Substrate/Glints2/dict_0000_0115" 6601
"/Engine/EngineMaterials/Substrate/Glints2/dict_0000_0114" 6602
"/Engine/EngineMaterials/Substrate/Glints2/dict_0000_0113" 6603
"/Engine/EngineMaterials/Substrate/Glints2/dict_0000_0112" 6604
"/Engine/EngineMaterials/Substrate/Glints2/dict_0000_0111" 6605
"/Engine/EngineMaterials/Substrate/Glints2/dict_0000_0110" 6606
"/Engine/EngineMaterials/Substrate/Glints2/dict_0000_0109" 6607
"/Engine/EngineMaterials/Substrate/Glints2/dict_0000_0108" 6608
"/Engine/EngineMaterials/Substrate/Glints2/dict_0000_0104" 6609
"/Engine/EngineMaterials/Substrate/Glints2/dict_0000_0119" 6610
"/Engine/EngineMaterials/Substrate/Glints2/dict_0000_0118" 6611
"../../../Engine/Content/EngineMaterials/Substrate/Glints2/dict_0000_0141.uasset" 6612
"../../../Engine/Content/EngineMaterials/Substrate/Glints2/dict_0000_0148.uasset" 6613
"../../../Engine/Content/EngineMaterials/Substrate/Glints2/dict_0000_0150.uasset" 6614
"../../../Engine/Content/EngineMaterials/Substrate/Glints2/dict_0000_0142.uasset" 6615
"../../../Engine/Content/EngineMaterials/Substrate/Glints2/dict_0000_0146.uasset" 6616
"../../../Engine/Content/EngineMaterials/Substrate/Glints2/dict_0000_0144.uasset" 6617
"/Engine/EngineMaterials/Substrate/Glints2/dict_0000_0138" 6618
"../../../Engine/Content/EngineMaterials/Substrate/Glints2/dict_0000_0140.uasset" 6619
"../../../Engine/Content/EngineMaterials/Substrate/Glints2/dict_0000_0139.uasset" 6620
"../../../Engine/Content/EngineMaterials/Substrate/Glints2/dict_0000_0147.uasset" 6621
"../../../Engine/Content/EngineMaterials/Substrate/Glints2/dict_0000_0143.uasset" 6622
"../../../Engine/Content/EngineMaterials/Substrate/Glints2/dict_0000_0149.uasset" 6623
"../../../Engine/Content/EngineMaterials/Substrate/Glints2/dict_0000_0151.uasset" 6624
"../../../Engine/Content/EngineMaterials/Substrate/Glints2/dict_0000_0145.uasset" 6625
"/Engine/EngineMaterials/Substrate/Glints2/dict_0000_0137" 6626
"/Engine/EngineMaterials/Substrate/Glints2/dict_0000_0136" 6627
"/Engine/EngineMaterials/Substrate/Glints2/dict_0000_0135" 6628
"/Engine/EngineMaterials/Substrate/Glints2/dict_0000_0134" 6629
"/Engine/EngineMaterials/Substrate/Glints2/dict_0000_0133" 6630
"/Engine/EngineMaterials/Substrate/Glints2/dict_0000_0132" 6631
"/Engine/EngineMaterials/Substrate/Glints2/dict_0000_0131" 6632
"/Engine/EngineMaterials/Substrate/Glints2/dict_0000_0130" 6633
"/Engine/EngineMaterials/Substrate/Glints2/dict_0000_0129" 6634
"/Engine/EngineMaterials/Substrate/Glints2/dict_0000_0128" 6635
"/Engine/EngineMaterials/Substrate/Glints2/dict_0000_0127" 6636
"/Engine/EngineMaterials/Substrate/Glints2/dict_0000_0126" 6637
"/Engine/EngineMaterials/Substrate/Glints2/dict_0000_0125" 6638
"/Engine/EngineMaterials/Substrate/Glints2/dict_0000_0124" 6639
"/Engine/EngineMaterials/Substrate/Glints2/dict_0000_0123" 6640
"/Engine/EngineMaterials/Substrate/Glints2/dict_0000_0122" 6641
"/Engine/EngineMaterials/Substrate/Glints2/dict_0000_0121" 6642
"/Engine/EngineMaterials/Substrate/Glints2/dict_0000_0141" 6643
"/Engine/EngineMaterials/Substrate/Glints2/dict_0000_0120" 6644
"../../../Engine/Content/EngineMaterials/Substrate/Glints2/dict_0000_0154.uasset" 6645
"../../../Engine/Content/EngineMaterials/Substrate/Glints2/dict_0000_0158.uasset" 6646
"../../../Engine/Content/EngineMaterials/Substrate/Glints2/dict_0000_0155.uasset" 6647
"../../../Engine/Content/EngineMaterials/Substrate/Glints2/dict_0000_0160.uasset" 6648
"../../../Engine/Content/EngineMaterials/Substrate/Glints2/dict_0000_0161.uasset" 6649
"../../../Engine/Content/EngineMaterials/Substrate/Glints2/dict_0000_0164.uasset" 6650
"../../../Engine/Content/EngineMaterials/Substrate/Glints2/dict_0000_0157.uasset" 6651
"../../../Engine/Content/EngineMaterials/Substrate/Glints2/dict_0000_0166.uasset" 6652
"../../../Engine/Content/EngineMaterials/Substrate/Glints2/dict_0000_0168.uasset" 6653
"/Engine/EngineMaterials/Substrate/Glints2/dict_0000_0151" 6654
"../../../Engine/Content/EngineMaterials/Substrate/Glints2/dict_0000_0169.uasset" 6655
"../../../Engine/Content/EngineMaterials/Substrate/Glints2/dict_0000_0170.uasset" 6656
"../../../Engine/Content/EngineMaterials/Substrate/Glints2/dict_0000_0171.uasset" 6657
"../../../Engine/Content/EngineMaterials/Substrate/Glints2/dict_0000_0163.uasset" 6658
"../../../Engine/Content/EngineMaterials/Substrate/Glints2/dict_0000_0167.uasset" 6659
"../../../Engine/Content/EngineMaterials/Substrate/Glints2/dict_0000_0159.uasset" 6660
"../../../Engine/Content/EngineMaterials/Substrate/Glints2/dict_0000_0162.uasset" 6661
"../../../Engine/Content/EngineMaterials/Substrate/Glints2/dict_0000_0152.uasset" 6662
"../../../Engine/Content/EngineMaterials/Substrate/Glints2/dict_0000_0156.uasset" 6663
"../../../Engine/Content/EngineMaterials/Substrate/Glints2/dict_0000_0165.uasset" 6664
"../../../Engine/Content/EngineMaterials/Substrate/Glints2/dict_0000_0153.uasset" 6665
"/Engine/EngineMaterials/Substrate/Glints2/dict_0000_0150" 6666
"/Engine/EngineMaterials/Substrate/Glints2/dict_0000_0149" 6667
"/Engine/EngineMaterials/Substrate/Glints2/dict_0000_0148" 6668
"/Engine/EngineMaterials/Substrate/Glints2/dict_0000_0147" 6669
"/Engine/EngineMaterials/Substrate/Glints2/dict_0000_0146" 6670
"/Engine/EngineMaterials/Substrate/Glints2/dict_0000_0145" 6671
"/Engine/EngineMaterials/Substrate/Glints2/dict_0000_0144" 6672
"/Engine/EngineMaterials/Substrate/Glints2/dict_0000_0143" 6673
"/Engine/EngineMaterials/Substrate/Glints2/dict_0000_0158" 6674
"/Engine/EngineMaterials/Substrate/Glints2/dict_0000_0142" 6675
"/Engine/EngineMaterials/Substrate/Glints2/dict_0000_0155" 6676
"/Engine/EngineMaterials/Substrate/Glints2/dict_0000_0154" 6677
"/Engine/EngineMaterials/Substrate/Glints2/dict_0000_0140" 6678
"/Engine/EngineMaterials/Substrate/Glints2/dict_0000_0139" 6679
"../../../Engine/Content/EngineMaterials/Substrate/Glints2/dict_0000_0175.uasset" 6680
"../../../Engine/Content/EngineMaterials/Substrate/Glints2/dict_0000_0176.uasset" 6681
"../../../Engine/Content/EngineMaterials/Substrate/Glints2/dict_0000_0173.uasset" 6682
"../../../Engine/Content/EngineMaterials/Substrate/Glints2/dict_0000_0177.uasset" 6683
"../../../Engine/Content/EngineMaterials/Substrate/Glints2/dict_0000_0181.uasset" 6684
"../../../Engine/Content/EngineMaterials/Substrate/Glints2/dict_0000_0184.uasset" 6685
"../../../Engine/Content/EngineMaterials/Substrate/Glints2/dict_0000_0180.uasset" 6686
"../../../Engine/Content/EngineMaterials/Substrate/Glints2/dict_0000_0185.uasset" 6687
"../../../Engine/Content/EngineMaterials/Substrate/Glints2/dict_0000_0186.uasset" 6688
"../../../Engine/Content/EngineMaterials/Substrate/Glints2/dict_0000_0172.uasset" 6689
"../../../Engine/Content/EngineMaterials/Substrate/Glints2/dict_0000_0179.uasset" 6690
"../../../Engine/Content/EngineMaterials/Substrate/Glints2/dict_0000_0174.uasset" 6691
"../../../Engine/Content/EngineMaterials/Substrate/Glints2/dict_0000_0178.uasset" 6692
"../../../Engine/Content/EngineMaterials/Substrate/Glints2/dict_0000_0183.uasset" 6693
"../../../Engine/Content/EngineMaterials/Substrate/Glints2/dict_0000_0182.uasset" 6694
"/Engine/EngineMaterials/Substrate/Glints2/dict_0000_0171" 6695
"/Engine/EngineMaterials/Substrate/Glints2/dict_0000_0170" 6696
"/Engine/EngineMaterials/Substrate/Glints2/dict_0000_0169" 6697
"/Engine/EngineMaterials/Substrate/Glints2/dict_0000_0168" 6698
"/Engine/EngineMaterials/Substrate/Glints2/dict_0000_0167" 6699
"/Engine/EngineMaterials/Substrate/Glints2/dict_0000_0166" 6700
"/Engine/EngineMaterials/Substrate/Glints2/dict_0000_0165" 6701
"/Engine/EngineMaterials/Substrate/Glints2/dict_0000_0164" 6702
"/Engine/EngineMaterials/Substrate/Glints2/dict_0000_0163" 6703
"/Engine/EngineMaterials/Substrate/Glints2/dict_0000_0162" 6704
"/Engine/EngineMaterials/Substrate/Glints2/dict_0000_0161" 6705
"/Engine/EngineMaterials/Substrate/Glints2/dict_0000_0160" 6706
"/Engine/EngineMaterials/Substrate/Glints2/dict_0000_0159" 6707
"/Engine/EngineMaterials/Substrate/Glints2/dict_0000_0176" 6708
"/Engine/EngineMaterials/Substrate/Glints2/dict_0000_0157" 6709
"/Engine/EngineMaterials/Substrate/Glints2/dict_0000_0156" 6710
"/Engine/EngineMaterials/Substrate/Glints2/dict_0000_0175" 6711
"/Engine/EngineMaterials/Substrate/Glints2/dict_0000_0153" 6712
"/Engine/EngineMaterials/Substrate/Glints2/dict_0000_0152" 6713
"/Engine/EngineMaterials/Substrate/Glints2/dict_0000_0173" 6714
"../../../Engine/Content/EngineMaterials/Substrate/Glints2/dict_0000_0187.uasset" 6715
"../../../Engine/Content/EngineMaterials/Substrate/Glints2/dict_0000_0193.uasset" 6716
"../../../Engine/Content/EngineMaterials/Substrate/Glints2/dict_0000_0190.uasset" 6717
"../../../Engine/Content/EngineMaterials/Substrate/Glints2/dict_0000_0194.uasset" 6718
"../../../Engine/Content/EngineMaterials/Substrate/Glints2/dict_0000_0197.uasset" 6719
"../../../Engine/Content/EngineMaterials/Substrate/Glints2/dict_0000_0200.uasset" 6720
"../../../Engine/Content/EngineMaterials/Substrate/Glints2/dict_0000_0199.uasset" 6721
"../../../Engine/Content/EngineMaterials/Substrate/Glints2/dict_0000_0188.uasset" 6722
"../../../Engine/Content/EngineMaterials/Substrate/Glints2/dict_0000_0201.uasset" 6723
"../../../Engine/Content/EngineMaterials/Substrate/Glints2/dict_0000_0196.uasset" 6724
"../../../Engine/Content/EngineMaterials/Substrate/Glints2/dict_0000_0203.uasset" 6725
"../../../Engine/Content/EngineMaterials/Substrate/Glints2/dict_0000_0191.uasset" 6726
"../../../Engine/Content/EngineMaterials/Substrate/Glints2/dict_0000_0205.uasset" 6727
"../../../Engine/Content/EngineMaterials/Substrate/Glints2/dict_0000_0206.uasset" 6728
"../../../Engine/Content/EngineMaterials/Substrate/Glints2/dict_0000_0195.uasset" 6729
"../../../Engine/Content/EngineMaterials/Substrate/Glints2/dict_0000_0192.uasset" 6730
"../../../Engine/Content/EngineMaterials/Substrate/Glints2/dict_0000_0189.uasset" 6731
"../../../Engine/Content/EngineMaterials/Substrate/Glints2/dict_0000_0198.uasset" 6732
"/Engine/EngineMaterials/Substrate/Glints2/dict_0000_0186" 6733
"../../../Engine/Content/EngineMaterials/Substrate/Glints2/dict_0000_0204.uasset" 6734
"../../../Engine/Content/EngineMaterials/Substrate/Glints2/dict_0000_0202.uasset" 6735
"/Engine/EngineMaterials/Substrate/Glints2/dict_0000_0185" 6736
"/Engine/EngineMaterials/Substrate/Glints2/dict_0000_0184" 6737
"/Engine/EngineMaterials/Substrate/Glints2/dict_0000_0183" 6738
"/Engine/EngineMaterials/Substrate/Glints2/dict_0000_0182" 6739
"/Engine/EngineMaterials/Substrate/Glints2/dict_0000_0181" 6740
"/Engine/EngineMaterials/Substrate/Glints2/dict_0000_0180" 6741
"/Engine/EngineMaterials/Substrate/Glints2/dict_0000_0179" 6742
"/Engine/EngineMaterials/Substrate/Glints2/dict_0000_0178" 6743
"/Engine/EngineMaterials/Substrate/Glints2/dict_0000_0177" 6744
"/Engine/EngineMaterials/Substrate/Glints2/dict_0000_0193" 6745
"/Engine/EngineMaterials/Substrate/Glints2/dict_0000_0190" 6746
"/Engine/EngineMaterials/Substrate/Glints2/dict_0000_0174" 6747
"/Engine/EngineMaterials/Substrate/Glints2/dict_0000_0187" 6748
"/Engine/EngineMaterials/Substrate/Glints2/dict_0000_0172" 6749
"../../../Engine/Content/EngineMaterials/Substrate/Glints2/dict_0000_0207.uasset" 6750
"../../../Engine/Content/EngineMaterials/Substrate/Glints2/dict_0000_0209.uasset" 6751
"../../../Engine/Content/EngineMaterials/Substrate/Glints2/dict_0000_0211.uasset" 6752
"../../../Engine/Content/EngineMaterials/Substrate/Glints2/dict_0000_0213.uasset" 6753
"../../../Engine/Content/EngineMaterials/Substrate/Glints2/dict_0000_0220.uasset" 6754
"../../../Engine/Content/EngineMaterials/Substrate/Glints2/dict_0000_0208.uasset" 6755
"/Engine/EngineMaterials/Substrate/Glints2/dict_0000_0206" 6756
"../../../Engine/Content/EngineMaterials/Substrate/Glints2/dict_0000_0221.uasset" 6757
"../../../Engine/Content/EngineMaterials/Substrate/Glints2/dict_0000_0217.uasset" 6758
"../../../Engine/Content/EngineMaterials/Substrate/Glints2/dict_0000_0218.uasset" 6759
"../../../Engine/Content/EngineMaterials/Substrate/Glints2/dict_0000_0215.uasset" 6760
"../../../Engine/Content/EngineMaterials/Substrate/Glints2/dict_0000_0216.uasset" 6761
"../../../Engine/Content/EngineMaterials/Substrate/Glints2/dict_0000_0210.uasset" 6762
"../../../Engine/Content/EngineMaterials/Substrate/Glints2/dict_0000_0212.uasset" 6763
"../../../Engine/Content/EngineMaterials/Substrate/Glints2/dict_0000_0219.uasset" 6764
"../../../Engine/Content/EngineMaterials/Substrate/Glints2/dict_0000_0214.uasset" 6765
"/Engine/EngineMaterials/Substrate/Glints2/dict_0000_0205" 6766
"/Engine/EngineMaterials/Substrate/Glints2/dict_0000_0204" 6767
"/Engine/EngineMaterials/Substrate/Glints2/dict_0000_0203" 6768
"/Engine/EngineMaterials/Substrate/Glints2/dict_0000_0202" 6769
"/Engine/EngineMaterials/Substrate/Glints2/dict_0000_0201" 6770
"/Engine/EngineMaterials/Substrate/Glints2/dict_0000_0200" 6771
"/Engine/EngineMaterials/Substrate/Glints2/dict_0000_0199" 6772
"/Engine/EngineMaterials/Substrate/Glints2/dict_0000_0198" 6773
"/Engine/EngineMaterials/Substrate/Glints2/dict_0000_0197" 6774
"/Engine/EngineMaterials/Substrate/Glints2/dict_0000_0196" 6775
"/Engine/EngineMaterials/Substrate/Glints2/dict_0000_0195" 6776
"/Engine/EngineMaterials/Substrate/Glints2/dict_0000_0194" 6777
"/Engine/EngineMaterials/Substrate/Glints2/dict_0000_0192" 6778
"/Engine/EngineMaterials/Substrate/Glints2/dict_0000_0191" 6779
"/Engine/EngineMaterials/Substrate/Glints2/dict_0000_0189" 6780
"/Engine/EngineMaterials/Substrate/Glints2/dict_0000_0188" 6781
"/Engine/EngineMaterials/Substrate/Glints2/dict_0000_0207" 6782
"../../../Engine/Content/EngineMaterials/Substrate/Glints2/dict_0000_0222.uasset" 6783
"../../../Engine/Content/EngineMaterials/Substrate/Glints2/dict_0000_0223.uasset" 6784
"../../../Engine/Content/EngineMaterials/Substrate/Glints2/dict_0000_0227.uasset" 6785
"../../../Engine/Content/EngineMaterials/Substrate/Glints2/dict_0000_0232.uasset" 6786
"../../../Engine/Content/EngineMaterials/Substrate/Glints2/dict_0000_0228.uasset" 6787
"../../../Engine/Content/EngineMaterials/Substrate/Glints2/dict_0000_0235.uasset" 6788
"/Engine/EngineMaterials/Substrate/Glints2/dict_0000_0221" 6789
"../../../Engine/Content/EngineMaterials/Substrate/Glints2/dict_0000_0236.uasset" 6790
"../../../Engine/Content/EngineMaterials/Substrate/Glints2/dict_0000_0237.uasset" 6791
"../../../Engine/Content/EngineMaterials/Substrate/Glints2/dict_0000_0229.uasset" 6792
"../../../Engine/Content/EngineMaterials/Substrate/Glints2/dict_0000_0238.uasset" 6793
"../../../Engine/Content/EngineMaterials/Substrate/Glints2/dict_0000_0225.uasset" 6794
"../../../Engine/Content/EngineMaterials/Substrate/Glints2/dict_0000_0230.uasset" 6795
"../../../Engine/Content/EngineMaterials/Substrate/Glints2/dict_0000_0233.uasset" 6796
"../../../Engine/Content/EngineMaterials/Substrate/Glints2/dict_0000_0224.uasset" 6797
"../../../Engine/Content/EngineMaterials/Substrate/Glints2/dict_0000_0234.uasset" 6798
"../../../Engine/Content/EngineMaterials/Substrate/Glints2/dict_0000_0226.uasset" 6799
"../../../Engine/Content/EngineMaterials/Substrate/Glints2/dict_0000_0231.uasset" 6800
"../../../Engine/Content/EngineMaterials/Substrate/Glints2/dict_0000_0239.uasset" 6801
"/Engine/EngineMaterials/Substrate/Glints2/dict_0000_0220" 6802
"/Engine/EngineMaterials/Substrate/Glints2/dict_0000_0219" 6803
"/Engine/EngineMaterials/Substrate/Glints2/dict_0000_0218" 6804
"/Engine/EngineMaterials/Substrate/Glints2/dict_0000_0217" 6805
"/Engine/EngineMaterials/Substrate/Glints2/dict_0000_0216" 6806
"/Engine/EngineMaterials/Substrate/Glints2/dict_0000_0215" 6807
"/Engine/EngineMaterials/Substrate/Glints2/dict_0000_0214" 6808
"/Engine/EngineMaterials/Substrate/Glints2/dict_0000_0213" 6809
"/Engine/EngineMaterials/Substrate/Glints2/dict_0000_0212" 6810
"/Engine/EngineMaterials/Substrate/Glints2/dict_0000_0211" 6811
"/Engine/EngineMaterials/Substrate/Glints2/dict_0000_0210" 6812
"/Engine/EngineMaterials/Substrate/Glints2/dict_0000_0209" 6813
"/Engine/EngineMaterials/Substrate/Glints2/dict_0000_0208" 6814
"/Engine/EngineMaterials/Substrate/Glints2/dict_0000_0222" 6815
"../../../Engine/Content/EngineMaterials/Substrate/Glints2/dict_0000_0240.uasset" 6816
"../../../Engine/Content/EngineMaterials/Substrate/Glints2/dict_0000_0243.uasset" 6817
"../../../Engine/Content/EngineMaterials/Substrate/Glints2/dict_0000_0241.uasset" 6818
"../../../Engine/Content/EngineMaterials/Substrate/Glints2/dict_0000_0242.uasset" 6819
"../../../Engine/Content/EngineMaterials/Substrate/Glints2/dict_0000_0248.uasset" 6820
"../../../Engine/Content/EngineMaterials/Substrate/Glints2/dict_0000_0245.uasset" 6821
"../../../Engine/Content/EngineMaterials/Substrate/Glints2/dict_0000_0250.uasset" 6822
"../../../Engine/Content/EngineMaterials/Substrate/Glints2/dict_0000_0247.uasset" 6823
"../../../Engine/Content/EngineMaterials/Substrate/Glints2/dict_0000_0254.uasset" 6824
"../../../Engine/Content/EngineMaterials/Substrate/Glints2/dict_0000_0244.uasset" 6825
"../../../Engine/Content/EngineMaterials/Substrate/Glints2/dict_0000_0246.uasset" 6826
"/Engine/EngineMaterials/Substrate/Glints2/dict_0000_0239" 6827
"../../../Engine/Content/EngineMaterials/Substrate/Glints2/dict_0000_0252.uasset" 6828
"../../../Engine/Content/EngineMaterials/Substrate/Glints2/dict_0000_0249.uasset" 6829
"../../../Engine/Content/EngineMaterials/Substrate/Glints2/dict_0000_0251.uasset" 6830
"../../../Engine/Content/EngineMaterials/Substrate/Glints2/dict_0000_0253.uasset" 6831
"/Engine/EngineMaterials/Substrate/Glints2/dict_0000_0238" 6832
"/Engine/EngineMaterials/Substrate/Glints2/dict_0000_0237" 6833
"/Engine/EngineMaterials/Substrate/Glints2/dict_0000_0236" 6834
"/Engine/EngineMaterials/Substrate/Glints2/dict_0000_0235" 6835
"/Engine/EngineMaterials/Substrate/Glints2/dict_0000_0234" 6836
"/Engine/EngineMaterials/Substrate/Glints2/dict_0000_0233" 6837
"/Engine/EngineMaterials/Substrate/Glints2/dict_0000_0232" 6838
"/Engine/EngineMaterials/Substrate/Glints2/dict_0000_0231" 6839
"/Engine/EngineMaterials/Substrate/Glints2/dict_0000_0230" 6840
"/Engine/EngineMaterials/Substrate/Glints2/dict_0000_0229" 6841
"/Engine/EngineMaterials/Substrate/Glints2/dict_0000_0228" 6842
"/Engine/EngineMaterials/Substrate/Glints2/dict_0000_0227" 6843
"/Engine/EngineMaterials/Substrate/Glints2/dict_0000_0248" 6844
"/Engine/EngineMaterials/Substrate/Glints2/dict_0000_0226" 6845
"/Engine/EngineMaterials/Substrate/Glints2/dict_0000_0225" 6846
"/Engine/EngineMaterials/Substrate/Glints2/dict_0000_0243" 6847
"/Engine/EngineMaterials/Substrate/Glints2/dict_0000_0242" 6848
"/Engine/EngineMaterials/Substrate/Glints2/dict_0000_0224" 6849
"/Engine/EngineMaterials/Substrate/Glints2/dict_0000_0223" 6850
"/Engine/EngineMaterials/Substrate/Glints2/dict_0000_0241" 6851
"/Engine/EngineMaterials/Substrate/Glints2/dict_0000_0240" 6852
"../../../Engine/Content/EngineMaterials/Substrate/Glints2/dict_0001_0001.uasset" 6853
"../../../Engine/Content/EngineMaterials/Substrate/Glints2/dict_0001_0005.uasset" 6854
"../../../Engine/Content/EngineMaterials/Substrate/Glints2/dict_0000_0255.uasset" 6855
"../../../Engine/Content/EngineMaterials/Substrate/Glints2/dict_0001_0000.uasset" 6856
"../../../Engine/Content/EngineMaterials/Substrate/Glints2/dict_0001_0010.uasset" 6857
"../../../Engine/Content/EngineMaterials/Substrate/Glints2/dict_0001_0011.uasset" 6858
"../../../Engine/Content/EngineMaterials/Substrate/Glints2/dict_0001_0008.uasset" 6859
"/Engine/EngineMaterials/Substrate/Glints2/dict_0000_0254" 6860
"../../../Engine/Content/EngineMaterials/Substrate/Glints2/dict_0001_0013.uasset" 6861
"../../../Engine/Content/EngineMaterials/Substrate/Glints2/dict_0001_0014.uasset" 6862
"../../../Engine/Content/EngineMaterials/Substrate/Glints2/dict_0001_0002.uasset" 6863
"../../../Engine/Content/EngineMaterials/Substrate/Glints2/dict_0001_0016.uasset" 6864
"../../../Engine/Content/EngineMaterials/Substrate/Glints2/dict_0001_0003.uasset" 6865
"../../../Engine/Content/EngineMaterials/Substrate/Glints2/dict_0001_0018.uasset" 6866
"../../../Engine/Content/EngineMaterials/Substrate/Glints2/dict_0001_0019.uasset" 6867
"../../../Engine/Content/EngineMaterials/Substrate/Glints2/dict_0001_0009.uasset" 6868
"../../../Engine/Content/EngineMaterials/Substrate/Glints2/dict_0001_0012.uasset" 6869
"../../../Engine/Content/EngineMaterials/Substrate/Glints2/dict_0001_0006.uasset" 6870
"../../../Engine/Content/EngineMaterials/Substrate/Glints2/dict_0001_0017.uasset" 6871
"../../../Engine/Content/EngineMaterials/Substrate/Glints2/dict_0001_0015.uasset" 6872
"../../../Engine/Content/EngineMaterials/Substrate/Glints2/dict_0001_0007.uasset" 6873
"../../../Engine/Content/EngineMaterials/Substrate/Glints2/dict_0001_0004.uasset" 6874
"../../../Engine/Content/EngineMaterials/Substrate/Glints2/dict_0001_0020.uasset" 6875
"/Engine/EngineMaterials/Substrate/Glints2/dict_0000_0253" 6876
"/Engine/EngineMaterials/Substrate/Glints2/dict_0000_0252" 6877
"/Engine/EngineMaterials/Substrate/Glints2/dict_0000_0251" 6878
"/Engine/EngineMaterials/Substrate/Glints2/dict_0000_0250" 6879
"/Engine/EngineMaterials/Substrate/Glints2/dict_0000_0249" 6880
"/Engine/EngineMaterials/Substrate/Glints2/dict_0000_0247" 6881
"/Engine/EngineMaterials/Substrate/Glints2/dict_0000_0246" 6882
"/Engine/EngineMaterials/Substrate/Glints2/dict_0000_0245" 6883
"/Engine/EngineMaterials/Substrate/Glints2/dict_0000_0244" 6884
"/Engine/EngineMaterials/Substrate/Glints2/dict_0001_0005" 6885
"/Engine/EngineMaterials/Substrate/Glints2/dict_0001_0001" 6886
"/Engine/EngineMaterials/Substrate/Glints2/dict_0000_0255" 6887
"../../../Engine/Content/EngineMaterials/Substrate/Glints2/dict_0001_0025.uasset" 6888
"../../../Engine/Content/EngineMaterials/Substrate/Glints2/dict_0001_0027.uasset" 6889
"../../../Engine/Content/EngineMaterials/Substrate/Glints2/dict_0001_0032.uasset" 6890
"../../../Engine/Content/EngineMaterials/Substrate/Glints2/dict_0001_0030.uasset" 6891
"../../../Engine/Content/EngineMaterials/Substrate/Glints2/dict_0001_0024.uasset" 6892
"/Engine/EngineMaterials/Substrate/Glints2/dict_0001_0020" 6893
"../../../Engine/Content/EngineMaterials/Substrate/Glints2/dict_0001_0023.uasset" 6894
"../../../Engine/Content/EngineMaterials/Substrate/Glints2/dict_0001_0021.uasset" 6895
"../../../Engine/Content/EngineMaterials/Substrate/Glints2/dict_0001_0022.uasset" 6896
"../../../Engine/Content/EngineMaterials/Substrate/Glints2/dict_0001_0026.uasset" 6897
"../../../Engine/Content/EngineMaterials/Substrate/Glints2/dict_0001_0028.uasset" 6898
"../../../Engine/Content/EngineMaterials/Substrate/Glints2/dict_0001_0029.uasset" 6899
"../../../Engine/Content/EngineMaterials/Substrate/Glints2/dict_0001_0033.uasset" 6900
"../../../Engine/Content/EngineMaterials/Substrate/Glints2/dict_0001_0031.uasset" 6901
"/Engine/EngineMaterials/Substrate/Glints2/dict_0001_0019" 6902
"/Engine/EngineMaterials/Substrate/Glints2/dict_0001_0018" 6903
"/Engine/EngineMaterials/Substrate/Glints2/dict_0001_0017" 6904
"/Engine/EngineMaterials/Substrate/Glints2/dict_0001_0016" 6905
"/Engine/EngineMaterials/Substrate/Glints2/dict_0001_0015" 6906
"/Engine/EngineMaterials/Substrate/Glints2/dict_0001_0014" 6907
"/Engine/EngineMaterials/Substrate/Glints2/dict_0001_0013" 6908
"/Engine/EngineMaterials/Substrate/Glints2/dict_0001_0012" 6909
"/Engine/EngineMaterials/Substrate/Glints2/dict_0001_0011" 6910
"/Engine/EngineMaterials/Substrate/Glints2/dict_0001_0010" 6911
"/Engine/EngineMaterials/Substrate/Glints2/dict_0001_0009" 6912
"/Engine/EngineMaterials/Substrate/Glints2/dict_0001_0008" 6913
"/Engine/EngineMaterials/Substrate/Glints2/dict_0001_0007" 6914
"/Engine/EngineMaterials/Substrate/Glints2/dict_0001_0006" 6915
"/Engine/EngineMaterials/Substrate/Glints2/dict_0001_0004" 6916
"/Engine/EngineMaterials/Substrate/Glints2/dict_0001_0003" 6917
"/Engine/EngineMaterials/Substrate/Glints2/dict_0001_0002" 6918
"/Engine/EngineMaterials/Substrate/Glints2/dict_0001_0000" 6919
"../../../Engine/Content/EngineMaterials/Substrate/Glints2/dict_0001_0034.uasset" 6920
"../../../Engine/Content/EngineMaterials/Substrate/Glints2/dict_0001_0037.uasset" 6921
"../../../Engine/Content/EngineMaterials/Substrate/Glints2/dict_0001_0041.uasset" 6922
"../../../Engine/Content/EngineMaterials/Substrate/Glints2/dict_0001_0045.uasset" 6923
"../../../Engine/Content/EngineMaterials/Substrate/Glints2/dict_0001_0039.uasset" 6924
"../../../Engine/Content/EngineMaterials/Substrate/Glints2/dict_0001_0036.uasset" 6925
"../../../Engine/Content/EngineMaterials/Substrate/Glints2/dict_0001_0048.uasset" 6926
"../../../Engine/Content/EngineMaterials/Substrate/Glints2/dict_0001_0040.uasset" 6927
"../../../Engine/Content/EngineMaterials/Substrate/Glints2/dict_0001_0050.uasset" 6928
"../../../Engine/Content/EngineMaterials/Substrate/Glints2/dict_0001_0051.uasset" 6929
"../../../Engine/Content/EngineMaterials/Substrate/Glints2/dict_0001_0044.uasset" 6930
"../../../Engine/Content/EngineMaterials/Substrate/Glints2/dict_0001_0052.uasset" 6931
"../../../Engine/Content/EngineMaterials/Substrate/Glints2/dict_0001_0042.uasset" 6932
"../../../Engine/Content/EngineMaterials/Substrate/Glints2/dict_0001_0038.uasset" 6933
"../../../Engine/Content/EngineMaterials/Substrate/Glints2/dict_0001_0043.uasset" 6934
"../../../Engine/Content/EngineMaterials/Substrate/Glints2/dict_0001_0035.uasset" 6935
"/Engine/EngineMaterials/Substrate/Glints2/dict_0001_0033" 6936
"../../../Engine/Content/EngineMaterials/Substrate/Glints2/dict_0001_0049.uasset" 6937
"../../../Engine/Content/EngineMaterials/Substrate/Glints2/dict_0001_0047.uasset" 6938
"../../../Engine/Content/EngineMaterials/Substrate/Glints2/dict_0001_0046.uasset" 6939
"/Engine/EngineMaterials/Substrate/Glints2/dict_0001_0032" 6940
"/Engine/EngineMaterials/Substrate/Glints2/dict_0001_0031" 6941
"/Engine/EngineMaterials/Substrate/Glints2/dict_0001_0030" 6942
"/Engine/EngineMaterials/Substrate/Glints2/dict_0001_0029" 6943
"/Engine/EngineMaterials/Substrate/Glints2/dict_0001_0028" 6944
"/Engine/EngineMaterials/Substrate/Glints2/dict_0001_0027" 6945
"/Engine/EngineMaterials/Substrate/Glints2/dict_0001_0026" 6946
"/Engine/EngineMaterials/Substrate/Glints2/dict_0001_0025" 6947
"/Engine/EngineMaterials/Substrate/Glints2/dict_0001_0024" 6948
"/Engine/EngineMaterials/Substrate/Glints2/dict_0001_0023" 6949
"/Engine/EngineMaterials/Substrate/Glints2/dict_0001_0037" 6950
"/Engine/EngineMaterials/Substrate/Glints2/dict_0001_0022" 6951
"/Engine/EngineMaterials/Substrate/Glints2/dict_0001_0034" 6952
"/Engine/EngineMaterials/Substrate/Glints2/dict_0001_0021" 6953
"../../../Engine/Content/EngineMaterials/Substrate/Glints2/dict_0001_0053.uasset" 6954
"../../../Engine/Content/EngineMaterials/Substrate/Glints2/dict_0001_0056.uasset" 6955
"../../../Engine/Content/EngineMaterials/Substrate/Glints2/dict_0001_0058.uasset" 6956
"../../../Engine/Content/EngineMaterials/Substrate/Glints2/dict_0001_0059.uasset" 6957
"../../../Engine/Content/EngineMaterials/Substrate/Glints2/dict_0001_0055.uasset" 6958
"../../../Engine/Content/EngineMaterials/Substrate/Glints2/dict_0001_0064.uasset" 6959
"../../../Engine/Content/EngineMaterials/Substrate/Glints2/dict_0001_0067.uasset" 6960
"../../../Engine/Content/EngineMaterials/Substrate/Glints2/dict_0001_0060.uasset" 6961
"../../../Engine/Content/EngineMaterials/Substrate/Glints2/dict_0001_0063.uasset" 6962
"../../../Engine/Content/EngineMaterials/Substrate/Glints2/dict_0001_0061.uasset" 6963
"../../../Engine/Content/EngineMaterials/Substrate/Glints2/dict_0001_0062.uasset" 6964
"/Engine/EngineMaterials/Substrate/Glints2/dict_0001_0052" 6965
"../../../Engine/Content/EngineMaterials/Substrate/Glints2/dict_0001_0066.uasset" 6966
"../../../Engine/Content/EngineMaterials/Substrate/Glints2/dict_0001_0057.uasset" 6967
"../../../Engine/Content/EngineMaterials/Substrate/Glints2/dict_0001_0065.uasset" 6968
"../../../Engine/Content/EngineMaterials/Substrate/Glints2/dict_0001_0054.uasset" 6969
"/Engine/EngineMaterials/Substrate/Glints2/dict_0001_0051" 6970
"/Engine/EngineMaterials/Substrate/Glints2/dict_0001_0050" 6971
"/Engine/EngineMaterials/Substrate/Glints2/dict_0001_0049" 6972
"/Engine/EngineMaterials/Substrate/Glints2/dict_0001_0048" 6973
"/Engine/EngineMaterials/Substrate/Glints2/dict_0001_0047" 6974
"/Engine/EngineMaterials/Substrate/Glints2/dict_0001_0046" 6975
"/Engine/EngineMaterials/Substrate/Glints2/dict_0001_0045" 6976
"/Engine/EngineMaterials/Substrate/Glints2/dict_0001_0044" 6977
"/Engine/EngineMaterials/Substrate/Glints2/dict_0001_0043" 6978
"/Engine/EngineMaterials/Substrate/Glints2/dict_0001_0042" 6979
"/Engine/EngineMaterials/Substrate/Glints2/dict_0001_0041" 6980
"/Engine/EngineMaterials/Substrate/Glints2/dict_0001_0040" 6981
"/Engine/EngineMaterials/Substrate/Glints2/dict_0001_0039" 6982
"/Engine/EngineMaterials/Substrate/Glints2/dict_0001_0059" 6983
"/Engine/EngineMaterials/Substrate/Glints2/dict_0001_0058" 6984
"/Engine/EngineMaterials/Substrate/Glints2/dict_0001_0038" 6985
"/Engine/EngineMaterials/Substrate/Glints2/dict_0001_0056" 6986
"/Engine/EngineMaterials/Substrate/Glints2/dict_0001_0036" 6987
"/Engine/EngineMaterials/Substrate/Glints2/dict_0001_0035" 6988
"/Engine/EngineMaterials/Substrate/Glints2/dict_0001_0055" 6989
"/Engine/EngineMaterials/Substrate/Glints2/dict_0001_0053" 6990
"../../../Engine/Content/EngineMaterials/Substrate/Glints2/dict_0001_0069.uasset" 6991
"../../../Engine/Content/EngineMaterials/Substrate/Glints2/dict_0001_0068.uasset" 6992
"../../../Engine/Content/EngineMaterials/Substrate/Glints2/dict_0001_0076.uasset" 6993
"../../../Engine/Content/EngineMaterials/Substrate/Glints2/dict_0001_0070.uasset" 6994
"../../../Engine/Content/EngineMaterials/Substrate/Glints2/dict_0001_0072.uasset" 6995
"../../../Engine/Content/EngineMaterials/Substrate/Glints2/dict_0001_0081.uasset" 6996
"../../../Engine/Content/EngineMaterials/Substrate/Glints2/dict_0001_0071.uasset" 6997
"../../../Engine/Content/EngineMaterials/Substrate/Glints2/dict_0001_0078.uasset" 6998
"../../../Engine/Content/EngineMaterials/Substrate/Glints2/dict_0001_0084.uasset" 6999
"../../../Engine/Content/EngineMaterials/Substrate/Glints2/dict_0001_0077.uasset" 7000
"../../../Engine/Content/EngineMaterials/Substrate/Glints2/dict_0001_0087.uasset" 7001
"../../../Engine/Content/EngineMaterials/Substrate/Glints2/dict_0001_0074.uasset" 7002
"../../../Engine/Content/EngineMaterials/Substrate/Glints2/dict_0001_0080.uasset" 7003
"../../../Engine/Content/EngineMaterials/Substrate/Glints2/dict_0001_0088.uasset" 7004
"../../../Engine/Content/EngineMaterials/Substrate/Glints2/dict_0001_0086.uasset" 7005
"../../../Engine/Content/EngineMaterials/Substrate/Glints2/dict_0001_0083.uasset" 7006
"../../../Engine/Content/EngineMaterials/Substrate/Glints2/dict_0001_0079.uasset" 7007
"/Engine/EngineMaterials/Substrate/Glints2/dict_0001_0067" 7008
"../../../Engine/Content/EngineMaterials/Substrate/Glints2/dict_0001_0082.uasset" 7009
"../../../Engine/Content/EngineMaterials/Substrate/Glints2/dict_0001_0073.uasset" 7010
"../../../Engine/Content/EngineMaterials/Substrate/Glints2/dict_0001_0085.uasset" 7011
"../../../Engine/Content/EngineMaterials/Substrate/Glints2/dict_0001_0089.uasset" 7012
"../../../Engine/Content/EngineMaterials/Substrate/Glints2/dict_0001_0075.uasset" 7013
"/Engine/EngineMaterials/Substrate/Glints2/dict_0001_0066" 7014
"/Engine/EngineMaterials/Substrate/Glints2/dict_0001_0065" 7015
"/Engine/EngineMaterials/Substrate/Glints2/dict_0001_0064" 7016
"/Engine/EngineMaterials/Substrate/Glints2/dict_0001_0063" 7017
"/Engine/EngineMaterials/Substrate/Glints2/dict_0001_0062" 7018
"/Engine/EngineMaterials/Substrate/Glints2/dict_0001_0061" 7019
"/Engine/EngineMaterials/Substrate/Glints2/dict_0001_0060" 7020
"/Engine/EngineMaterials/Substrate/Glints2/dict_0001_0057" 7021
"/Engine/EngineMaterials/Substrate/Glints2/dict_0001_0069" 7022
"/Engine/EngineMaterials/Substrate/Glints2/dict_0001_0054" 7023
"/Engine/EngineMaterials/Substrate/Glints2/dict_0001_0068" 7024
"../../../Engine/Content/EngineMaterials/Substrate/Glints2/dict_0001_0090.uasset" 7025
"../../../Engine/Content/EngineMaterials/Substrate/Glints2/dict_0001_0093.uasset" 7026
"../../../Engine/Content/EngineMaterials/Substrate/Glints2/dict_0001_0092.uasset" 7027
"../../../Engine/Content/EngineMaterials/Substrate/Glints2/dict_0001_0098.uasset" 7028
"../../../Engine/Content/EngineMaterials/Substrate/Glints2/dict_0001_0100.uasset" 7029
"../../../Engine/Content/EngineMaterials/Substrate/Glints2/dict_0001_0096.uasset" 7030
"../../../Engine/Content/EngineMaterials/Substrate/Glints2/dict_0001_0091.uasset" 7031
"../../../Engine/Content/EngineMaterials/Substrate/Glints2/dict_0001_0095.uasset" 7032
"/Engine/EngineMaterials/Substrate/Glints2/dict_0001_0089" 7033
"../../../Engine/Content/EngineMaterials/Substrate/Glints2/dict_0001_0094.uasset" 7034
"../../../Engine/Content/EngineMaterials/Substrate/Glints2/dict_0001_0099.uasset" 7035
"../../../Engine/Content/EngineMaterials/Substrate/Glints2/dict_0001_0097.uasset" 7036
"../../../Engine/Content/EngineMaterials/Substrate/Glints2/dict_0001_0101.uasset" 7037
"/Engine/EngineMaterials/Substrate/Glints2/dict_0001_0088" 7038
"/Engine/EngineMaterials/Substrate/Glints2/dict_0001_0087" 7039
"/Engine/EngineMaterials/Substrate/Glints2/dict_0001_0086" 7040
"/Engine/EngineMaterials/Substrate/Glints2/dict_0001_0085" 7041
"/Engine/EngineMaterials/Substrate/Glints2/dict_0001_0084" 7042
"/Engine/EngineMaterials/Substrate/Glints2/dict_0001_0083" 7043
"/Engine/EngineMaterials/Substrate/Glints2/dict_0001_0082" 7044
"/Engine/EngineMaterials/Substrate/Glints2/dict_0001_0081" 7045
"/Engine/EngineMaterials/Substrate/Glints2/dict_0001_0080" 7046
"/Engine/EngineMaterials/Substrate/Glints2/dict_0001_0079" 7047
"/Engine/EngineMaterials/Substrate/Glints2/dict_0001_0078" 7048
"/Engine/EngineMaterials/Substrate/Glints2/dict_0001_0077" 7049
"/Engine/EngineMaterials/Substrate/Glints2/dict_0001_0076" 7050
"/Engine/EngineMaterials/Substrate/Glints2/dict_0001_0075" 7051
"/Engine/EngineMaterials/Substrate/Glints2/dict_0001_0074" 7052
"/Engine/EngineMaterials/Substrate/Glints2/dict_0001_0073" 7053
"/Engine/EngineMaterials/Substrate/Glints2/dict_0001_0093" 7054
"/Engine/EngineMaterials/Substrate/Glints2/dict_0001_0072" 7055
"/Engine/EngineMaterials/Substrate/Glints2/dict_0001_0071" 7056
"/Engine/EngineMaterials/Substrate/Glints2/dict_0001_0070" 7057
"/Engine/EngineMaterials/Substrate/Glints2/dict_0001_0092" 7058
"/Engine/EngineMaterials/Substrate/Glints2/dict_0001_0090" 7059
"../../../Engine/Content/EngineMaterials/Substrate/Glints2/dict_0001_0104.uasset" 7060
"../../../Engine/Content/EngineMaterials/Substrate/Glints2/dict_0001_0107.uasset" 7061
"../../../Engine/Content/EngineMaterials/Substrate/Glints2/dict_0001_0109.uasset" 7062
"../../../Engine/Content/EngineMaterials/Substrate/Glints2/dict_0001_0112.uasset" 7063
"../../../Engine/Content/EngineMaterials/Substrate/Glints2/dict_0001_0108.uasset" 7064
"../../../Engine/Content/EngineMaterials/Substrate/Glints2/dict_0001_0114.uasset" 7065
"../../../Engine/Content/EngineMaterials/Substrate/Glints2/dict_0001_0106.uasset" 7066
"../../../Engine/Content/EngineMaterials/Substrate/Glints2/dict_0001_0116.uasset" 7067
"../../../Engine/Content/EngineMaterials/Substrate/Glints2/dict_0001_0117.uasset" 7068
"../../../Engine/Content/EngineMaterials/Substrate/Glints2/dict_0001_0118.uasset" 7069
"/Engine/EngineMaterials/Substrate/Glints2/dict_0001_0101" 7070
"../../../Engine/Content/EngineMaterials/Substrate/Glints2/dict_0001_0111.uasset" 7071
"../../../Engine/Content/EngineMaterials/Substrate/Glints2/dict_0001_0121.uasset" 7072
"../../../Engine/Content/EngineMaterials/Substrate/Glints2/dict_0001_0122.uasset" 7073
"../../../Engine/Content/EngineMaterials/Substrate/Glints2/dict_0001_0105.uasset" 7074
"../../../Engine/Content/EngineMaterials/Substrate/Glints2/dict_0001_0110.uasset" 7075
"../../../Engine/Content/EngineMaterials/Substrate/Glints2/dict_0001_0113.uasset" 7076
"../../../Engine/Content/EngineMaterials/Substrate/Glints2/dict_0001_0115.uasset" 7077
"../../../Engine/Content/EngineMaterials/Substrate/Glints2/dict_0001_0102.uasset" 7078
"../../../Engine/Content/EngineMaterials/Substrate/Glints2/dict_0001_0119.uasset" 7079
"../../../Engine/Content/EngineMaterials/Substrate/Glints2/dict_0001_0120.uasset" 7080
"../../../Engine/Content/EngineMaterials/Substrate/Glints2/dict_0001_0103.uasset" 7081
"../../../Engine/Content/EngineMaterials/Substrate/Glints2/dict_0001_0123.uasset" 7082
"../../../Engine/Content/EngineMaterials/Substrate/Glints2/dict_0001_0124.uasset" 7083
"/Engine/EngineMaterials/Substrate/Glints2/dict_0001_0100" 7084
"/Engine/EngineMaterials/Substrate/Glints2/dict_0001_0099" 7085
"/Engine/EngineMaterials/Substrate/Glints2/dict_0001_0098" 7086
"/Engine/EngineMaterials/Substrate/Glints2/dict_0001_0097" 7087
"/Engine/EngineMaterials/Substrate/Glints2/dict_0001_0096" 7088
"/Engine/EngineMaterials/Substrate/Glints2/dict_0001_0095" 7089
"/Engine/EngineMaterials/Substrate/Glints2/dict_0001_0094" 7090
"/Engine/EngineMaterials/Substrate/Glints2/dict_0001_0109" 7091
"/Engine/EngineMaterials/Substrate/Glints2/dict_0001_0107" 7092
"/Engine/EngineMaterials/Substrate/Glints2/dict_0001_0104" 7093
"/Engine/EngineMaterials/Substrate/Glints2/dict_0001_0091" 7094
"../../../Engine/Content/EngineMaterials/Substrate/Glints2/dict_0001_0125.uasset" 7095
"../../../Engine/Content/EngineMaterials/Substrate/Glints2/dict_0001_0128.uasset" 7096
"../../../Engine/Content/EngineMaterials/Substrate/Glints2/dict_0001_0127.uasset" 7097
"../../../Engine/Content/EngineMaterials/Substrate/Glints2/dict_0001_0133.uasset" 7098
"../../../Engine/Content/EngineMaterials/Substrate/Glints2/dict_0001_0134.uasset" 7099
"../../../Engine/Content/EngineMaterials/Substrate/Glints2/dict_0001_0126.uasset" 7100
"../../../Engine/Content/EngineMaterials/Substrate/Glints2/dict_0001_0136.uasset" 7101
"../../../Engine/Content/EngineMaterials/Substrate/Glints2/dict_0001_0129.uasset" 7102
"../../../Engine/Content/EngineMaterials/Substrate/Glints2/dict_0001_0130.uasset" 7103
"/Engine/EngineMaterials/Substrate/Glints2/dict_0001_0124" 7104
"../../../Engine/Content/EngineMaterials/Substrate/Glints2/dict_0001_0132.uasset" 7105
"../../../Engine/Content/EngineMaterials/Substrate/Glints2/dict_0001_0131.uasset" 7106
"../../../Engine/Content/EngineMaterials/Substrate/Glints2/dict_0001_0135.uasset" 7107
"/Engine/EngineMaterials/Substrate/Glints2/dict_0001_0123" 7108
"/Engine/EngineMaterials/Substrate/Glints2/dict_0001_0122" 7109
"/Engine/EngineMaterials/Substrate/Glints2/dict_0001_0121" 7110
"/Engine/EngineMaterials/Substrate/Glints2/dict_0001_0120" 7111
"/Engine/EngineMaterials/Substrate/Glints2/dict_0001_0119" 7112
"/Engine/EngineMaterials/Substrate/Glints2/dict_0001_0118" 7113
"/Engine/EngineMaterials/Substrate/Glints2/dict_0001_0117" 7114
"/Engine/EngineMaterials/Substrate/Glints2/dict_0001_0116" 7115
"/Engine/EngineMaterials/Substrate/Glints2/dict_0001_0115" 7116
"/Engine/EngineMaterials/Substrate/Glints2/dict_0001_0114" 7117
"/Engine/EngineMaterials/Substrate/Glints2/dict_0001_0113" 7118
"/Engine/EngineMaterials/Substrate/Glints2/dict_0001_0112" 7119
"/Engine/EngineMaterials/Substrate/Glints2/dict_0001_0111" 7120
"/Engine/EngineMaterials/Substrate/Glints2/dict_0001_0110" 7121
"/Engine/EngineMaterials/Substrate/Glints2/dict_0001_0128" 7122
"/Engine/EngineMaterials/Substrate/Glints2/dict_0001_0108" 7123
"/Engine/EngineMaterials/Substrate/Glints2/dict_0001_0127" 7124
"/Engine/EngineMaterials/Substrate/Glints2/dict_0001_0106" 7125
"/Engine/EngineMaterials/Substrate/Glints2/dict_0001_0105" 7126
"/Engine/EngineMaterials/Substrate/Glints2/dict_0001_0103" 7127
"/Engine/EngineMaterials/Substrate/Glints2/dict_0001_0125" 7128
"/Engine/EngineMaterials/Substrate/Glints2/dict_0001_0102" 7129
"../../../Engine/Content/EngineMaterials/Substrate/Glints2/dict_0001_0139.uasset" 7130
"../../../Engine/Content/EngineMaterials/Substrate/Glints2/dict_0001_0137.uasset" 7131
"../../../Engine/Content/EngineMaterials/Substrate/Glints2/dict_0001_0149.uasset" 7132
"../../../Engine/Content/EngineMaterials/Substrate/Glints2/dict_0001_0143.uasset" 7133
"../../../Engine/Content/EngineMaterials/Substrate/Glints2/dict_0001_0140.uasset" 7134
"../../../Engine/Content/EngineMaterials/Substrate/Glints2/dict_0001_0146.uasset" 7135
"../../../Engine/Content/EngineMaterials/Substrate/Glints2/dict_0001_0141.uasset" 7136
"/Engine/EngineMaterials/Substrate/Glints2/dict_0001_0136" 7137
"../../../Engine/Content/EngineMaterials/Substrate/Glints2/dict_0001_0142.uasset" 7138
"../../../Engine/Content/EngineMaterials/Substrate/Glints2/dict_0001_0151.uasset" 7139
"../../../Engine/Content/EngineMaterials/Substrate/Glints2/dict_0001_0147.uasset" 7140
"../../../Engine/Content/EngineMaterials/Substrate/Glints2/dict_0001_0155.uasset" 7141
"../../../Engine/Content/EngineMaterials/Substrate/Glints2/dict_0001_0148.uasset" 7142
"../../../Engine/Content/EngineMaterials/Substrate/Glints2/dict_0001_0156.uasset" 7143
"../../../Engine/Content/EngineMaterials/Substrate/Glints2/dict_0001_0150.uasset" 7144
"../../../Engine/Content/EngineMaterials/Substrate/Glints2/dict_0001_0159.uasset" 7145
"../../../Engine/Content/EngineMaterials/Substrate/Glints2/dict_0001_0158.uasset" 7146
"../../../Engine/Content/EngineMaterials/Substrate/Glints2/dict_0001_0152.uasset" 7147
"../../../Engine/Content/EngineMaterials/Substrate/Glints2/dict_0001_0145.uasset" 7148
"../../../Engine/Content/EngineMaterials/Substrate/Glints2/dict_0001_0153.uasset" 7149
"../../../Engine/Content/EngineMaterials/Substrate/Glints2/dict_0001_0154.uasset" 7150
"../../../Engine/Content/EngineMaterials/Substrate/Glints2/dict_0001_0138.uasset" 7151
"../../../Engine/Content/EngineMaterials/Substrate/Glints2/dict_0001_0157.uasset" 7152
"../../../Engine/Content/EngineMaterials/Substrate/Glints2/dict_0001_0144.uasset" 7153
"/Engine/EngineMaterials/Substrate/Glints2/dict_0001_0135" 7154
"/Engine/EngineMaterials/Substrate/Glints2/dict_0001_0134" 7155
"/Engine/EngineMaterials/Substrate/Glints2/dict_0001_0133" 7156
"/Engine/EngineMaterials/Substrate/Glints2/dict_0001_0132" 7157
"/Engine/EngineMaterials/Substrate/Glints2/dict_0001_0131" 7158
"/Engine/EngineMaterials/Substrate/Glints2/dict_0001_0130" 7159
"/Engine/EngineMaterials/Substrate/Glints2/dict_0001_0129" 7160
"/Engine/EngineMaterials/Substrate/Glints2/dict_0001_0126" 7161
"../../../Engine/Content/EngineMaterials/Substrate/Glints2/dict_0001_0160.uasset" 7162
"../../../Engine/Content/EngineMaterials/Substrate/Glints2/dict_0001_0161.uasset" 7163
"../../../Engine/Content/EngineMaterials/Substrate/Glints2/dict_0001_0163.uasset" 7164
"../../../Engine/Content/EngineMaterials/Substrate/Glints2/dict_0001_0165.uasset" 7165
"../../../Engine/Content/EngineMaterials/Substrate/Glints2/dict_0001_0166.uasset" 7166
"../../../Engine/Content/EngineMaterials/Substrate/Glints2/dict_0001_0167.uasset" 7167
"../../../Engine/Content/EngineMaterials/Substrate/Glints2/dict_0001_0168.uasset" 7168
"../../../Engine/Content/EngineMaterials/Substrate/Glints2/dict_0001_0162.uasset" 7169
"../../../Engine/Content/EngineMaterials/Substrate/Glints2/dict_0001_0164.uasset" 7170
"/Engine/EngineMaterials/Substrate/Glints2/dict_0001_0159" 7171
"/Engine/EngineMaterials/Substrate/Glints2/dict_0001_0158" 7172
"/Engine/EngineMaterials/Substrate/Glints2/dict_0001_0157" 7173
"/Engine/EngineMaterials/Substrate/Glints2/dict_0001_0156" 7174
"/Engine/EngineMaterials/Substrate/Glints2/dict_0001_0155" 7175
"/Engine/EngineMaterials/Substrate/Glints2/dict_0001_0154" 7176
"/Engine/EngineMaterials/Substrate/Glints2/dict_0001_0153" 7177
"/Engine/EngineMaterials/Substrate/Glints2/dict_0001_0152" 7178
"/Engine/EngineMaterials/Substrate/Glints2/dict_0001_0151" 7179
"/Engine/EngineMaterials/Substrate/Glints2/dict_0001_0150" 7180
"/Engine/EngineMaterials/Substrate/Glints2/dict_0001_0149" 7181
"/Engine/EngineMaterials/Substrate/Glints2/dict_0001_0148" 7182
"/Engine/EngineMaterials/Substrate/Glints2/dict_0001_0147" 7183
"/Engine/EngineMaterials/Substrate/Glints2/dict_0001_0146" 7184
"/Engine/EngineMaterials/Substrate/Glints2/dict_0001_0161" 7185
"/Engine/EngineMaterials/Substrate/Glints2/dict_0001_0145" 7186
"/Engine/EngineMaterials/Substrate/Glints2/dict_0001_0144" 7187
"/Engine/EngineMaterials/Substrate/Glints2/dict_0001_0143" 7188
"/Engine/EngineMaterials/Substrate/Glints2/dict_0001_0142" 7189
"/Engine/EngineMaterials/Substrate/Glints2/dict_0001_0141" 7190
"/Engine/EngineMaterials/Substrate/Glints2/dict_0001_0140" 7191
"/Engine/EngineMaterials/Substrate/Glints2/dict_0001_0160" 7192
"/Engine/EngineMaterials/Substrate/Glints2/dict_0001_0139" 7193
"/Engine/EngineMaterials/Substrate/Glints2/dict_0001_0138" 7194
"/Engine/EngineMaterials/Substrate/Glints2/dict_0001_0137" 7195
"../../../Engine/Content/EngineMaterials/Substrate/Glints2/dict_0001_0169.uasset" 7196
"../../../Engine/Content/EngineMaterials/Substrate/Glints2/dict_0001_0171.uasset" 7197
"../../../Engine/Content/EngineMaterials/Substrate/Glints2/dict_0001_0172.uasset" 7198
"../../../Engine/Content/EngineMaterials/Substrate/Glints2/dict_0001_0176.uasset" 7199
"../../../Engine/Content/EngineMaterials/Substrate/Glints2/dict_0001_0178.uasset" 7200
"../../../Engine/Content/EngineMaterials/Substrate/Glints2/dict_0001_0181.uasset" 7201
"../../../Engine/Content/EngineMaterials/Substrate/Glints2/dict_0001_0177.uasset" 7202
"../../../Engine/Content/EngineMaterials/Substrate/Glints2/dict_0001_0175.uasset" 7203
"../../../Engine/Content/EngineMaterials/Substrate/Glints2/dict_0001_0184.uasset" 7204
"../../../Engine/Content/EngineMaterials/Substrate/Glints2/dict_0001_0185.uasset" 7205
"../../../Engine/Content/EngineMaterials/Substrate/Glints2/dict_0001_0186.uasset" 7206
"/Engine/EngineMaterials/Substrate/Glints2/dict_0001_0168" 7207
"../../../Engine/Content/EngineMaterials/Substrate/Glints2/dict_0001_0189.uasset" 7208
"../../../Engine/Content/EngineMaterials/Substrate/Glints2/dict_0001_0173.uasset" 7209
"../../../Engine/Content/EngineMaterials/Substrate/Glints2/dict_0001_0190.uasset" 7210
"../../../Engine/Content/EngineMaterials/Substrate/Glints2/dict_0001_0183.uasset" 7211
"../../../Engine/Content/EngineMaterials/Substrate/Glints2/dict_0001_0192.uasset" 7212
"../../../Engine/Content/EngineMaterials/Substrate/Glints2/dict_0001_0174.uasset" 7213
"../../../Engine/Content/EngineMaterials/Substrate/Glints2/dict_0001_0170.uasset" 7214
"../../../Engine/Content/EngineMaterials/Substrate/Glints2/dict_0001_0187.uasset" 7215
"../../../Engine/Content/EngineMaterials/Substrate/Glints2/dict_0001_0188.uasset" 7216
"../../../Engine/Content/EngineMaterials/Substrate/Glints2/dict_0001_0179.uasset" 7217
"../../../Engine/Content/EngineMaterials/Substrate/Glints2/dict_0001_0191.uasset" 7218
"../../../Engine/Content/EngineMaterials/Substrate/Glints2/dict_0001_0180.uasset" 7219
"../../../Engine/Content/EngineMaterials/Substrate/Glints2/dict_0001_0193.uasset" 7220
"../../../Engine/Content/EngineMaterials/Substrate/Glints2/dict_0001_0182.uasset" 7221
"/Engine/EngineMaterials/Substrate/Glints2/dict_0001_0167" 7222
"/Engine/EngineMaterials/Substrate/Glints2/dict_0001_0166" 7223
"/Engine/EngineMaterials/Substrate/Glints2/dict_0001_0165" 7224
"/Engine/EngineMaterials/Substrate/Glints2/dict_0001_0164" 7225
"/Engine/EngineMaterials/Substrate/Glints2/dict_0001_0163" 7226
"/Engine/EngineMaterials/Substrate/Glints2/dict_0001_0162" 7227
"/Engine/EngineMaterials/Substrate/Glints2/dict_0001_0176" 7228
"/Engine/EngineMaterials/Substrate/Glints2/dict_0001_0172" 7229
"/Engine/EngineMaterials/Substrate/Glints2/dict_0001_0171" 7230
"/Engine/EngineMaterials/Substrate/Glints2/dict_0001_0169" 7231
"../../../Engine/Content/EngineMaterials/Substrate/Glints2/dict_0001_0195.uasset" 7232
"../../../Engine/Content/EngineMaterials/Substrate/Glints2/dict_0001_0196.uasset" 7233
"../../../Engine/Content/EngineMaterials/Substrate/Glints2/dict_0001_0199.uasset" 7234
"../../../Engine/Content/EngineMaterials/Substrate/Glints2/dict_0001_0202.uasset" 7235
"../../../Engine/Content/EngineMaterials/Substrate/Glints2/dict_0001_0203.uasset" 7236
"../../../Engine/Content/EngineMaterials/Substrate/Glints2/dict_0001_0204.uasset" 7237
"../../../Engine/Content/EngineMaterials/Substrate/Glints2/dict_0001_0200.uasset" 7238
"../../../Engine/Content/EngineMaterials/Substrate/Glints2/dict_0001_0201.uasset" 7239
"/Engine/EngineMaterials/Substrate/Glints2/dict_0001_0193" 7240
"../../../Engine/Content/EngineMaterials/Substrate/Glints2/dict_0001_0194.uasset" 7241
"../../../Engine/Content/EngineMaterials/Substrate/Glints2/dict_0001_0198.uasset" 7242
"../../../Engine/Content/EngineMaterials/Substrate/Glints2/dict_0001_0197.uasset" 7243
"/Engine/EngineMaterials/Substrate/Glints2/dict_0001_0192" 7244
"/Engine/EngineMaterials/Substrate/Glints2/dict_0001_0191" 7245
"/Engine/EngineMaterials/Substrate/Glints2/dict_0001_0190" 7246
"/Engine/EngineMaterials/Substrate/Glints2/dict_0001_0189" 7247
"/Engine/EngineMaterials/Substrate/Glints2/dict_0001_0188" 7248
"/Engine/EngineMaterials/Substrate/Glints2/dict_0001_0187" 7249
"/Engine/EngineMaterials/Substrate/Glints2/dict_0001_0186" 7250
"/Engine/EngineMaterials/Substrate/Glints2/dict_0001_0185" 7251
"/Engine/EngineMaterials/Substrate/Glints2/dict_0001_0184" 7252
"/Engine/EngineMaterials/Substrate/Glints2/dict_0001_0183" 7253
"/Engine/EngineMaterials/Substrate/Glints2/dict_0001_0182" 7254
"/Engine/EngineMaterials/Substrate/Glints2/dict_0001_0181" 7255
"/Engine/EngineMaterials/Substrate/Glints2/dict_0001_0180" 7256
"/Engine/EngineMaterials/Substrate/Glints2/dict_0001_0179" 7257
"/Engine/EngineMaterials/Substrate/Glints2/dict_0001_0178" 7258
"/Engine/EngineMaterials/Substrate/Glints2/dict_0001_0177" 7259
"/Engine/EngineMaterials/Substrate/Glints2/dict_0001_0175" 7260
"/Engine/EngineMaterials/Substrate/Glints2/dict_0001_0174" 7261
"/Engine/EngineMaterials/Substrate/Glints2/dict_0001_0173" 7262
"/Engine/EngineMaterials/Substrate/Glints2/dict_0001_0196" 7263
"/Engine/EngineMaterials/Substrate/Glints2/dict_0001_0195" 7264
"/Engine/EngineMaterials/Substrate/Glints2/dict_0001_0170" 7265
"../../../Engine/Content/EngineMaterials/Substrate/Glints2/dict_0001_0209.uasset" 7266
"../../../Engine/Content/EngineMaterials/Substrate/Glints2/dict_0001_0206.uasset" 7267
"../../../Engine/Content/EngineMaterials/Substrate/Glints2/dict_0001_0214.uasset" 7268
"../../../Engine/Content/EngineMaterials/Substrate/Glints2/dict_0001_0215.uasset" 7269
"../../../Engine/Content/EngineMaterials/Substrate/Glints2/dict_0001_0217.uasset" 7270
"../../../Engine/Content/EngineMaterials/Substrate/Glints2/dict_0001_0218.uasset" 7271
"../../../Engine/Content/EngineMaterials/Substrate/Glints2/dict_0001_0208.uasset" 7272
"../../../Engine/Content/EngineMaterials/Substrate/Glints2/dict_0001_0219.uasset" 7273
"../../../Engine/Content/EngineMaterials/Substrate/Glints2/dict_0001_0220.uasset" 7274
"../../../Engine/Content/EngineMaterials/Substrate/Glints2/dict_0001_0213.uasset" 7275
"../../../Engine/Content/EngineMaterials/Substrate/Glints2/dict_0001_0222.uasset" 7276
"../../../Engine/Content/EngineMaterials/Substrate/Glints2/dict_0001_0212.uasset" 7277
"../../../Engine/Content/EngineMaterials/Substrate/Glints2/dict_0001_0224.uasset" 7278
"../../../Engine/Content/EngineMaterials/Substrate/Glints2/dict_0001_0226.uasset" 7279
"../../../Engine/Content/EngineMaterials/Substrate/Glints2/dict_0001_0211.uasset" 7280
"../../../Engine/Content/EngineMaterials/Substrate/Glints2/dict_0001_0227.uasset" 7281
"../../../Engine/Content/EngineMaterials/Substrate/Glints2/dict_0001_0207.uasset" 7282
"/Engine/EngineMaterials/Substrate/Glints2/dict_0001_0204" 7283
"../../../Engine/Content/EngineMaterials/Substrate/Glints2/dict_0001_0221.uasset" 7284
"../../../Engine/Content/EngineMaterials/Substrate/Glints2/dict_0001_0210.uasset" 7285
"../../../Engine/Content/EngineMaterials/Substrate/Glints2/dict_0001_0205.uasset" 7286
"../../../Engine/Content/EngineMaterials/Substrate/Glints2/dict_0001_0223.uasset" 7287
"../../../Engine/Content/EngineMaterials/Substrate/Glints2/dict_0001_0216.uasset" 7288
"../../../Engine/Content/EngineMaterials/Substrate/Glints2/dict_0001_0225.uasset" 7289
"/Engine/EngineMaterials/Substrate/Glints2/dict_0001_0203" 7290
"/Engine/EngineMaterials/Substrate/Glints2/dict_0001_0202" 7291
"/Engine/EngineMaterials/Substrate/Glints2/dict_0001_0201" 7292
"/Engine/EngineMaterials/Substrate/Glints2/dict_0001_0200" 7293
"/Engine/EngineMaterials/Substrate/Glints2/dict_0001_0199" 7294
"/Engine/EngineMaterials/Substrate/Glints2/dict_0001_0198" 7295
"/Engine/EngineMaterials/Substrate/Glints2/dict_0001_0197" 7296
"/Engine/EngineMaterials/Substrate/Glints2/dict_0001_0209" 7297
"/Engine/EngineMaterials/Substrate/Glints2/dict_0001_0206" 7298
"/Engine/EngineMaterials/Substrate/Glints2/dict_0001_0194" 7299
"../../../Engine/Content/EngineMaterials/Substrate/Glints2/dict_0001_0228.uasset" 7300
"../../../Engine/Content/EngineMaterials/Substrate/Glints2/dict_0001_0229.uasset" 7301
"../../../Engine/Content/EngineMaterials/Substrate/Glints2/dict_0001_0232.uasset" 7302
"../../../Engine/Content/EngineMaterials/Substrate/Glints2/dict_0001_0234.uasset" 7303
"../../../Engine/Content/EngineMaterials/Substrate/Glints2/dict_0001_0236.uasset" 7304
"../../../Engine/Content/EngineMaterials/Substrate/Glints2/dict_0001_0238.uasset" 7305
"/Engine/EngineMaterials/Substrate/Glints2/dict_0001_0227" 7306
"../../../Engine/Content/EngineMaterials/Substrate/Glints2/dict_0001_0233.uasset" 7307
"../../../Engine/Content/EngineMaterials/Substrate/Glints2/dict_0001_0235.uasset" 7308
"../../../Engine/Content/EngineMaterials/Substrate/Glints2/dict_0001_0231.uasset" 7309
"../../../Engine/Content/EngineMaterials/Substrate/Glints2/dict_0001_0237.uasset" 7310
"../../../Engine/Content/EngineMaterials/Substrate/Glints2/dict_0001_0230.uasset" 7311
"/Engine/EngineMaterials/Substrate/Glints2/dict_0001_0226" 7312
"/Engine/EngineMaterials/Substrate/Glints2/dict_0001_0225" 7313
"/Engine/EngineMaterials/Substrate/Glints2/dict_0001_0224" 7314
"/Engine/EngineMaterials/Substrate/Glints2/dict_0001_0223" 7315
"/Engine/EngineMaterials/Substrate/Glints2/dict_0001_0222" 7316
"/Engine/EngineMaterials/Substrate/Glints2/dict_0001_0221" 7317
"/Engine/EngineMaterials/Substrate/Glints2/dict_0001_0220" 7318
"/Engine/EngineMaterials/Substrate/Glints2/dict_0001_0219" 7319
"/Engine/EngineMaterials/Substrate/Glints2/dict_0001_0218" 7320
"/Engine/EngineMaterials/Substrate/Glints2/dict_0001_0217" 7321
"/Engine/EngineMaterials/Substrate/Glints2/dict_0001_0216" 7322
"/Engine/EngineMaterials/Substrate/Glints2/dict_0001_0215" 7323
"/Engine/EngineMaterials/Substrate/Glints2/dict_0001_0214" 7324
"/Engine/EngineMaterials/Substrate/Glints2/dict_0001_0213" 7325
"/Engine/EngineMaterials/Substrate/Glints2/dict_0001_0212" 7326
"/Engine/EngineMaterials/Substrate/Glints2/dict_0001_0211" 7327
"/Engine/EngineMaterials/Substrate/Glints2/dict_0001_0210" 7328
"/Engine/EngineMaterials/Substrate/Glints2/dict_0001_0208" 7329
"/Engine/EngineMaterials/Substrate/Glints2/dict_0001_0207" 7330
"/Engine/EngineMaterials/Substrate/Glints2/dict_0001_0205" 7331
"/Engine/EngineMaterials/Substrate/Glints2/dict_0001_0228" 7332
"../../../Engine/Content/EngineMaterials/Substrate/Glints2/dict_0001_0241.uasset" 7333
"../../../Engine/Content/EngineMaterials/Substrate/Glints2/dict_0001_0239.uasset" 7334
"../../../Engine/Content/EngineMaterials/Substrate/Glints2/dict_0001_0240.uasset" 7335
"../../../Engine/Content/EngineMaterials/Substrate/Glints2/dict_0001_0245.uasset" 7336
"../../../Engine/Content/EngineMaterials/Substrate/Glints2/dict_0001_0249.uasset" 7337
"../../../Engine/Content/EngineMaterials/Substrate/Glints2/dict_0001_0248.uasset" 7338
"../../../Engine/Content/EngineMaterials/Substrate/Glints2/dict_0001_0242.uasset" 7339
"../../../Engine/Content/EngineMaterials/Substrate/Glints2/dict_0001_0247.uasset" 7340
"../../../Engine/Content/EngineMaterials/Substrate/Glints2/dict_0002_0001.uasset" 7341
"../../../Engine/Content/EngineMaterials/Substrate/Glints2/dict_0001_0243.uasset" 7342
"../../../Engine/Content/EngineMaterials/Substrate/Glints2/dict_0002_0002.uasset" 7343
"../../../Engine/Content/EngineMaterials/Substrate/Glints2/dict_0001_0246.uasset" 7344
"../../../Engine/Content/EngineMaterials/Substrate/Glints2/dict_0002_0003.uasset" 7345
"../../../Engine/Content/EngineMaterials/Substrate/Glints2/dict_0001_0244.uasset" 7346
"../../../Engine/Content/EngineMaterials/Substrate/Glints2/dict_0002_0004.uasset" 7347
"../../../Engine/Content/EngineMaterials/Substrate/Glints2/dict_0001_0250.uasset" 7348
"../../../Engine/Content/EngineMaterials/Substrate/Glints2/dict_0001_0252.uasset" 7349
"../../../Engine/Content/EngineMaterials/Substrate/Glints2/dict_0001_0253.uasset" 7350
"../../../Engine/Content/EngineMaterials/Substrate/Glints2/dict_0001_0254.uasset" 7351
"/Engine/EngineMaterials/Substrate/Glints2/dict_0001_0238" 7352
"../../../Engine/Content/EngineMaterials/Substrate/Glints2/dict_0002_0000.uasset" 7353
"../../../Engine/Content/EngineMaterials/Substrate/Glints2/dict_0001_0255.uasset" 7354
"../../../Engine/Content/EngineMaterials/Substrate/Glints2/dict_0001_0251.uasset" 7355
"/Engine/EngineMaterials/Substrate/Glints2/dict_0001_0237" 7356
"/Engine/EngineMaterials/Substrate/Glints2/dict_0001_0236" 7357
"/Engine/EngineMaterials/Substrate/Glints2/dict_0001_0235" 7358
"/Engine/EngineMaterials/Substrate/Glints2/dict_0001_0234" 7359
"/Engine/EngineMaterials/Substrate/Glints2/dict_0001_0233" 7360
"/Engine/EngineMaterials/Substrate/Glints2/dict_0001_0232" 7361
"/Engine/EngineMaterials/Substrate/Glints2/dict_0001_0231" 7362
"/Engine/EngineMaterials/Substrate/Glints2/dict_0001_0230" 7363
"/Engine/EngineMaterials/Substrate/Glints2/dict_0001_0241" 7364
"/Engine/EngineMaterials/Substrate/Glints2/dict_0001_0229" 7365
"/Engine/EngineMaterials/Substrate/Glints2/dict_0001_0240" 7366
"/Engine/EngineMaterials/Substrate/Glints2/dict_0001_0239" 7367
"../../../Engine/Content/EngineMaterials/Substrate/Glints2/dict_0002_0005.uasset" 7368
"../../../Engine/Content/EngineMaterials/Substrate/Glints2/dict_0002_0006.uasset" 7369
"../../../Engine/Content/EngineMaterials/Substrate/Glints2/dict_0002_0008.uasset" 7370
"../../../Engine/Content/EngineMaterials/Substrate/Glints2/dict_0002_0009.uasset" 7371
"../../../Engine/Content/EngineMaterials/Substrate/Glints2/dict_0002_0007.uasset" 7372
"../../../Engine/Content/EngineMaterials/Substrate/Glints2/dict_0002_0010.uasset" 7373
"../../../Engine/Content/EngineMaterials/Substrate/Glints2/dict_0002_0013.uasset" 7374
"../../../Engine/Content/EngineMaterials/Substrate/Glints2/dict_0002_0012.uasset" 7375
"/Engine/EngineMaterials/Substrate/Glints2/dict_0002_0004" 7376
"../../../Engine/Content/EngineMaterials/Substrate/Glints2/dict_0002_0014.uasset" 7377
"../../../Engine/Content/EngineMaterials/Substrate/Glints2/dict_0002_0011.uasset" 7378
"../../../Engine/Content/EngineMaterials/Substrate/Glints2/dict_0002_0015.uasset" 7379
"../../../Engine/Content/EngineMaterials/Substrate/Glints2/dict_0002_0016.uasset" 7380
"../../../Engine/Content/EngineMaterials/Substrate/Glints2/dict_0002_0017.uasset" 7381
"/Engine/EngineMaterials/Substrate/Glints2/dict_0002_0003" 7382
"/Engine/EngineMaterials/Substrate/Glints2/dict_0002_0002" 7383
"/Engine/EngineMaterials/Substrate/Glints2/dict_0002_0001" 7384
"/Engine/EngineMaterials/Substrate/Glints2/dict_0002_0000" 7385
"/Engine/EngineMaterials/Substrate/Glints2/dict_0001_0255" 7386
"/Engine/EngineMaterials/Substrate/Glints2/dict_0001_0254" 7387
"/Engine/EngineMaterials/Substrate/Glints2/dict_0001_0253" 7388
"/Engine/EngineMaterials/Substrate/Glints2/dict_0001_0252" 7389
"/Engine/EngineMaterials/Substrate/Glints2/dict_0001_0251" 7390
"/Engine/EngineMaterials/Substrate/Glints2/dict_0001_0250" 7391
"/Engine/EngineMaterials/Substrate/Glints2/dict_0001_0249" 7392
"/Engine/EngineMaterials/Substrate/Glints2/dict_0001_0248" 7393
"/Engine/EngineMaterials/Substrate/Glints2/dict_0001_0247" 7394
"/Engine/EngineMaterials/Substrate/Glints2/dict_0001_0246" 7395
"/Engine/EngineMaterials/Substrate/Glints2/dict_0001_0245" 7396
"/Engine/EngineMaterials/Substrate/Glints2/dict_0001_0244" 7397
"/Engine/EngineMaterials/Substrate/Glints2/dict_0001_0243" 7398
"/Engine/EngineMaterials/Substrate/Glints2/dict_0002_0009" 7399
"/Engine/EngineMaterials/Substrate/Glints2/dict_0001_0242" 7400
"/Engine/EngineMaterials/Substrate/Glints2/dict_0002_0008" 7401
"/Engine/EngineMaterials/Substrate/Glints2/dict_0002_0007" 7402
"/Engine/EngineMaterials/Substrate/Glints2/dict_0002_0006" 7403
"/Engine/EngineMaterials/Substrate/Glints2/dict_0002_0005" 7404
"../../../Engine/Content/EngineMaterials/Substrate/Glints2/dict_0002_0024.uasset" 7405
"../../../Engine/Content/EngineMaterials/Substrate/Glints2/dict_0002_0018.uasset" 7406
"../../../Engine/Content/EngineMaterials/Substrate/Glints2/dict_0002_0020.uasset" 7407
"../../../Engine/Content/EngineMaterials/Substrate/Glints2/dict_0002_0027.uasset" 7408
"../../../Engine/Content/EngineMaterials/Substrate/Glints2/dict_0002_0030.uasset" 7409
"../../../Engine/Content/EngineMaterials/Substrate/Glints2/dict_0002_0032.uasset" 7410
"../../../Engine/Content/EngineMaterials/Substrate/Glints2/dict_0002_0026.uasset" 7411
"../../../Engine/Content/EngineMaterials/Substrate/Glints2/dict_0002_0034.uasset" 7412
"../../../Engine/Content/EngineMaterials/Substrate/Glints2/dict_0002_0025.uasset" 7413
"../../../Engine/Content/EngineMaterials/Substrate/Glints2/dict_0002_0035.uasset" 7414
"../../../Engine/Content/EngineMaterials/Substrate/Glints2/dict_0002_0037.uasset" 7415
"../../../Engine/Content/EngineMaterials/Substrate/Glints2/dict_0002_0036.uasset" 7416
"../../../Engine/Content/EngineMaterials/Substrate/Glints2/dict_0002_0039.uasset" 7417
"../../../Engine/Content/EngineMaterials/Substrate/Glints2/dict_0002_0031.uasset" 7418
"../../../Engine/Content/EngineMaterials/Substrate/Glints2/dict_0002_0040.uasset" 7419
"../../../Engine/Content/EngineMaterials/Substrate/Glints2/dict_0002_0041.uasset" 7420
"../../../Engine/Content/EngineMaterials/Substrate/Glints2/dict_0002_0029.uasset" 7421
"../../../Engine/Content/EngineMaterials/Substrate/Glints2/dict_0002_0028.uasset" 7422
"../../../Engine/Content/EngineMaterials/Substrate/Glints2/dict_0002_0019.uasset" 7423
"../../../Engine/Content/EngineMaterials/Substrate/Glints2/dict_0002_0023.uasset" 7424
"../../../Engine/Content/EngineMaterials/Substrate/Glints2/dict_0002_0022.uasset" 7425
"/Engine/EngineMaterials/Substrate/Glints2/dict_0002_0017" 7426
"../../../Engine/Content/EngineMaterials/Substrate/Glints2/dict_0002_0033.uasset" 7427
"../../../Engine/Content/EngineMaterials/Substrate/Glints2/dict_0002_0021.uasset" 7428
"../../../Engine/Content/EngineMaterials/Substrate/Glints2/dict_0002_0038.uasset" 7429
"/Engine/EngineMaterials/Substrate/Glints2/dict_0002_0016" 7430
"/Engine/EngineMaterials/Substrate/Glints2/dict_0002_0015" 7431
"/Engine/EngineMaterials/Substrate/Glints2/dict_0002_0014" 7432
"/Engine/EngineMaterials/Substrate/Glints2/dict_0002_0013" 7433
"/Engine/EngineMaterials/Substrate/Glints2/dict_0002_0012" 7434
"/Engine/EngineMaterials/Substrate/Glints2/dict_0002_0011" 7435
"/Engine/EngineMaterials/Substrate/Glints2/dict_0002_0010" 7436
"/Engine/EngineMaterials/Substrate/Glints2/dict_0002_0024" 7437
"/Engine/EngineMaterials/Substrate/Glints2/dict_0002_0018" 7438
"../../../Engine/Content/EngineMaterials/Substrate/Glints2/dict_0002_0042.uasset" 7439
"../../../Engine/Content/EngineMaterials/Substrate/Glints2/dict_0002_0043.uasset" 7440
"../../../Engine/Content/EngineMaterials/Substrate/Glints2/dict_0002_0044.uasset" 7441
"../../../Engine/Content/EngineMaterials/Substrate/Glints2/dict_0002_0047.uasset" 7442
"../../../Engine/Content/EngineMaterials/Substrate/Glints2/dict_0002_0046.uasset" 7443
"../../../Engine/Content/EngineMaterials/Substrate/Glints2/dict_0002_0049.uasset" 7444
"../../../Engine/Content/EngineMaterials/Substrate/Glints2/dict_0002_0045.uasset" 7445
"../../../Engine/Content/EngineMaterials/Substrate/Glints2/dict_0002_0051.uasset" 7446
"/Engine/EngineMaterials/Substrate/Glints2/dict_0002_0041" 7447
"../../../Engine/Content/EngineMaterials/Substrate/Glints2/dict_0002_0050.uasset" 7448
"../../../Engine/Content/EngineMaterials/Substrate/Glints2/dict_0002_0048.uasset" 7449
"/Engine/EngineMaterials/Substrate/Glints2/dict_0002_0040" 7450
"/Engine/EngineMaterials/Substrate/Glints2/dict_0002_0039" 7451
"/Engine/EngineMaterials/Substrate/Glints2/dict_0002_0038" 7452
"/Engine/EngineMaterials/Substrate/Glints2/dict_0002_0037" 7453
"/Engine/EngineMaterials/Substrate/Glints2/dict_0002_0036" 7454
"/Engine/EngineMaterials/Substrate/Glints2/dict_0002_0035" 7455
"/Engine/EngineMaterials/Substrate/Glints2/dict_0002_0034" 7456
"/Engine/EngineMaterials/Substrate/Glints2/dict_0002_0033" 7457
"/Engine/EngineMaterials/Substrate/Glints2/dict_0002_0032" 7458
"/Engine/EngineMaterials/Substrate/Glints2/dict_0002_0031" 7459
"/Engine/EngineMaterials/Substrate/Glints2/dict_0002_0030" 7460
"/Engine/EngineMaterials/Substrate/Glints2/dict_0002_0029" 7461
"/Engine/EngineMaterials/Substrate/Glints2/dict_0002_0028" 7462
"/Engine/EngineMaterials/Substrate/Glints2/dict_0002_0027" 7463
"/Engine/EngineMaterials/Substrate/Glints2/dict_0002_0026" 7464
"/Engine/EngineMaterials/Substrate/Glints2/dict_0002_0025" 7465
"/Engine/EngineMaterials/Substrate/Glints2/dict_0002_0043" 7466
"/Engine/EngineMaterials/Substrate/Glints2/dict_0002_0023" 7467
"/Engine/EngineMaterials/Substrate/Glints2/dict_0002_0022" 7468
"/Engine/EngineMaterials/Substrate/Glints2/dict_0002_0021" 7469
"/Engine/EngineMaterials/Substrate/Glints2/dict_0002_0020" 7470
"/Engine/EngineMaterials/Substrate/Glints2/dict_0002_0019" 7471
"/Engine/EngineMaterials/Substrate/Glints2/dict_0002_0042" 7472
"../../../Engine/Content/EngineMaterials/Substrate/Glints2/dict_0002_0054.uasset" 7473
"../../../Engine/Content/EngineMaterials/Substrate/Glints2/dict_0002_0053.uasset" 7474
"../../../Engine/Content/EngineMaterials/Substrate/Glints2/dict_0002_0058.uasset" 7475
"../../../Engine/Content/EngineMaterials/Substrate/Glints2/dict_0002_0057.uasset" 7476
"../../../Engine/Content/EngineMaterials/Substrate/Glints2/dict_0002_0062.uasset" 7477
"../../../Engine/Content/EngineMaterials/Substrate/Glints2/dict_0002_0063.uasset" 7478
"../../../Engine/Content/EngineMaterials/Substrate/Glints2/dict_0002_0064.uasset" 7479
"../../../Engine/Content/EngineMaterials/Substrate/Glints2/dict_0002_0065.uasset" 7480
"../../../Engine/Content/EngineMaterials/Substrate/Glints2/dict_0002_0056.uasset" 7481
"../../../Engine/Content/EngineMaterials/Substrate/Glints2/dict_0002_0066.uasset" 7482
"../../../Engine/Content/EngineMaterials/Substrate/Glints2/dict_0002_0059.uasset" 7483
"../../../Engine/Content/EngineMaterials/Substrate/Glints2/dict_0002_0068.uasset" 7484
"../../../Engine/Content/EngineMaterials/Substrate/Glints2/dict_0002_0070.uasset" 7485
"../../../Engine/Content/EngineMaterials/Substrate/Glints2/dict_0002_0060.uasset" 7486
"../../../Engine/Content/EngineMaterials/Substrate/Glints2/dict_0002_0073.uasset" 7487
"../../../Engine/Content/EngineMaterials/Substrate/Glints2/dict_0002_0074.uasset" 7488
"../../../Engine/Content/EngineMaterials/Substrate/Glints2/dict_0002_0075.uasset" 7489
"../../../Engine/Content/EngineMaterials/Substrate/Glints2/dict_0002_0067.uasset" 7490
"../../../Engine/Content/EngineMaterials/Substrate/Glints2/dict_0002_0069.uasset" 7491
"../../../Engine/Content/EngineMaterials/Substrate/Glints2/dict_0002_0052.uasset" 7492
"/Engine/EngineMaterials/Substrate/Glints2/dict_0002_0051" 7493
"../../../Engine/Content/EngineMaterials/Substrate/Glints2/dict_0002_0055.uasset" 7494
"../../../Engine/Content/EngineMaterials/Substrate/Glints2/dict_0002_0071.uasset" 7495
"../../../Engine/Content/EngineMaterials/Substrate/Glints2/dict_0002_0072.uasset" 7496
"../../../Engine/Content/EngineMaterials/Substrate/Glints2/dict_0002_0061.uasset" 7497
"/Engine/EngineMaterials/Substrate/Glints2/dict_0002_0050" 7498
"/Engine/EngineMaterials/Substrate/Glints2/dict_0002_0049" 7499
"/Engine/EngineMaterials/Substrate/Glints2/dict_0002_0048" 7500
"/Engine/EngineMaterials/Substrate/Glints2/dict_0002_0047" 7501
"/Engine/EngineMaterials/Substrate/Glints2/dict_0002_0046" 7502
"/Engine/EngineMaterials/Substrate/Glints2/dict_0002_0062" 7503
"/Engine/EngineMaterials/Substrate/Glints2/dict_0002_0045" 7504
"/Engine/EngineMaterials/Substrate/Glints2/dict_0002_0044" 7505
"/Engine/EngineMaterials/Substrate/Glints2/dict_0002_0058" 7506
"/Engine/EngineMaterials/Substrate/Glints2/dict_0002_0057" 7507
"/Engine/EngineMaterials/Substrate/Glints2/dict_0002_0054" 7508
"/Engine/EngineMaterials/Substrate/Glints2/dict_0002_0053" 7509
"../../../Engine/Content/EngineMaterials/Substrate/Glints2/dict_0002_0077.uasset" 7510
"../../../Engine/Content/EngineMaterials/Substrate/Glints2/dict_0002_0079.uasset" 7511
"../../../Engine/Content/EngineMaterials/Substrate/Glints2/dict_0002_0081.uasset" 7512
"../../../Engine/Content/EngineMaterials/Substrate/Glints2/dict_0002_0085.uasset" 7513
"../../../Engine/Content/EngineMaterials/Substrate/Glints2/dict_0002_0078.uasset" 7514
"../../../Engine/Content/EngineMaterials/Substrate/Glints2/dict_0002_0088.uasset" 7515
"../../../Engine/Content/EngineMaterials/Substrate/Glints2/dict_0002_0086.uasset" 7516
"../../../Engine/Content/EngineMaterials/Substrate/Glints2/dict_0002_0083.uasset" 7517
"../../../Engine/Content/EngineMaterials/Substrate/Glints2/dict_0002_0076.uasset" 7518
"/Engine/EngineMaterials/Substrate/Glints2/dict_0002_0075" 7519
"../../../Engine/Content/EngineMaterials/Substrate/Glints2/dict_0002_0082.uasset" 7520
"../../../Engine/Content/EngineMaterials/Substrate/Glints2/dict_0002_0084.uasset" 7521
"../../../Engine/Content/EngineMaterials/Substrate/Glints2/dict_0002_0087.uasset" 7522
"../../../Engine/Content/EngineMaterials/Substrate/Glints2/dict_0002_0080.uasset" 7523
"/Engine/EngineMaterials/Substrate/Glints2/dict_0002_0074" 7524
"/Engine/EngineMaterials/Substrate/Glints2/dict_0002_0073" 7525
"/Engine/EngineMaterials/Substrate/Glints2/dict_0002_0072" 7526
"/Engine/EngineMaterials/Substrate/Glints2/dict_0002_0071" 7527
"/Engine/EngineMaterials/Substrate/Glints2/dict_0002_0070" 7528
"/Engine/EngineMaterials/Substrate/Glints2/dict_0002_0069" 7529
"/Engine/EngineMaterials/Substrate/Glints2/dict_0002_0068" 7530
"/Engine/EngineMaterials/Substrate/Glints2/dict_0002_0067" 7531
"/Engine/EngineMaterials/Substrate/Glints2/dict_0002_0066" 7532
"/Engine/EngineMaterials/Substrate/Glints2/dict_0002_0065" 7533
"/Engine/EngineMaterials/Substrate/Glints2/dict_0002_0064" 7534
"/Engine/EngineMaterials/Substrate/Glints2/dict_0002_0063" 7535
"/Engine/EngineMaterials/Substrate/Glints2/dict_0002_0061" 7536
"/Engine/EngineMaterials/Substrate/Glints2/dict_0002_0060" 7537
"/Engine/EngineMaterials/Substrate/Glints2/dict_0002_0059" 7538
"/Engine/EngineMaterials/Substrate/Glints2/dict_0002_0079" 7539
"/Engine/EngineMaterials/Substrate/Glints2/dict_0002_0056" 7540
"/Engine/EngineMaterials/Substrate/Glints2/dict_0002_0055" 7541
"/Engine/EngineMaterials/Substrate/Glints2/dict_0002_0077" 7542
"/Engine/EngineMaterials/Substrate/Glints2/dict_0002_0052" 7543
"../../../Engine/Content/EngineMaterials/Substrate/Glints2/dict_0002_0091.uasset" 7544
"../../../Engine/Content/EngineMaterials/Substrate/Glints2/dict_0002_0095.uasset" 7545
"../../../Engine/Content/EngineMaterials/Substrate/Glints2/dict_0002_0094.uasset" 7546
"../../../Engine/Content/EngineMaterials/Substrate/Glints2/dict_0002_0098.uasset" 7547
"../../../Engine/Content/EngineMaterials/Substrate/Glints2/dict_0002_0092.uasset" 7548
"../../../Engine/Content/EngineMaterials/Substrate/Glints2/dict_0002_0102.uasset" 7549
"../../../Engine/Content/EngineMaterials/Substrate/Glints2/dict_0002_0101.uasset" 7550
"../../../Engine/Content/EngineMaterials/Substrate/Glints2/dict_0002_0096.uasset" 7551
"../../../Engine/Content/EngineMaterials/Substrate/Glints2/dict_0002_0103.uasset" 7552
"../../../Engine/Content/EngineMaterials/Substrate/Glints2/dict_0002_0104.uasset" 7553
"../../../Engine/Content/EngineMaterials/Substrate/Glints2/dict_0002_0106.uasset" 7554
"../../../Engine/Content/EngineMaterials/Substrate/Glints2/dict_0002_0107.uasset" 7555
"/Engine/EngineMaterials/Substrate/Glints2/dict_0002_0088" 7556
"../../../Engine/Content/EngineMaterials/Substrate/Glints2/dict_0002_0109.uasset" 7557
"../../../Engine/Content/EngineMaterials/Substrate/Glints2/dict_0002_0093.uasset" 7558
"../../../Engine/Content/EngineMaterials/Substrate/Glints2/dict_0002_0099.uasset" 7559
"../../../Engine/Content/EngineMaterials/Substrate/Glints2/dict_0002_0100.uasset" 7560
"../../../Engine/Content/EngineMaterials/Substrate/Glints2/dict_0002_0108.uasset" 7561
"../../../Engine/Content/EngineMaterials/Substrate/Glints2/dict_0002_0105.uasset" 7562
"../../../Engine/Content/EngineMaterials/Substrate/Glints2/dict_0002_0090.uasset" 7563
"../../../Engine/Content/EngineMaterials/Substrate/Glints2/dict_0002_0097.uasset" 7564
"../../../Engine/Content/EngineMaterials/Substrate/Glints2/dict_0002_0089.uasset" 7565
"/Engine/EngineMaterials/Substrate/Glints2/dict_0002_0087" 7566
"/Engine/EngineMaterials/Substrate/Glints2/dict_0002_0086" 7567
"/Engine/EngineMaterials/Substrate/Glints2/dict_0002_0085" 7568
"/Engine/EngineMaterials/Substrate/Glints2/dict_0002_0084" 7569
"/Engine/EngineMaterials/Substrate/Glints2/dict_0002_0083" 7570
"/Engine/EngineMaterials/Substrate/Glints2/dict_0002_0082" 7571
"/Engine/EngineMaterials/Substrate/Glints2/dict_0002_0081" 7572
"/Engine/EngineMaterials/Substrate/Glints2/dict_0002_0080" 7573
"/Engine/EngineMaterials/Substrate/Glints2/dict_0002_0078" 7574
"/Engine/EngineMaterials/Substrate/Glints2/dict_0002_0091" 7575
"/Engine/EngineMaterials/Substrate/Glints2/dict_0002_0076" 7576
"../../../Engine/Content/EngineMaterials/Substrate/Glints2/dict_0002_0110.uasset" 7577
"../../../Engine/Content/EngineMaterials/Substrate/Glints2/dict_0002_0111.uasset" 7578
"../../../Engine/Content/EngineMaterials/Substrate/Glints2/dict_0002_0112.uasset" 7579
"../../../Engine/Content/EngineMaterials/Substrate/Glints2/dict_0002_0113.uasset" 7580
"../../../Engine/Content/EngineMaterials/Substrate/Glints2/dict_0002_0115.uasset" 7581
"../../../Engine/Content/EngineMaterials/Substrate/Glints2/dict_0002_0114.uasset" 7582
"../../../Engine/Content/EngineMaterials/Substrate/Glints2/dict_0002_0121.uasset" 7583
"../../../Engine/Content/EngineMaterials/Substrate/Glints2/dict_0002_0119.uasset" 7584
"../../../Engine/Content/EngineMaterials/Substrate/Glints2/dict_0002_0116.uasset" 7585
"../../../Engine/Content/EngineMaterials/Substrate/Glints2/dict_0002_0118.uasset" 7586
"../../../Engine/Content/EngineMaterials/Substrate/Glints2/dict_0002_0117.uasset" 7587
"../../../Engine/Content/EngineMaterials/Substrate/Glints2/dict_0002_0120.uasset" 7588
"/Engine/EngineMaterials/Substrate/Glints2/dict_0002_0109" 7589
"/Engine/EngineMaterials/Substrate/Glints2/dict_0002_0108" 7590
"/Engine/EngineMaterials/Substrate/Glints2/dict_0002_0107" 7591
"/Engine/EngineMaterials/Substrate/Glints2/dict_0002_0106" 7592
"/Engine/EngineMaterials/Substrate/Glints2/dict_0002_0105" 7593
"/Engine/EngineMaterials/Substrate/Glints2/dict_0002_0104" 7594
"/Engine/EngineMaterials/Substrate/Glints2/dict_0002_0103" 7595
"/Engine/EngineMaterials/Substrate/Glints2/dict_0002_0102" 7596
"/Engine/EngineMaterials/Substrate/Glints2/dict_0002_0101" 7597
"/Engine/EngineMaterials/Substrate/Glints2/dict_0002_0100" 7598
"/Engine/EngineMaterials/Substrate/Glints2/dict_0002_0099" 7599
"/Engine/EngineMaterials/Substrate/Glints2/dict_0002_0098" 7600
"/Engine/EngineMaterials/Substrate/Glints2/dict_0002_0097" 7601
"/Engine/EngineMaterials/Substrate/Glints2/dict_0002_0096" 7602
"/Engine/EngineMaterials/Substrate/Glints2/dict_0002_0095" 7603
"/Engine/EngineMaterials/Substrate/Glints2/dict_0002_0094" 7604
"/Engine/EngineMaterials/Substrate/Glints2/dict_0002_0113" 7605
"/Engine/EngineMaterials/Substrate/Glints2/dict_0002_0093" 7606
"/Engine/EngineMaterials/Substrate/Glints2/dict_0002_0112" 7607
"/Engine/EngineMaterials/Substrate/Glints2/dict_0002_0092" 7608
"/Engine/EngineMaterials/Substrate/Glints2/dict_0002_0111" 7609
"/Engine/EngineMaterials/Substrate/Glints2/dict_0002_0090" 7610
"/Engine/EngineMaterials/Substrate/Glints2/dict_0002_0110" 7611
"/Engine/EngineMaterials/Substrate/Glints2/dict_0002_0089" 7612
"../../../Engine/Content/EngineMaterials/Substrate/Glints2/dict_0002_0122.uasset" 7613
"../../../Engine/Content/EngineMaterials/Substrate/Glints2/dict_0002_0123.uasset" 7614
"../../../Engine/Content/EngineMaterials/Substrate/Glints2/dict_0002_0125.uasset" 7615
"../../../Engine/Content/EngineMaterials/Substrate/Glints2/dict_0002_0128.uasset" 7616
"../../../Engine/Content/EngineMaterials/Substrate/Glints2/dict_0002_0126.uasset" 7617
"../../../Engine/Content/EngineMaterials/Substrate/Glints2/dict_0002_0130.uasset" 7618
"../../../Engine/Content/EngineMaterials/Substrate/Glints2/dict_0002_0136.uasset" 7619
"../../../Engine/Content/EngineMaterials/Substrate/Glints2/dict_0002_0131.uasset" 7620
"../../../Engine/Content/EngineMaterials/Substrate/Glints2/dict_0002_0137.uasset" 7621
"../../../Engine/Content/EngineMaterials/Substrate/Glints2/dict_0002_0132.uasset" 7622
"../../../Engine/Content/EngineMaterials/Substrate/Glints2/dict_0002_0139.uasset" 7623
"../../../Engine/Content/EngineMaterials/Substrate/Glints2/dict_0002_0133.uasset" 7624
"/Engine/EngineMaterials/Substrate/Glints2/dict_0002_0121" 7625
"../../../Engine/Content/EngineMaterials/Substrate/Glints2/dict_0002_0143.uasset" 7626
"../../../Engine/Content/EngineMaterials/Substrate/Glints2/dict_0002_0144.uasset" 7627
"../../../Engine/Content/EngineMaterials/Substrate/Glints2/dict_0002_0134.uasset" 7628
"../../../Engine/Content/EngineMaterials/Substrate/Glints2/dict_0002_0127.uasset" 7629
"../../../Engine/Content/EngineMaterials/Substrate/Glints2/dict_0002_0145.uasset" 7630
"../../../Engine/Content/EngineMaterials/Substrate/Glints2/dict_0002_0129.uasset" 7631
"../../../Engine/Content/EngineMaterials/Substrate/Glints2/dict_0002_0141.uasset" 7632
"../../../Engine/Content/EngineMaterials/Substrate/Glints2/dict_0002_0140.uasset" 7633
"../../../Engine/Content/EngineMaterials/Substrate/Glints2/dict_0002_0124.uasset" 7634
"../../../Engine/Content/EngineMaterials/Substrate/Glints2/dict_0002_0138.uasset" 7635
"../../../Engine/Content/EngineMaterials/Substrate/Glints2/dict_0002_0135.uasset" 7636
"../../../Engine/Content/EngineMaterials/Substrate/Glints2/dict_0002_0142.uasset" 7637
"/Engine/EngineMaterials/Substrate/Glints2/dict_0002_0120" 7638
"/Engine/EngineMaterials/Substrate/Glints2/dict_0002_0119" 7639
"/Engine/EngineMaterials/Substrate/Glints2/dict_0002_0118" 7640
"/Engine/EngineMaterials/Substrate/Glints2/dict_0002_0117" 7641
"/Engine/EngineMaterials/Substrate/Glints2/dict_0002_0116" 7642
"/Engine/EngineMaterials/Substrate/Glints2/dict_0002_0115" 7643
"/Engine/EngineMaterials/Substrate/Glints2/dict_0002_0114" 7644
"/Engine/EngineMaterials/Substrate/Glints2/dict_0002_0128" 7645
"/Engine/EngineMaterials/Substrate/Glints2/dict_0002_0126" 7646
"/Engine/EngineMaterials/Substrate/Glints2/dict_0002_0125" 7647
"/Engine/EngineMaterials/Substrate/Glints2/dict_0002_0123" 7648
"/Engine/EngineMaterials/Substrate/Glints2/dict_0002_0122" 7649
"../../../Engine/Content/EngineMaterials/Substrate/Glints2/dict_0002_0148.uasset" 7650
"../../../Engine/Content/EngineMaterials/Substrate/Glints2/dict_0002_0146.uasset" 7651
"../../../Engine/Content/EngineMaterials/Substrate/Glints2/dict_0002_0153.uasset" 7652
"../../../Engine/Content/EngineMaterials/Substrate/Glints2/dict_0002_0157.uasset" 7653
"../../../Engine/Content/EngineMaterials/Substrate/Glints2/dict_0002_0151.uasset" 7654
"../../../Engine/Content/EngineMaterials/Substrate/Glints2/dict_0002_0152.uasset" 7655
"../../../Engine/Content/EngineMaterials/Substrate/Glints2/dict_0002_0155.uasset" 7656
"/Engine/EngineMaterials/Substrate/Glints2/dict_0002_0145" 7657
"../../../Engine/Content/EngineMaterials/Substrate/Glints2/dict_0002_0149.uasset" 7658
"../../../Engine/Content/EngineMaterials/Substrate/Glints2/dict_0002_0158.uasset" 7659
"../../../Engine/Content/EngineMaterials/Substrate/Glints2/dict_0002_0154.uasset" 7660
"../../../Engine/Content/EngineMaterials/Substrate/Glints2/dict_0002_0147.uasset" 7661
"../../../Engine/Content/EngineMaterials/Substrate/Glints2/dict_0002_0156.uasset" 7662
"../../../Engine/Content/EngineMaterials/Substrate/Glints2/dict_0002_0150.uasset" 7663
"/Engine/EngineMaterials/Substrate/Glints2/dict_0002_0144" 7664
"/Engine/EngineMaterials/Substrate/Glints2/dict_0002_0143" 7665
"/Engine/EngineMaterials/Substrate/Glints2/dict_0002_0142" 7666
"/Engine/EngineMaterials/Substrate/Glints2/dict_0002_0141" 7667
"/Engine/EngineMaterials/Substrate/Glints2/dict_0002_0140" 7668
"/Engine/EngineMaterials/Substrate/Glints2/dict_0002_0139" 7669
"/Engine/EngineMaterials/Substrate/Glints2/dict_0002_0138" 7670
"/Engine/EngineMaterials/Substrate/Glints2/dict_0002_0137" 7671
"/Engine/EngineMaterials/Substrate/Glints2/dict_0002_0136" 7672
"/Engine/EngineMaterials/Substrate/Glints2/dict_0002_0135" 7673
"/Engine/EngineMaterials/Substrate/Glints2/dict_0002_0134" 7674
"/Engine/EngineMaterials/Substrate/Glints2/dict_0002_0133" 7675
"/Engine/EngineMaterials/Substrate/Glints2/dict_0002_0132" 7676
"/Engine/EngineMaterials/Substrate/Glints2/dict_0002_0131" 7677
"/Engine/EngineMaterials/Substrate/Glints2/dict_0002_0130" 7678
"/Engine/EngineMaterials/Substrate/Glints2/dict_0002_0129" 7679
"/Engine/EngineMaterials/Substrate/Glints2/dict_0002_0127" 7680
"/Engine/EngineMaterials/Substrate/Glints2/dict_0002_0148" 7681
"/Engine/EngineMaterials/Substrate/Glints2/dict_0002_0124" 7682
"/Engine/EngineMaterials/Substrate/Glints2/dict_0002_0146" 7683
"../../../Engine/Content/EngineMaterials/Substrate/Glints2/dict_0002_0161.uasset" 7684
"../../../Engine/Content/EngineMaterials/Substrate/Glints2/dict_0002_0163.uasset" 7685
"../../../Engine/Content/EngineMaterials/Substrate/Glints2/dict_0002_0164.uasset" 7686
"../../../Engine/Content/EngineMaterials/Substrate/Glints2/dict_0002_0165.uasset" 7687
"../../../Engine/Content/EngineMaterials/Substrate/Glints2/dict_0002_0160.uasset" 7688
"../../../Engine/Content/EngineMaterials/Substrate/Glints2/dict_0002_0170.uasset" 7689
"../../../Engine/Content/EngineMaterials/Substrate/Glints2/dict_0002_0172.uasset" 7690
"../../../Engine/Content/EngineMaterials/Substrate/Glints2/dict_0002_0168.uasset" 7691
"../../../Engine/Content/EngineMaterials/Substrate/Glints2/dict_0002_0167.uasset" 7692
"/Engine/EngineMaterials/Substrate/Glints2/dict_0002_0158" 7693
"../../../Engine/Content/EngineMaterials/Substrate/Glints2/dict_0002_0169.uasset" 7694
"../../../Engine/Content/EngineMaterials/Substrate/Glints2/dict_0002_0176.uasset" 7695
"../../../Engine/Content/EngineMaterials/Substrate/Glints2/dict_0002_0166.uasset" 7696
"../../../Engine/Content/EngineMaterials/Substrate/Glints2/dict_0002_0178.uasset" 7697
"../../../Engine/Content/EngineMaterials/Substrate/Glints2/dict_0002_0179.uasset" 7698
"../../../Engine/Content/EngineMaterials/Substrate/Glints2/dict_0002_0171.uasset" 7699
"../../../Engine/Content/EngineMaterials/Substrate/Glints2/dict_0002_0162.uasset" 7700
"../../../Engine/Content/EngineMaterials/Substrate/Glints2/dict_0002_0173.uasset" 7701
"/Engine/EngineMaterials/Substrate/Glints2/dict_0002_0157" 7702
"../../../Engine/Content/EngineMaterials/Substrate/Glints2/dict_0002_0175.uasset" 7703
"../../../Engine/Content/EngineMaterials/Substrate/Glints2/dict_0002_0177.uasset" 7704
"../../../Engine/Content/EngineMaterials/Substrate/Glints2/dict_0002_0159.uasset" 7705
"../../../Engine/Content/EngineMaterials/Substrate/Glints2/dict_0002_0174.uasset" 7706
"/Engine/EngineMaterials/Substrate/Glints2/dict_0002_0156" 7707
"/Engine/EngineMaterials/Substrate/Glints2/dict_0002_0155" 7708
"/Engine/EngineMaterials/Substrate/Glints2/dict_0002_0154" 7709
"/Engine/EngineMaterials/Substrate/Glints2/dict_0002_0153" 7710
"/Engine/EngineMaterials/Substrate/Glints2/dict_0002_0152" 7711
"/Engine/EngineMaterials/Substrate/Glints2/dict_0002_0151" 7712
"/Engine/EngineMaterials/Substrate/Glints2/dict_0002_0163" 7713
"/Engine/EngineMaterials/Substrate/Glints2/dict_0002_0150" 7714
"/Engine/EngineMaterials/Substrate/Glints2/dict_0002_0149" 7715
"/Engine/EngineMaterials/Substrate/Glints2/dict_0002_0161" 7716
"/Engine/EngineMaterials/Substrate/Glints2/dict_0002_0147" 7717
"../../../Engine/Content/EngineMaterials/Substrate/Glints2/dict_0002_0180.uasset" 7718
"../../../Engine/Content/EngineMaterials/Substrate/Glints2/dict_0002_0182.uasset" 7719
"../../../Engine/Content/EngineMaterials/Substrate/Glints2/dict_0002_0181.uasset" 7720
"../../../Engine/Content/EngineMaterials/Substrate/Glints2/dict_0002_0183.uasset" 7721
"../../../Engine/Content/EngineMaterials/Substrate/Glints2/dict_0002_0186.uasset" 7722
"../../../Engine/Content/EngineMaterials/Substrate/Glints2/dict_0002_0190.uasset" 7723
"../../../Engine/Content/EngineMaterials/Substrate/Glints2/dict_0002_0187.uasset" 7724
"../../../Engine/Content/EngineMaterials/Substrate/Glints2/dict_0002_0191.uasset" 7725
"../../../Engine/Content/EngineMaterials/Substrate/Glints2/dict_0002_0184.uasset" 7726
"../../../Engine/Content/EngineMaterials/Substrate/Glints2/dict_0002_0189.uasset" 7727
"/Engine/EngineMaterials/Substrate/Glints2/dict_0002_0179" 7728
"../../../Engine/Content/EngineMaterials/Substrate/Glints2/dict_0002_0192.uasset" 7729
"../../../Engine/Content/EngineMaterials/Substrate/Glints2/dict_0002_0185.uasset" 7730
"../../../Engine/Content/EngineMaterials/Substrate/Glints2/dict_0002_0188.uasset" 7731
"/Engine/EngineMaterials/Substrate/Glints2/dict_0002_0178" 7732
"/Engine/EngineMaterials/Substrate/Glints2/dict_0002_0177" 7733
"/Engine/EngineMaterials/Substrate/Glints2/dict_0002_0176" 7734
"/Engine/EngineMaterials/Substrate/Glints2/dict_0002_0175" 7735
"/Engine/EngineMaterials/Substrate/Glints2/dict_0002_0174" 7736
"/Engine/EngineMaterials/Substrate/Glints2/dict_0002_0173" 7737
"/Engine/EngineMaterials/Substrate/Glints2/dict_0002_0172" 7738
"/Engine/EngineMaterials/Substrate/Glints2/dict_0002_0171" 7739
"/Engine/EngineMaterials/Substrate/Glints2/dict_0002_0170" 7740
"/Engine/EngineMaterials/Substrate/Glints2/dict_0002_0169" 7741
"/Engine/EngineMaterials/Substrate/Glints2/dict_0002_0168" 7742
"/Engine/EngineMaterials/Substrate/Glints2/dict_0002_0167" 7743
"/Engine/EngineMaterials/Substrate/Glints2/dict_0002_0166" 7744
"/Engine/EngineMaterials/Substrate/Glints2/dict_0002_0165" 7745
"/Engine/EngineMaterials/Substrate/Glints2/dict_0002_0164" 7746
"/Engine/EngineMaterials/Substrate/Glints2/dict_0002_0183" 7747
"/Engine/EngineMaterials/Substrate/Glints2/dict_0002_0162" 7748
"/Engine/EngineMaterials/Substrate/Glints2/dict_0002_0182" 7749
"/Engine/EngineMaterials/Substrate/Glints2/dict_0002_0181" 7750
"/Engine/EngineMaterials/Substrate/Glints2/dict_0002_0160" 7751
"/Engine/EngineMaterials/Substrate/Glints2/dict_0002_0180" 7752
"/Engine/EngineMaterials/Substrate/Glints2/dict_0002_0159" 7753
"../../../Engine/Content/EngineMaterials/Substrate/Glints2/dict_0002_0195.uasset" 7754
"../../../Engine/Content/EngineMaterials/Substrate/Glints2/dict_0002_0194.uasset" 7755
"../../../Engine/Content/EngineMaterials/Substrate/Glints2/dict_0002_0198.uasset" 7756
"../../../Engine/Content/EngineMaterials/Substrate/Glints2/dict_0002_0202.uasset" 7757
"../../../Engine/Content/EngineMaterials/Substrate/Glints2/dict_0002_0196.uasset" 7758
"../../../Engine/Content/EngineMaterials/Substrate/Glints2/dict_0002_0204.uasset" 7759
"../../../Engine/Content/EngineMaterials/Substrate/Glints2/dict_0002_0203.uasset" 7760
"../../../Engine/Content/EngineMaterials/Substrate/Glints2/dict_0002_0206.uasset" 7761
"../../../Engine/Content/EngineMaterials/Substrate/Glints2/dict_0002_0207.uasset" 7762
"../../../Engine/Content/EngineMaterials/Substrate/Glints2/dict_0002_0193.uasset" 7763
"../../../Engine/Content/EngineMaterials/Substrate/Glints2/dict_0002_0209.uasset" 7764
"../../../Engine/Content/EngineMaterials/Substrate/Glints2/dict_0002_0211.uasset" 7765
"/Engine/EngineMaterials/Substrate/Glints2/dict_0002_0192" 7766
"../../../Engine/Content/EngineMaterials/Substrate/Glints2/dict_0002_0213.uasset" 7767
"../../../Engine/Content/EngineMaterials/Substrate/Glints2/dict_0002_0208.uasset" 7768
"../../../Engine/Content/EngineMaterials/Substrate/Glints2/dict_0002_0215.uasset" 7769
"../../../Engine/Content/EngineMaterials/Substrate/Glints2/dict_0002_0197.uasset" 7770
"../../../Engine/Content/EngineMaterials/Substrate/Glints2/dict_0002_0210.uasset" 7771
"../../../Engine/Content/EngineMaterials/Substrate/Glints2/dict_0002_0199.uasset" 7772
"../../../Engine/Content/EngineMaterials/Substrate/Glints2/dict_0002_0201.uasset" 7773
"../../../Engine/Content/EngineMaterials/Substrate/Glints2/dict_0002_0212.uasset" 7774
"../../../Engine/Content/EngineMaterials/Substrate/Glints2/dict_0002_0205.uasset" 7775
"../../../Engine/Content/EngineMaterials/Substrate/Glints2/dict_0002_0200.uasset" 7776
"../../../Engine/Content/EngineMaterials/Substrate/Glints2/dict_0002_0214.uasset" 7777
"/Engine/EngineMaterials/Substrate/Glints2/dict_0002_0191" 7778
"/Engine/EngineMaterials/Substrate/Glints2/dict_0002_0190" 7779
"/Engine/EngineMaterials/Substrate/Glints2/dict_0002_0189" 7780
"/Engine/EngineMaterials/Substrate/Glints2/dict_0002_0188" 7781
"/Engine/EngineMaterials/Substrate/Glints2/dict_0002_0187" 7782
"/Engine/EngineMaterials/Substrate/Glints2/dict_0002_0186" 7783
"/Engine/EngineMaterials/Substrate/Glints2/dict_0002_0185" 7784
"/Engine/EngineMaterials/Substrate/Glints2/dict_0002_0202" 7785
"/Engine/EngineMaterials/Substrate/Glints2/dict_0002_0184" 7786
"/Engine/EngineMaterials/Substrate/Glints2/dict_0002_0198" 7787
"/Engine/EngineMaterials/Substrate/Glints2/dict_0002_0196" 7788
"/Engine/EngineMaterials/Substrate/Glints2/dict_0002_0195" 7789
"/Engine/EngineMaterials/Substrate/Glints2/dict_0002_0194" 7790
"../../../Engine/Content/EngineMaterials/Substrate/Glints2/dict_0002_0218.uasset" 7791
"../../../Engine/Content/EngineMaterials/Substrate/Glints2/dict_0002_0216.uasset" 7792
"../../../Engine/Content/EngineMaterials/Substrate/Glints2/dict_0002_0220.uasset" 7793
"../../../Engine/Content/EngineMaterials/Substrate/Glints2/dict_0002_0221.uasset" 7794
"../../../Engine/Content/EngineMaterials/Substrate/Glints2/dict_0002_0226.uasset" 7795
"../../../Engine/Content/EngineMaterials/Substrate/Glints2/dict_0002_0229.uasset" 7796
"../../../Engine/Content/EngineMaterials/Substrate/Glints2/dict_0002_0228.uasset" 7797
"../../../Engine/Content/EngineMaterials/Substrate/Glints2/dict_0002_0217.uasset" 7798
"/Engine/EngineMaterials/Substrate/Glints2/dict_0002_0215" 7799
"../../../Engine/Content/EngineMaterials/Substrate/Glints2/dict_0002_0225.uasset" 7800
"../../../Engine/Content/EngineMaterials/Substrate/Glints2/dict_0002_0223.uasset" 7801
"../../../Engine/Content/EngineMaterials/Substrate/Glints2/dict_0002_0224.uasset" 7802
"../../../Engine/Content/EngineMaterials/Substrate/Glints2/dict_0002_0219.uasset" 7803
"../../../Engine/Content/EngineMaterials/Substrate/Glints2/dict_0002_0222.uasset" 7804
"../../../Engine/Content/EngineMaterials/Substrate/Glints2/dict_0002_0227.uasset" 7805
"/Engine/EngineMaterials/Substrate/Glints2/dict_0002_0214" 7806
"/Engine/EngineMaterials/Substrate/Glints2/dict_0002_0213" 7807
"/Engine/EngineMaterials/Substrate/Glints2/dict_0002_0212" 7808
"/Engine/EngineMaterials/Substrate/Glints2/dict_0002_0211" 7809
"/Engine/EngineMaterials/Substrate/Glints2/dict_0002_0210" 7810
"/Engine/EngineMaterials/Substrate/Glints2/dict_0002_0209" 7811
"/Engine/EngineMaterials/Substrate/Glints2/dict_0002_0208" 7812
"/Engine/EngineMaterials/Substrate/Glints2/dict_0002_0207" 7813
"/Engine/EngineMaterials/Substrate/Glints2/dict_0002_0206" 7814
"/Engine/EngineMaterials/Substrate/Glints2/dict_0002_0205" 7815
"/Engine/EngineMaterials/Substrate/Glints2/dict_0002_0204" 7816
"/Engine/EngineMaterials/Substrate/Glints2/dict_0002_0203" 7817
"/Engine/EngineMaterials/Substrate/Glints2/dict_0002_0201" 7818
"/Engine/EngineMaterials/Substrate/Glints2/dict_0002_0200" 7819
"/Engine/EngineMaterials/Substrate/Glints2/dict_0002_0220" 7820
"/Engine/EngineMaterials/Substrate/Glints2/dict_0002_0199" 7821
"/Engine/EngineMaterials/Substrate/Glints2/dict_0002_0197" 7822
"/Engine/EngineMaterials/Substrate/Glints2/dict_0002_0218" 7823
"/Engine/EngineMaterials/Substrate/Glints2/dict_0002_0216" 7824
"/Engine/EngineMaterials/Substrate/Glints2/dict_0002_0193" 7825
"../../../Engine/Content/EngineMaterials/Substrate/Glints2/dict_0002_0231.uasset" 7826
"../../../Engine/Content/EngineMaterials/Substrate/Glints2/dict_0002_0234.uasset" 7827
"../../../Engine/Content/EngineMaterials/Substrate/Glints2/dict_0002_0239.uasset" 7828
"../../../Engine/Content/EngineMaterials/Substrate/Glints2/dict_0002_0240.uasset" 7829
"../../../Engine/Content/EngineMaterials/Substrate/Glints2/dict_0002_0241.uasset" 7830
"../../../Engine/Content/EngineMaterials/Substrate/Glints2/dict_0002_0243.uasset" 7831
"../../../Engine/Content/EngineMaterials/Substrate/Glints2/dict_0002_0230.uasset" 7832
"../../../Engine/Content/EngineMaterials/Substrate/Glints2/dict_0002_0244.uasset" 7833
"../../../Engine/Content/EngineMaterials/Substrate/Glints2/dict_0002_0237.uasset" 7834
"../../../Engine/Content/EngineMaterials/Substrate/Glints2/dict_0002_0247.uasset" 7835
"../../../Engine/Content/EngineMaterials/Substrate/Glints2/dict_0002_0248.uasset" 7836
"../../../Engine/Content/EngineMaterials/Substrate/Glints2/dict_0002_0245.uasset" 7837
"../../../Engine/Content/EngineMaterials/Substrate/Glints2/dict_0002_0233.uasset" 7838
"../../../Engine/Content/EngineMaterials/Substrate/Glints2/dict_0002_0250.uasset" 7839
"../../../Engine/Content/EngineMaterials/Substrate/Glints2/dict_0002_0246.uasset" 7840
"../../../Engine/Content/EngineMaterials/Substrate/Glints2/dict_0002_0235.uasset" 7841
"../../../Engine/Content/EngineMaterials/Substrate/Glints2/dict_0002_0242.uasset" 7842
"../../../Engine/Content/EngineMaterials/Substrate/Glints2/dict_0002_0232.uasset" 7843
"/Engine/EngineMaterials/Substrate/Glints2/dict_0002_0229" 7844
"../../../Engine/Content/EngineMaterials/Substrate/Glints2/dict_0002_0249.uasset" 7845
"../../../Engine/Content/EngineMaterials/Substrate/Glints2/dict_0002_0236.uasset" 7846
"../../../Engine/Content/EngineMaterials/Substrate/Glints2/dict_0002_0238.uasset" 7847
"/Engine/EngineMaterials/Substrate/Glints2/dict_0002_0228" 7848
"/Engine/EngineMaterials/Substrate/Glints2/dict_0002_0227" 7849
"/Engine/EngineMaterials/Substrate/Glints2/dict_0002_0226" 7850
"/Engine/EngineMaterials/Substrate/Glints2/dict_0002_0225" 7851
"/Engine/EngineMaterials/Substrate/Glints2/dict_0002_0224" 7852
"/Engine/EngineMaterials/Substrate/Glints2/dict_0002_0223" 7853
"/Engine/EngineMaterials/Substrate/Glints2/dict_0002_0222" 7854
"/Engine/EngineMaterials/Substrate/Glints2/dict_0002_0221" 7855
"/Engine/EngineMaterials/Substrate/Glints2/dict_0002_0234" 7856
"/Engine/EngineMaterials/Substrate/Glints2/dict_0002_0219" 7857
"/Engine/EngineMaterials/Substrate/Glints2/dict_0002_0217" 7858
"/Engine/EngineMaterials/Substrate/Glints2/dict_0002_0231" 7859
"../../../Engine/Content/EngineMaterials/Substrate/Glints2/dict_0002_0252.uasset" 7860
"../../../Engine/Content/EngineMaterials/Substrate/Glints2/dict_0002_0254.uasset" 7861
"../../../Engine/Content/EngineMaterials/Substrate/Glints2/dict_0003_0001.uasset" 7862
"../../../Engine/Content/EngineMaterials/Substrate/Glints2/dict_0003_0004.uasset" 7863
"../../../Engine/Content/EngineMaterials/Substrate/Glints2/dict_0003_0000.uasset" 7864
"../../../Engine/Content/EngineMaterials/Substrate/Glints2/dict_0003_0006.uasset" 7865
"../../../Engine/Content/EngineMaterials/Substrate/Glints2/dict_0003_0005.uasset" 7866
"../../../Engine/Content/EngineMaterials/Substrate/Glints2/dict_0002_0255.uasset" 7867
"/Engine/EngineMaterials/Substrate/Glints2/dict_0002_0250" 7868
"../../../Engine/Content/EngineMaterials/Substrate/Glints2/dict_0003_0003.uasset" 7869
"../../../Engine/Content/EngineMaterials/Substrate/Glints2/dict_0002_0251.uasset" 7870
"../../../Engine/Content/EngineMaterials/Substrate/Glints2/dict_0003_0002.uasset" 7871
"../../../Engine/Content/EngineMaterials/Substrate/Glints2/dict_0003_0007.uasset" 7872
"../../../Engine/Content/EngineMaterials/Substrate/Glints2/dict_0002_0253.uasset" 7873
"/Engine/EngineMaterials/Substrate/Glints2/dict_0002_0249" 7874
"/Engine/EngineMaterials/Substrate/Glints2/dict_0002_0248" 7875
"/Engine/EngineMaterials/Substrate/Glints2/dict_0002_0247" 7876
"/Engine/EngineMaterials/Substrate/Glints2/dict_0002_0246" 7877
"/Engine/EngineMaterials/Substrate/Glints2/dict_0002_0245" 7878
"/Engine/EngineMaterials/Substrate/Glints2/dict_0002_0244" 7879
"/Engine/EngineMaterials/Substrate/Glints2/dict_0002_0243" 7880
"/Engine/EngineMaterials/Substrate/Glints2/dict_0002_0242" 7881
"/Engine/EngineMaterials/Substrate/Glints2/dict_0002_0241" 7882
"/Engine/EngineMaterials/Substrate/Glints2/dict_0002_0240" 7883
"/Engine/EngineMaterials/Substrate/Glints2/dict_0002_0239" 7884
"/Engine/EngineMaterials/Substrate/Glints2/dict_0002_0238" 7885
"/Engine/EngineMaterials/Substrate/Glints2/dict_0003_0001" 7886
"/Engine/EngineMaterials/Substrate/Glints2/dict_0002_0237" 7887
"/Engine/EngineMaterials/Substrate/Glints2/dict_0002_0236" 7888
"/Engine/EngineMaterials/Substrate/Glints2/dict_0002_0235" 7889
"/Engine/EngineMaterials/Substrate/Glints2/dict_0002_0254" 7890
"/Engine/EngineMaterials/Substrate/Glints2/dict_0002_0233" 7891
"/Engine/EngineMaterials/Substrate/Glints2/dict_0002_0232" 7892
"/Engine/EngineMaterials/Substrate/Glints2/dict_0002_0252" 7893
"/Engine/EngineMaterials/Substrate/Glints2/dict_0002_0230" 7894
"../../../Engine/Content/EngineMaterials/Substrate/Glints2/dict_0003_0009.uasset" 7895
"../../../Engine/Content/EngineMaterials/Substrate/Glints2/dict_0003_0013.uasset" 7896
"../../../Engine/Content/EngineMaterials/Substrate/Glints2/dict_0003_0016.uasset" 7897
"../../../Engine/Content/EngineMaterials/Substrate/Glints2/dict_0003_0018.uasset" 7898
"../../../Engine/Content/EngineMaterials/Substrate/Glints2/dict_0003_0011.uasset" 7899
"../../../Engine/Content/EngineMaterials/Substrate/Glints2/dict_0003_0020.uasset" 7900
"../../../Engine/Content/EngineMaterials/Substrate/Glints2/dict_0003_0012.uasset" 7901
"../../../Engine/Content/EngineMaterials/Substrate/Glints2/dict_0003_0023.uasset" 7902
"../../../Engine/Content/EngineMaterials/Substrate/Glints2/dict_0003_0008.uasset" 7903
"../../../Engine/Content/EngineMaterials/Substrate/Glints2/dict_0003_0024.uasset" 7904
"/Engine/EngineMaterials/Substrate/Glints2/dict_0003_0007" 7905
"../../../Engine/Content/EngineMaterials/Substrate/Glints2/dict_0003_0025.uasset" 7906
"../../../Engine/Content/EngineMaterials/Substrate/Glints2/dict_0003_0026.uasset" 7907
"../../../Engine/Content/EngineMaterials/Substrate/Glints2/dict_0003_0010.uasset" 7908
"../../../Engine/Content/EngineMaterials/Substrate/Glints2/dict_0003_0029.uasset" 7909
"../../../Engine/Content/EngineMaterials/Substrate/Glints2/dict_0003_0028.uasset" 7910
"../../../Engine/Content/EngineMaterials/Substrate/Glints2/dict_0003_0019.uasset" 7911
"../../../Engine/Content/EngineMaterials/Substrate/Glints2/dict_0003_0021.uasset" 7912
"../../../Engine/Content/EngineMaterials/Substrate/Glints2/dict_0003_0022.uasset" 7913
"../../../Engine/Content/EngineMaterials/Substrate/Glints2/dict_0003_0017.uasset" 7914
"../../../Engine/Content/EngineMaterials/Substrate/Glints2/dict_0003_0015.uasset" 7915
"../../../Engine/Content/EngineMaterials/Substrate/Glints2/dict_0003_0027.uasset" 7916
"../../../Engine/Content/EngineMaterials/Substrate/Glints2/dict_0003_0014.uasset" 7917
"/Engine/EngineMaterials/Substrate/Glints2/dict_0003_0006" 7918
"/Engine/EngineMaterials/Substrate/Glints2/dict_0003_0005" 7919
"/Engine/EngineMaterials/Substrate/Glints2/dict_0003_0004" 7920
"/Engine/EngineMaterials/Substrate/Glints2/dict_0003_0003" 7921
"/Engine/EngineMaterials/Substrate/Glints2/dict_0003_0002" 7922
"/Engine/EngineMaterials/Substrate/Glints2/dict_0003_0016" 7923
"/Engine/EngineMaterials/Substrate/Glints2/dict_0003_0000" 7924
"/Engine/EngineMaterials/Substrate/Glints2/dict_0002_0255" 7925
"/Engine/EngineMaterials/Substrate/Glints2/dict_0003_0013" 7926
"/Engine/EngineMaterials/Substrate/Glints2/dict_0002_0253" 7927
"/Engine/EngineMaterials/Substrate/Glints2/dict_0003_0009" 7928
"/Engine/EngineMaterials/Substrate/Glints2/dict_0002_0251" 7929
"../../../Engine/Content/EngineMaterials/Substrate/Glints2/dict_0003_0032.uasset" 7930
"../../../Engine/Content/EngineMaterials/Substrate/Glints2/dict_0003_0031.uasset" 7931
"../../../Engine/Content/EngineMaterials/Substrate/Glints2/dict_0003_0035.uasset" 7932
"../../../Engine/Content/EngineMaterials/Substrate/Glints2/dict_0003_0036.uasset" 7933
"../../../Engine/Content/EngineMaterials/Substrate/Glints2/dict_0003_0037.uasset" 7934
"../../../Engine/Content/EngineMaterials/Substrate/Glints2/dict_0003_0041.uasset" 7935
"../../../Engine/Content/EngineMaterials/Substrate/Glints2/dict_0003_0039.uasset" 7936
"../../../Engine/Content/EngineMaterials/Substrate/Glints2/dict_0003_0042.uasset" 7937
"../../../Engine/Content/EngineMaterials/Substrate/Glints2/dict_0003_0034.uasset" 7938
"/Engine/EngineMaterials/Substrate/Glints2/dict_0003_0029" 7939
"../../../Engine/Content/EngineMaterials/Substrate/Glints2/dict_0003_0040.uasset" 7940
"../../../Engine/Content/EngineMaterials/Substrate/Glints2/dict_0003_0033.uasset" 7941
"../../../Engine/Content/EngineMaterials/Substrate/Glints2/dict_0003_0038.uasset" 7942
"../../../Engine/Content/EngineMaterials/Substrate/Glints2/dict_0003_0030.uasset" 7943
"/Engine/EngineMaterials/Substrate/Glints2/dict_0003_0028" 7944
"/Engine/EngineMaterials/Substrate/Glints2/dict_0003_0027" 7945
"/Engine/EngineMaterials/Substrate/Glints2/dict_0003_0026" 7946
"/Engine/EngineMaterials/Substrate/Glints2/dict_0003_0025" 7947
"/Engine/EngineMaterials/Substrate/Glints2/dict_0003_0024" 7948
"/Engine/EngineMaterials/Substrate/Glints2/dict_0003_0023" 7949
"/Engine/EngineMaterials/Substrate/Glints2/dict_0003_0022" 7950
"/Engine/EngineMaterials/Substrate/Glints2/dict_0003_0021" 7951
"/Engine/EngineMaterials/Substrate/Glints2/dict_0003_0020" 7952
"/Engine/EngineMaterials/Substrate/Glints2/dict_0003_0019" 7953
"/Engine/EngineMaterials/Substrate/Glints2/dict_0003_0018" 7954
"/Engine/EngineMaterials/Substrate/Glints2/dict_0003_0017" 7955
"/Engine/EngineMaterials/Substrate/Glints2/dict_0003_0035" 7956
"/Engine/EngineMaterials/Substrate/Glints2/dict_0003_0015" 7957
"/Engine/EngineMaterials/Substrate/Glints2/dict_0003_0014" 7958
"/Engine/EngineMaterials/Substrate/Glints2/dict_0003_0012" 7959
"/Engine/EngineMaterials/Substrate/Glints2/dict_0003_0032" 7960
"/Engine/EngineMaterials/Substrate/Glints2/dict_0003_0011" 7961
"/Engine/EngineMaterials/Substrate/Glints2/dict_0003_0010" 7962
"/Engine/EngineMaterials/Substrate/Glints2/dict_0003_0031" 7963
"/Engine/EngineMaterials/Substrate/Glints2/dict_0003_0008" 7964
"../../../Engine/Content/EngineMaterials/Substrate/Glints2/dict_0003_0047.uasset" 7965
"../../../Engine/Content/EngineMaterials/Substrate/Glints2/dict_0003_0045.uasset" 7966
"../../../Engine/Content/EngineMaterials/Substrate/Glints2/dict_0003_0053.uasset" 7967
"../../../Engine/Content/EngineMaterials/Substrate/Glints2/dict_0003_0046.uasset" 7968
"../../../Engine/Content/EngineMaterials/Substrate/Glints2/dict_0003_0055.uasset" 7969
"../../../Engine/Content/EngineMaterials/Substrate/Glints2/dict_0003_0056.uasset" 7970
"../../../Engine/Content/EngineMaterials/Substrate/Glints2/dict_0003_0048.uasset" 7971
"../../../Engine/Content/EngineMaterials/Substrate/Glints2/dict_0003_0057.uasset" 7972
"../../../Engine/Content/EngineMaterials/Substrate/Glints2/dict_0003_0058.uasset" 7973
"../../../Engine/Content/EngineMaterials/Substrate/Glints2/dict_0003_0059.uasset" 7974
"../../../Engine/Content/EngineMaterials/Substrate/Glints2/dict_0003_0062.uasset" 7975
"../../../Engine/Content/EngineMaterials/Substrate/Glints2/dict_0003_0061.uasset" 7976
"../../../Engine/Content/EngineMaterials/Substrate/Glints2/dict_0003_0063.uasset" 7977
"../../../Engine/Content/EngineMaterials/Substrate/Glints2/dict_0003_0064.uasset" 7978
"../../../Engine/Content/EngineMaterials/Substrate/Glints2/dict_0003_0044.uasset" 7979
"../../../Engine/Content/EngineMaterials/Substrate/Glints2/dict_0003_0050.uasset" 7980
"../../../Engine/Content/EngineMaterials/Substrate/Glints2/dict_0003_0052.uasset" 7981
"../../../Engine/Content/EngineMaterials/Substrate/Glints2/dict_0003_0051.uasset" 7982
"../../../Engine/Content/EngineMaterials/Substrate/Glints2/dict_0003_0054.uasset" 7983
"../../../Engine/Content/EngineMaterials/Substrate/Glints2/dict_0003_0049.uasset" 7984
"/Engine/EngineMaterials/Substrate/Glints2/dict_0003_0042" 7985
"../../../Engine/Content/EngineMaterials/Substrate/Glints2/dict_0003_0060.uasset" 7986
"../../../Engine/Content/EngineMaterials/Substrate/Glints2/dict_0003_0043.uasset" 7987
"/Engine/EngineMaterials/Substrate/Glints2/dict_0003_0041" 7988
"/Engine/EngineMaterials/Substrate/Glints2/dict_0003_0040" 7989
"/Engine/EngineMaterials/Substrate/Glints2/dict_0003_0039" 7990
"/Engine/EngineMaterials/Substrate/Glints2/dict_0003_0038" 7991
"/Engine/EngineMaterials/Substrate/Glints2/dict_0003_0037" 7992
"/Engine/EngineMaterials/Substrate/Glints2/dict_0003_0053" 7993
"/Engine/EngineMaterials/Substrate/Glints2/dict_0003_0036" 7994
"/Engine/EngineMaterials/Substrate/Glints2/dict_0003_0034" 7995
"/Engine/EngineMaterials/Substrate/Glints2/dict_0003_0033" 7996
"/Engine/EngineMaterials/Substrate/Glints2/dict_0003_0047" 7997
"/Engine/EngineMaterials/Substrate/Glints2/dict_0003_0046" 7998
"/Engine/EngineMaterials/Substrate/Glints2/dict_0003_0045" 7999
"/Engine/EngineMaterials/Substrate/Glints2/dict_0003_0030" 8000
"../../../Engine/Content/EngineMaterials/Substrate/Glints2/dict_0003_0067.uasset" 8001
"../../../Engine/Content/EngineMaterials/Substrate/Glints2/dict_0003_0068.uasset" 8002
"../../../Engine/Content/EngineMaterials/Substrate/Glints2/dict_0003_0071.uasset" 8003
"../../../Engine/Content/EngineMaterials/Substrate/Glints2/dict_0003_0066.uasset" 8004
"../../../Engine/Content/EngineMaterials/Substrate/Glints2/dict_0003_0074.uasset" 8005
"../../../Engine/Content/EngineMaterials/Substrate/Glints2/dict_0003_0072.uasset" 8006
"../../../Engine/Content/EngineMaterials/Substrate/Glints2/dict_0003_0076.uasset" 8007
"../../../Engine/Content/EngineMaterials/Substrate/Glints2/dict_0003_0075.uasset" 8008
"../../../Engine/Content/EngineMaterials/Substrate/Glints2/dict_0003_0073.uasset" 8009
"/Engine/EngineMaterials/Substrate/Glints2/dict_0003_0064" 8010
"../../../Engine/Content/EngineMaterials/Substrate/Glints2/dict_0003_0065.uasset" 8011
"../../../Engine/Content/EngineMaterials/Substrate/Glints2/dict_0003_0069.uasset" 8012
"../../../Engine/Content/EngineMaterials/Substrate/Glints2/dict_0003_0077.uasset" 8013
"../../../Engine/Content/EngineMaterials/Substrate/Glints2/dict_0003_0078.uasset" 8014
"../../../Engine/Content/EngineMaterials/Substrate/Glints2/dict_0003_0070.uasset" 8015
"/Engine/EngineMaterials/Substrate/Glints2/dict_0003_0063" 8016
"/Engine/EngineMaterials/Substrate/Glints2/dict_0003_0062" 8017
"/Engine/EngineMaterials/Substrate/Glints2/dict_0003_0061" 8018
"/Engine/EngineMaterials/Substrate/Glints2/dict_0003_0060" 8019
"/Engine/EngineMaterials/Substrate/Glints2/dict_0003_0059" 8020
"/Engine/EngineMaterials/Substrate/Glints2/dict_0003_0058" 8021
"/Engine/EngineMaterials/Substrate/Glints2/dict_0003_0057" 8022
"/Engine/EngineMaterials/Substrate/Glints2/dict_0003_0056" 8023
"/Engine/EngineMaterials/Substrate/Glints2/dict_0003_0055" 8024
"/Engine/EngineMaterials/Substrate/Glints2/dict_0003_0054" 8025
"/Engine/EngineMaterials/Substrate/Glints2/dict_0003_0052" 8026
"/Engine/EngineMaterials/Substrate/Glints2/dict_0003_0051" 8027
"/Engine/EngineMaterials/Substrate/Glints2/dict_0003_0050" 8028
"/Engine/EngineMaterials/Substrate/Glints2/dict_0003_0049" 8029
"/Engine/EngineMaterials/Substrate/Glints2/dict_0003_0048" 8030
"/Engine/EngineMaterials/Substrate/Glints2/dict_0003_0068" 8031
"/Engine/EngineMaterials/Substrate/Glints2/dict_0003_0067" 8032
"/Engine/EngineMaterials/Substrate/Glints2/dict_0003_0044" 8033
"/Engine/EngineMaterials/Substrate/Glints2/dict_0003_0043" 8034
"../../../Engine/Content/EngineMaterials/Substrate/Glints2/dict_0003_0081.uasset" 8035
"../../../Engine/Content/EngineMaterials/Substrate/Glints2/dict_0003_0079.uasset" 8036
"../../../Engine/Content/EngineMaterials/Substrate/Glints2/dict_0003_0085.uasset" 8037
"../../../Engine/Content/EngineMaterials/Substrate/Glints2/dict_0003_0089.uasset" 8038
"../../../Engine/Content/EngineMaterials/Substrate/Glints2/dict_0003_0090.uasset" 8039
"../../../Engine/Content/EngineMaterials/Substrate/Glints2/dict_0003_0091.uasset" 8040
"../../../Engine/Content/EngineMaterials/Substrate/Glints2/dict_0003_0092.uasset" 8041
"../../../Engine/Content/EngineMaterials/Substrate/Glints2/dict_0003_0093.uasset" 8042
"../../../Engine/Content/EngineMaterials/Substrate/Glints2/dict_0003_0094.uasset" 8043
"../../../Engine/Content/EngineMaterials/Substrate/Glints2/dict_0003_0095.uasset" 8044
"../../../Engine/Content/EngineMaterials/Substrate/Glints2/dict_0003_0097.uasset" 8045
"../../../Engine/Content/EngineMaterials/Substrate/Glints2/dict_0003_0088.uasset" 8046
"/Engine/EngineMaterials/Substrate/Glints2/dict_0003_0078" 8047
"../../../Engine/Content/EngineMaterials/Substrate/Glints2/dict_0003_0098.uasset" 8048
"../../../Engine/Content/EngineMaterials/Substrate/Glints2/dict_0003_0086.uasset" 8049
"../../../Engine/Content/EngineMaterials/Substrate/Glints2/dict_0003_0080.uasset" 8050
"../../../Engine/Content/EngineMaterials/Substrate/Glints2/dict_0003_0083.uasset" 8051
"../../../Engine/Content/EngineMaterials/Substrate/Glints2/dict_0003_0084.uasset" 8052
"../../../Engine/Content/EngineMaterials/Substrate/Glints2/dict_0003_0082.uasset" 8053
"../../../Engine/Content/EngineMaterials/Substrate/Glints2/dict_0003_0096.uasset" 8054
"../../../Engine/Content/EngineMaterials/Substrate/Glints2/dict_0003_0087.uasset" 8055
"/Engine/EngineMaterials/Substrate/Glints2/dict_0003_0077" 8056
"/Engine/EngineMaterials/Substrate/Glints2/dict_0003_0076" 8057
"/Engine/EngineMaterials/Substrate/Glints2/dict_0003_0075" 8058
"/Engine/EngineMaterials/Substrate/Glints2/dict_0003_0074" 8059
"/Engine/EngineMaterials/Substrate/Glints2/dict_0003_0073" 8060
"/Engine/EngineMaterials/Substrate/Glints2/dict_0003_0072" 8061
"/Engine/EngineMaterials/Substrate/Glints2/dict_0003_0071" 8062
"/Engine/EngineMaterials/Substrate/Glints2/dict_0003_0070" 8063
"/Engine/EngineMaterials/Substrate/Glints2/dict_0003_0085" 8064
"/Engine/EngineMaterials/Substrate/Glints2/dict_0003_0069" 8065
"/Engine/EngineMaterials/Substrate/Glints2/dict_0003_0081" 8066
"/Engine/EngineMaterials/Substrate/Glints2/dict_0003_0066" 8067
"/Engine/EngineMaterials/Substrate/Glints2/dict_0003_0065" 8068
"/Engine/EngineMaterials/Substrate/Glints2/dict_0003_0079" 8069
"../../../Engine/Content/EngineMaterials/Substrate/Glints2/dict_0003_0099.uasset" 8070
"../../../Engine/Content/EngineMaterials/Substrate/Glints2/dict_0003_0100.uasset" 8071
"../../../Engine/Content/EngineMaterials/Substrate/Glints2/dict_0003_0102.uasset" 8072
"../../../Engine/Content/EngineMaterials/Substrate/Glints2/dict_0003_0107.uasset" 8073
"../../../Engine/Content/EngineMaterials/Substrate/Glints2/dict_0003_0109.uasset" 8074
"../../../Engine/Content/EngineMaterials/Substrate/Glints2/dict_0003_0112.uasset" 8075
"../../../Engine/Content/EngineMaterials/Substrate/Glints2/dict_0003_0101.uasset" 8076
"../../../Engine/Content/EngineMaterials/Substrate/Glints2/dict_0003_0113.uasset" 8077
"../../../Engine/Content/EngineMaterials/Substrate/Glints2/dict_0003_0111.uasset" 8078
"/Engine/EngineMaterials/Substrate/Glints2/dict_0003_0098" 8079
"../../../Engine/Content/EngineMaterials/Substrate/Glints2/dict_0003_0108.uasset" 8080
"../../../Engine/Content/EngineMaterials/Substrate/Glints2/dict_0003_0103.uasset" 8081
"../../../Engine/Content/EngineMaterials/Substrate/Glints2/dict_0003_0105.uasset" 8082
"../../../Engine/Content/EngineMaterials/Substrate/Glints2/dict_0003_0104.uasset" 8083
"../../../Engine/Content/EngineMaterials/Substrate/Glints2/dict_0003_0110.uasset" 8084
"../../../Engine/Content/EngineMaterials/Substrate/Glints2/dict_0003_0106.uasset" 8085
"/Engine/EngineMaterials/Substrate/Glints2/dict_0003_0097" 8086
"/Engine/EngineMaterials/Substrate/Glints2/dict_0003_0096" 8087
"/Engine/EngineMaterials/Substrate/Glints2/dict_0003_0095" 8088
"/Engine/EngineMaterials/Substrate/Glints2/dict_0003_0094" 8089
"/Engine/EngineMaterials/Substrate/Glints2/dict_0003_0093" 8090
"/Engine/EngineMaterials/Substrate/Glints2/dict_0003_0092" 8091
"/Engine/EngineMaterials/Substrate/Glints2/dict_0003_0091" 8092
"/Engine/EngineMaterials/Substrate/Glints2/dict_0003_0090" 8093
"/Engine/EngineMaterials/Substrate/Glints2/dict_0003_0089" 8094
"/Engine/EngineMaterials/Substrate/Glints2/dict_0003_0088" 8095
"/Engine/EngineMaterials/Substrate/Glints2/dict_0003_0087" 8096
"/Engine/EngineMaterials/Substrate/Glints2/dict_0003_0086" 8097
"/Engine/EngineMaterials/Substrate/Glints2/dict_0003_0084" 8098
"/Engine/EngineMaterials/Substrate/Glints2/dict_0003_0083" 8099
"/Engine/EngineMaterials/Substrate/Glints2/dict_0003_0082" 8100
"/Engine/EngineMaterials/Substrate/Glints2/dict_0003_0102" 8101
"/Engine/EngineMaterials/Substrate/Glints2/dict_0003_0080" 8102
"/Engine/EngineMaterials/Substrate/Glints2/dict_0003_0100" 8103
"/Engine/EngineMaterials/Substrate/Glints2/dict_0003_0099" 8104
"../../../Engine/Content/EngineMaterials/Substrate/Glints2/dict_0003_0114.uasset" 8105
"../../../Engine/Content/EngineMaterials/Substrate/Glints2/dict_0003_0115.uasset" 8106
"../../../Engine/Content/EngineMaterials/Substrate/Glints2/dict_0003_0116.uasset" 8107
"../../../Engine/Content/EngineMaterials/Substrate/Glints2/dict_0003_0118.uasset" 8108
"../../../Engine/Content/EngineMaterials/Substrate/Glints2/dict_0003_0117.uasset" 8109
"../../../Engine/Content/EngineMaterials/Substrate/Glints2/dict_0003_0121.uasset" 8110
"../../../Engine/Content/EngineMaterials/Substrate/Glints2/dict_0003_0127.uasset" 8111
"../../../Engine/Content/EngineMaterials/Substrate/Glints2/dict_0003_0126.uasset" 8112
"../../../Engine/Content/EngineMaterials/Substrate/Glints2/dict_0003_0129.uasset" 8113
"../../../Engine/Content/EngineMaterials/Substrate/Glints2/dict_0003_0130.uasset" 8114
"../../../Engine/Content/EngineMaterials/Substrate/Glints2/dict_0003_0131.uasset" 8115
"../../../Engine/Content/EngineMaterials/Substrate/Glints2/dict_0003_0119.uasset" 8116
"../../../Engine/Content/EngineMaterials/Substrate/Glints2/dict_0003_0132.uasset" 8117
"../../../Engine/Content/EngineMaterials/Substrate/Glints2/dict_0003_0123.uasset" 8118
"/Engine/EngineMaterials/Substrate/Glints2/dict_0003_0113" 8119
"../../../Engine/Content/EngineMaterials/Substrate/Glints2/dict_0003_0120.uasset" 8120
"../../../Engine/Content/EngineMaterials/Substrate/Glints2/dict_0003_0128.uasset" 8121
"../../../Engine/Content/EngineMaterials/Substrate/Glints2/dict_0003_0122.uasset" 8122
"../../../Engine/Content/EngineMaterials/Substrate/Glints2/dict_0003_0124.uasset" 8123
"../../../Engine/Content/EngineMaterials/Substrate/Glints2/dict_0003_0125.uasset" 8124
"../../../Engine/Content/EngineMaterials/Substrate/Glints2/dict_0003_0133.uasset" 8125
"/Engine/EngineMaterials/Substrate/Glints2/dict_0003_0112" 8126
"/Engine/EngineMaterials/Substrate/Glints2/dict_0003_0111" 8127
"/Engine/EngineMaterials/Substrate/Glints2/dict_0003_0110" 8128
"/Engine/EngineMaterials/Substrate/Glints2/dict_0003_0109" 8129
"/Engine/EngineMaterials/Substrate/Glints2/dict_0003_0108" 8130
"/Engine/EngineMaterials/Substrate/Glints2/dict_0003_0107" 8131
"/Engine/EngineMaterials/Substrate/Glints2/dict_0003_0106" 8132
"/Engine/EngineMaterials/Substrate/Glints2/dict_0003_0105" 8133
"/Engine/EngineMaterials/Substrate/Glints2/dict_0003_0104" 8134
"/Engine/EngineMaterials/Substrate/Glints2/dict_0003_0103" 8135
"/Engine/EngineMaterials/Substrate/Glints2/dict_0003_0118" 8136
"/Engine/EngineMaterials/Substrate/Glints2/dict_0003_0117" 8137
"/Engine/EngineMaterials/Substrate/Glints2/dict_0003_0101" 8138
"/Engine/EngineMaterials/Substrate/Glints2/dict_0003_0116" 8139
"/Engine/EngineMaterials/Substrate/Glints2/dict_0003_0115" 8140
"/Engine/EngineMaterials/Substrate/Glints2/dict_0003_0114" 8141
"../../../Engine/Content/EngineMaterials/Substrate/Glints2/dict_0003_0134.uasset" 8142
"../../../Engine/Content/EngineMaterials/Substrate/Glints2/dict_0003_0136.uasset" 8143
"../../../Engine/Content/EngineMaterials/Substrate/Glints2/dict_0003_0135.uasset" 8144
"../../../Engine/Content/EngineMaterials/Substrate/Glints2/dict_0003_0139.uasset" 8145
"../../../Engine/Content/EngineMaterials/Substrate/Glints2/dict_0003_0142.uasset" 8146
"../../../Engine/Content/EngineMaterials/Substrate/Glints2/dict_0003_0145.uasset" 8147
"../../../Engine/Content/EngineMaterials/Substrate/Glints2/dict_0003_0140.uasset" 8148
"../../../Engine/Content/EngineMaterials/Substrate/Glints2/dict_0003_0146.uasset" 8149
"../../../Engine/Content/EngineMaterials/Substrate/Glints2/dict_0003_0149.uasset" 8150
"../../../Engine/Content/EngineMaterials/Substrate/Glints2/dict_0003_0150.uasset" 8151
"../../../Engine/Content/EngineMaterials/Substrate/Glints2/dict_0003_0137.uasset" 8152
"../../../Engine/Content/EngineMaterials/Substrate/Glints2/dict_0003_0138.uasset" 8153
"../../../Engine/Content/EngineMaterials/Substrate/Glints2/dict_0003_0148.uasset" 8154
"../../../Engine/Content/EngineMaterials/Substrate/Glints2/dict_0003_0144.uasset" 8155
"/Engine/EngineMaterials/Substrate/Glints2/dict_0003_0133" 8156
"../../../Engine/Content/EngineMaterials/Substrate/Glints2/dict_0003_0141.uasset" 8157
"../../../Engine/Content/EngineMaterials/Substrate/Glints2/dict_0003_0147.uasset" 8158
"../../../Engine/Content/EngineMaterials/Substrate/Glints2/dict_0003_0143.uasset" 8159
"/Engine/EngineMaterials/Substrate/Glints2/dict_0003_0132" 8160
"/Engine/EngineMaterials/Substrate/Glints2/dict_0003_0131" 8161
"/Engine/EngineMaterials/Substrate/Glints2/dict_0003_0130" 8162
"/Engine/EngineMaterials/Substrate/Glints2/dict_0003_0129" 8163
"/Engine/EngineMaterials/Substrate/Glints2/dict_0003_0128" 8164
"/Engine/EngineMaterials/Substrate/Glints2/dict_0003_0127" 8165
"/Engine/EngineMaterials/Substrate/Glints2/dict_0003_0150" 8166
"/Engine/EngineMaterials/Substrate/Glints2/dict_0003_0149" 8167
"/Engine/EngineMaterials/Substrate/Glints2/dict_0003_0146" 8168
"/Engine/EngineMaterials/Substrate/Glints2/dict_0003_0145" 8169
"/Engine/EngineMaterials/Substrate/Glints2/dict_0003_0126" 8170
"/Engine/EngineMaterials/Substrate/Glints2/dict_0003_0125" 8171
"/Engine/EngineMaterials/Substrate/Glints2/dict_0003_0124" 8172
"/Engine/EngineMaterials/Substrate/Glints2/dict_0003_0123" 8173
"/Engine/EngineMaterials/Substrate/Glints2/dict_0003_0122" 8174
"/Engine/EngineMaterials/Substrate/Glints2/dict_0003_0121" 8175
"/Engine/EngineMaterials/Substrate/Glints2/dict_0003_0142" 8176
"/Engine/EngineMaterials/Substrate/Glints2/dict_0003_0120" 8177
"/Engine/EngineMaterials/Substrate/Glints2/dict_0003_0140" 8178
"/Engine/EngineMaterials/Substrate/Glints2/dict_0003_0119" 8179
"/Engine/EngineMaterials/Substrate/Glints2/dict_0003_0139" 8180
"/Engine/EngineMaterials/Substrate/Glints2/dict_0003_0137" 8181
"/Engine/EngineMaterials/Substrate/Glints2/dict_0003_0136" 8182
"/Engine/EngineMaterials/Substrate/Glints2/dict_0003_0135" 8183
"/Engine/EngineMaterials/Substrate/Glints2/dict_0003_0134" 8184
"../../../Engine/Content/EngineMaterials/Substrate/Glints2/dict_0003_0153.uasset" 8185
"../../../Engine/Content/EngineMaterials/Substrate/Glints2/dict_0003_0154.uasset" 8186
"../../../Engine/Content/EngineMaterials/Substrate/Glints2/dict_0003_0155.uasset" 8187
"../../../Engine/Content/EngineMaterials/Substrate/Glints2/dict_0003_0163.uasset" 8188
"../../../Engine/Content/EngineMaterials/Substrate/Glints2/dict_0003_0159.uasset" 8189
"../../../Engine/Content/EngineMaterials/Substrate/Glints2/dict_0003_0164.uasset" 8190
"../../../Engine/Content/EngineMaterials/Substrate/Glints2/dict_0003_0165.uasset" 8191
"/Engine/EngineMaterials/Substrate/Glints2/dict_0003_0148" 8192
"../../../Engine/Content/EngineMaterials/Substrate/Glints2/dict_0003_0167.uasset" 8193
"../../../Engine/Content/EngineMaterials/Substrate/Glints2/dict_0003_0169.uasset" 8194
"../../../Engine/Content/EngineMaterials/Substrate/Glints2/dict_0003_0171.uasset" 8195
"../../../Engine/Content/EngineMaterials/Substrate/Glints2/dict_0003_0152.uasset" 8196
"../../../Engine/Content/EngineMaterials/Substrate/Glints2/dict_0003_0162.uasset" 8197
"../../../Engine/Content/EngineMaterials/Substrate/Glints2/dict_0003_0173.uasset" 8198
"../../../Engine/Content/EngineMaterials/Substrate/Glints2/dict_0003_0172.uasset" 8199
"../../../Engine/Content/EngineMaterials/Substrate/Glints2/dict_0003_0175.uasset" 8200
"../../../Engine/Content/EngineMaterials/Substrate/Glints2/dict_0003_0176.uasset" 8201
"../../../Engine/Content/EngineMaterials/Substrate/Glints2/dict_0003_0160.uasset" 8202
"../../../Engine/Content/EngineMaterials/Substrate/Glints2/dict_0003_0158.uasset" 8203
"../../../Engine/Content/EngineMaterials/Substrate/Glints2/dict_0003_0166.uasset" 8204
"/Engine/EngineMaterials/Substrate/Glints2/dict_0003_0147" 8205
"../../../Engine/Content/EngineMaterials/Substrate/Glints2/dict_0003_0168.uasset" 8206
"../../../Engine/Content/EngineMaterials/Substrate/Glints2/dict_0003_0156.uasset" 8207
"../../../Engine/Content/EngineMaterials/Substrate/Glints2/dict_0003_0151.uasset" 8208
"../../../Engine/Content/EngineMaterials/Substrate/Glints2/dict_0003_0170.uasset" 8209
"../../../Engine/Content/EngineMaterials/Substrate/Glints2/dict_0003_0157.uasset" 8210
"../../../Engine/Content/EngineMaterials/Substrate/Glints2/dict_0003_0161.uasset" 8211
"../../../Engine/Content/EngineMaterials/Substrate/Glints2/dict_0003_0174.uasset" 8212
"/Engine/EngineMaterials/Substrate/Glints2/dict_0003_0144" 8213
"/Engine/EngineMaterials/Substrate/Glints2/dict_0003_0143" 8214
"/Engine/EngineMaterials/Substrate/Glints2/dict_0003_0141" 8215
"/Engine/EngineMaterials/Substrate/Glints2/dict_0003_0155" 8216
"/Engine/EngineMaterials/Substrate/Glints2/dict_0003_0138" 8217
"/Engine/EngineMaterials/Substrate/Glints2/dict_0003_0154" 8218
"/Engine/EngineMaterials/Substrate/Glints2/dict_0003_0153" 8219
"../../../Engine/Content/EngineMaterials/Substrate/Glints2/dict_0003_0177.uasset" 8220
"../../../Engine/Content/EngineMaterials/Substrate/Glints2/dict_0003_0178.uasset" 8221
"../../../Engine/Content/EngineMaterials/Substrate/Glints2/dict_0003_0180.uasset" 8222
"../../../Engine/Content/EngineMaterials/Substrate/Glints2/dict_0003_0181.uasset" 8223
"../../../Engine/Content/EngineMaterials/Substrate/Glints2/dict_0003_0183.uasset" 8224
"../../../Engine/Content/EngineMaterials/Substrate/Glints2/dict_0003_0184.uasset" 8225
"../../../Engine/Content/EngineMaterials/Substrate/Glints2/dict_0003_0185.uasset" 8226
"../../../Engine/Content/EngineMaterials/Substrate/Glints2/dict_0003_0179.uasset" 8227
"../../../Engine/Content/EngineMaterials/Substrate/Glints2/dict_0003_0182.uasset" 8228
"/Engine/EngineMaterials/Substrate/Glints2/dict_0003_0176" 8229
"/Engine/EngineMaterials/Substrate/Glints2/dict_0003_0175" 8230
"/Engine/EngineMaterials/Substrate/Glints2/dict_0003_0174" 8231
"/Engine/EngineMaterials/Substrate/Glints2/dict_0003_0173" 8232
"/Engine/EngineMaterials/Substrate/Glints2/dict_0003_0172" 8233
"/Engine/EngineMaterials/Substrate/Glints2/dict_0003_0171" 8234
"/Engine/EngineMaterials/Substrate/Glints2/dict_0003_0170" 8235
"/Engine/EngineMaterials/Substrate/Glints2/dict_0003_0169" 8236
"/Engine/EngineMaterials/Substrate/Glints2/dict_0003_0168" 8237
"/Engine/EngineMaterials/Substrate/Glints2/dict_0003_0167" 8238
"/Engine/EngineMaterials/Substrate/Glints2/dict_0003_0166" 8239
"/Engine/EngineMaterials/Substrate/Glints2/dict_0003_0165" 8240
"/Engine/EngineMaterials/Substrate/Glints2/dict_0003_0164" 8241
"/Engine/EngineMaterials/Substrate/Glints2/dict_0003_0163" 8242
"/Engine/EngineMaterials/Substrate/Glints2/dict_0003_0162" 8243
"/Engine/EngineMaterials/Substrate/Glints2/dict_0003_0161" 8244
"/Engine/EngineMaterials/Substrate/Glints2/dict_0003_0160" 8245
"/Engine/EngineMaterials/Substrate/Glints2/dict_0003_0159" 8246
"/Engine/EngineMaterials/Substrate/Glints2/dict_0003_0158" 8247
"/Engine/EngineMaterials/Substrate/Glints2/dict_0003_0157" 8248
"/Engine/EngineMaterials/Substrate/Glints2/dict_0003_0156" 8249
"/Engine/EngineMaterials/Substrate/Glints2/dict_0003_0180" 8250
"/Engine/EngineMaterials/Substrate/Glints2/dict_0003_0178" 8251
"/Engine/EngineMaterials/Substrate/Glints2/dict_0003_0177" 8252
"/Engine/EngineMaterials/Substrate/Glints2/dict_0003_0152" 8253
"/Engine/EngineMaterials/Substrate/Glints2/dict_0003_0151" 8254
"../../../Engine/Content/EngineMaterials/Substrate/Glints2/dict_0003_0188.uasset" 8255
"../../../Engine/Content/EngineMaterials/Substrate/Glints2/dict_0003_0192.uasset" 8256
"../../../Engine/Content/EngineMaterials/Substrate/Glints2/dict_0003_0193.uasset" 8257
"../../../Engine/Content/EngineMaterials/Substrate/Glints2/dict_0003_0197.uasset" 8258
"../../../Engine/Content/EngineMaterials/Substrate/Glints2/dict_0003_0189.uasset" 8259
"../../../Engine/Content/EngineMaterials/Substrate/Glints2/dict_0003_0199.uasset" 8260
"../../../Engine/Content/EngineMaterials/Substrate/Glints2/dict_0003_0201.uasset" 8261
"../../../Engine/Content/EngineMaterials/Substrate/Glints2/dict_0003_0200.uasset" 8262
"/Engine/EngineMaterials/Substrate/Glints2/dict_0003_0185" 8263
"../../../Engine/Content/EngineMaterials/Substrate/Glints2/dict_0003_0202.uasset" 8264
"../../../Engine/Content/EngineMaterials/Substrate/Glints2/dict_0003_0187.uasset" 8265
"../../../Engine/Content/EngineMaterials/Substrate/Glints2/dict_0003_0206.uasset" 8266
"../../../Engine/Content/EngineMaterials/Substrate/Glints2/dict_0003_0198.uasset" 8267
"../../../Engine/Content/EngineMaterials/Substrate/Glints2/dict_0003_0204.uasset" 8268
"../../../Engine/Content/EngineMaterials/Substrate/Glints2/dict_0003_0208.uasset" 8269
"../../../Engine/Content/EngineMaterials/Substrate/Glints2/dict_0003_0209.uasset" 8270
"../../../Engine/Content/EngineMaterials/Substrate/Glints2/dict_0003_0210.uasset" 8271
"../../../Engine/Content/EngineMaterials/Substrate/Glints2/dict_0003_0190.uasset" 8272
"../../../Engine/Content/EngineMaterials/Substrate/Glints2/dict_0003_0203.uasset" 8273
"/Engine/EngineMaterials/Substrate/Glints2/dict_0003_0184" 8274
"../../../Engine/Content/EngineMaterials/Substrate/Glints2/dict_0003_0191.uasset" 8275
"../../../Engine/Content/EngineMaterials/Substrate/Glints2/dict_0003_0186.uasset" 8276
"../../../Engine/Content/EngineMaterials/Substrate/Glints2/dict_0003_0196.uasset" 8277
"../../../Engine/Content/EngineMaterials/Substrate/Glints2/dict_0003_0195.uasset" 8278
"../../../Engine/Content/EngineMaterials/Substrate/Glints2/dict_0003_0194.uasset" 8279
"../../../Engine/Content/EngineMaterials/Substrate/Glints2/dict_0003_0207.uasset" 8280
"../../../Engine/Content/EngineMaterials/Substrate/Glints2/dict_0003_0205.uasset" 8281
"/Engine/EngineMaterials/Substrate/Glints2/dict_0003_0183" 8282
"../../../Engine/Content/EngineMaterials/Substrate/Glints2/dict_0003_0211.uasset" 8283
"/Engine/EngineMaterials/Substrate/Glints2/dict_0003_0182" 8284
"/Engine/EngineMaterials/Substrate/Glints2/dict_0003_0181" 8285
"/Engine/EngineMaterials/Substrate/Glints2/dict_0003_0192" 8286
"/Engine/EngineMaterials/Substrate/Glints2/dict_0003_0179" 8287
"/Engine/EngineMaterials/Substrate/Glints2/dict_0003_0188" 8288
"../../../Engine/Content/EngineMaterials/Substrate/Glints2/dict_0003_0213.uasset" 8289
"../../../Engine/Content/EngineMaterials/Substrate/Glints2/dict_0003_0212.uasset" 8290
"../../../Engine/Content/EngineMaterials/Substrate/Glints2/dict_0003_0216.uasset" 8291
"../../../Engine/Content/EngineMaterials/Substrate/Glints2/dict_0003_0215.uasset" 8292
"../../../Engine/Content/EngineMaterials/Substrate/Glints2/dict_0003_0217.uasset" 8293
"../../../Engine/Content/EngineMaterials/Substrate/Glints2/dict_0003_0214.uasset" 8294
"../../../Engine/Content/EngineMaterials/Substrate/Glints2/dict_0003_0219.uasset" 8295
"../../../Engine/Content/EngineMaterials/Substrate/Glints2/dict_0003_0218.uasset" 8296
"/Engine/EngineMaterials/Substrate/Glints2/dict_0003_0211" 8297
"/Engine/EngineMaterials/Substrate/Glints2/dict_0003_0210" 8298
"/Engine/EngineMaterials/Substrate/Glints2/dict_0003_0209" 8299
"/Engine/EngineMaterials/Substrate/Glints2/dict_0003_0208" 8300
"/Engine/EngineMaterials/Substrate/Glints2/dict_0003_0207" 8301
"/Engine/EngineMaterials/Substrate/Glints2/dict_0003_0206" 8302
"/Engine/EngineMaterials/Substrate/Glints2/dict_0003_0205" 8303
"/Engine/EngineMaterials/Substrate/Glints2/dict_0003_0204" 8304
"/Engine/EngineMaterials/Substrate/Glints2/dict_0003_0203" 8305
"/Engine/EngineMaterials/Substrate/Glints2/dict_0003_0202" 8306
"/Engine/EngineMaterials/Substrate/Glints2/dict_0003_0201" 8307
"/Engine/EngineMaterials/Substrate/Glints2/dict_0003_0200" 8308
"/Engine/EngineMaterials/Substrate/Glints2/dict_0003_0199" 8309
"/Engine/EngineMaterials/Substrate/Glints2/dict_0003_0198" 8310
"/Engine/EngineMaterials/Substrate/Glints2/dict_0003_0197" 8311
"/Engine/EngineMaterials/Substrate/Glints2/dict_0003_0196" 8312
"/Engine/EngineMaterials/Substrate/Glints2/dict_0003_0216" 8313
"/Engine/EngineMaterials/Substrate/Glints2/dict_0003_0195" 8314
"/Engine/EngineMaterials/Substrate/Glints2/dict_0003_0194" 8315
"/Engine/EngineMaterials/Substrate/Glints2/dict_0003_0215" 8316
"/Engine/EngineMaterials/Substrate/Glints2/dict_0003_0193" 8317
"/Engine/EngineMaterials/Substrate/Glints2/dict_0003_0191" 8318
"/Engine/EngineMaterials/Substrate/Glints2/dict_0003_0190" 8319
"/Engine/EngineMaterials/Substrate/Glints2/dict_0003_0213" 8320
"/Engine/EngineMaterials/Substrate/Glints2/dict_0003_0189" 8321
"/Engine/EngineMaterials/Substrate/Glints2/dict_0003_0212" 8322
"/Engine/EngineMaterials/Substrate/Glints2/dict_0003_0187" 8323
"/Engine/EngineMaterials/Substrate/Glints2/dict_0003_0186" 8324
"../../../Engine/Content/EngineMaterials/Substrate/Glints2/dict_0003_0220.uasset" 8325
"../../../Engine/Content/EngineMaterials/Substrate/Glints2/dict_0003_0221.uasset" 8326
"../../../Engine/Content/EngineMaterials/Substrate/Glints2/dict_0003_0222.uasset" 8327
"../../../Engine/Content/EngineMaterials/Substrate/Glints2/dict_0003_0224.uasset" 8328
"../../../Engine/Content/EngineMaterials/Substrate/Glints2/dict_0003_0223.uasset" 8329
"../../../Engine/Content/EngineMaterials/Substrate/Glints2/dict_0003_0232.uasset" 8330
"../../../Engine/Content/EngineMaterials/Substrate/Glints2/dict_0003_0233.uasset" 8331
"../../../Engine/Content/EngineMaterials/Substrate/Glints2/dict_0003_0226.uasset" 8332
"../../../Engine/Content/EngineMaterials/Substrate/Glints2/dict_0003_0234.uasset" 8333
"../../../Engine/Content/EngineMaterials/Substrate/Glints2/dict_0003_0236.uasset" 8334
"../../../Engine/Content/EngineMaterials/Substrate/Glints2/dict_0003_0237.uasset" 8335
"../../../Engine/Content/EngineMaterials/Substrate/Glints2/dict_0003_0238.uasset" 8336
"/Engine/EngineMaterials/Substrate/Glints2/dict_0003_0219" 8337
"../../../Engine/Content/EngineMaterials/Substrate/Glints2/dict_0003_0240.uasset" 8338
"../../../Engine/Content/EngineMaterials/Substrate/Glints2/dict_0003_0225.uasset" 8339
"../../../Engine/Content/EngineMaterials/Substrate/Glints2/dict_0003_0242.uasset" 8340
"../../../Engine/Content/EngineMaterials/Substrate/Glints2/dict_0003_0228.uasset" 8341
"../../../Engine/Content/EngineMaterials/Substrate/Glints2/dict_0003_0246.uasset" 8342
"../../../Engine/Content/EngineMaterials/Substrate/Glints2/dict_0003_0245.uasset" 8343
"../../../Engine/Content/EngineMaterials/Substrate/Glints2/dict_0003_0235.uasset" 8344
"../../../Engine/Content/EngineMaterials/Substrate/Glints2/dict_0003_0229.uasset" 8345
"../../../Engine/Content/EngineMaterials/Substrate/Glints2/dict_0003_0247.uasset" 8346
"../../../Engine/Content/EngineMaterials/Substrate/Glints2/dict_0003_0239.uasset" 8347
"../../../Engine/Content/EngineMaterials/Substrate/Glints2/dict_0003_0231.uasset" 8348
"../../../Engine/Content/EngineMaterials/Substrate/Glints2/dict_0003_0241.uasset" 8349
"../../../Engine/Content/EngineMaterials/Substrate/Glints2/dict_0003_0227.uasset" 8350
"../../../Engine/Content/EngineMaterials/Substrate/Glints2/dict_0003_0243.uasset" 8351
"/Engine/EngineMaterials/Substrate/Glints2/dict_0003_0218" 8352
"../../../Engine/Content/EngineMaterials/Substrate/Glints2/dict_0003_0230.uasset" 8353
"../../../Engine/Content/EngineMaterials/Substrate/Glints2/dict_0003_0244.uasset" 8354
"/Engine/EngineMaterials/Substrate/Glints2/dict_0003_0217" 8355
"/Engine/EngineMaterials/Substrate/Glints2/dict_0003_0214" 8356
"/Engine/EngineMaterials/Substrate/Glints2/dict_0003_0224" 8357
"/Engine/EngineMaterials/Substrate/Glints2/dict_0003_0223" 8358
"/Engine/EngineMaterials/Substrate/Glints2/dict_0003_0222" 8359
"/Engine/EngineMaterials/Substrate/Glints2/dict_0003_0221" 8360
"/Engine/EngineMaterials/Substrate/Glints2/dict_0003_0220" 8361
"../../../Engine/Content/EngineMaterials/Substrate/Glints2/dict_0003_0248.uasset" 8362
"../../../Engine/Content/EngineMaterials/Substrate/Glints2/dict_0003_0249.uasset" 8363
"../../../Engine/Content/EngineMaterials/Substrate/Glints2/dict_0003_0251.uasset" 8364
"../../../Engine/Content/EngineMaterials/Substrate/Glints2/dict_0003_0252.uasset" 8365
"../../../Engine/Content/EngineMaterials/Substrate/Glints2/dict_0003_0254.uasset" 8366
"../../../Engine/Content/EngineMaterials/Substrate/Glints2/dict_0003_0255.uasset" 8367
"../../../Engine/Content/EngineMaterials/Substrate/Glints2/dict_0003_0250.uasset" 8368
"../../../Engine/Content/EngineMaterials/Substrate/Glints2/dict_0004_0000.uasset" 8369
"/Engine/EngineMaterials/Substrate/Glints2/dict_0003_0247" 8370
"../../../Engine/Content/EngineMaterials/Substrate/Glints2/dict_0003_0253.uasset" 8371
"/Engine/EngineMaterials/Substrate/Glints2/dict_0003_0246" 8372
"/Engine/EngineMaterials/Substrate/Glints2/dict_0003_0245" 8373
"/Engine/EngineMaterials/Substrate/Glints2/dict_0003_0244" 8374
"/Engine/EngineMaterials/Substrate/Glints2/dict_0003_0243" 8375
"/Engine/EngineMaterials/Substrate/Glints2/dict_0003_0242" 8376
"/Engine/EngineMaterials/Substrate/Glints2/dict_0003_0241" 8377
"/Engine/EngineMaterials/Substrate/Glints2/dict_0003_0240" 8378
"/Engine/EngineMaterials/Substrate/Glints2/dict_0003_0239" 8379
"/Engine/EngineMaterials/Substrate/Glints2/dict_0003_0238" 8380
"/Engine/EngineMaterials/Substrate/Glints2/dict_0003_0237" 8381
"/Engine/EngineMaterials/Substrate/Glints2/dict_0003_0236" 8382
"/Engine/EngineMaterials/Substrate/Glints2/dict_0003_0235" 8383
"/Engine/EngineMaterials/Substrate/Glints2/dict_0003_0234" 8384
"/Engine/EngineMaterials/Substrate/Glints2/dict_0003_0233" 8385
"/Engine/EngineMaterials/Substrate/Glints2/dict_0003_0232" 8386
"/Engine/EngineMaterials/Substrate/Glints2/dict_0003_0231" 8387
"/Engine/EngineMaterials/Substrate/Glints2/dict_0003_0230" 8388
"/Engine/EngineMaterials/Substrate/Glints2/dict_0003_0229" 8389
"/Engine/EngineMaterials/Substrate/Glints2/dict_0003_0228" 8390
"/Engine/EngineMaterials/Substrate/Glints2/dict_0003_0227" 8391
"/Engine/EngineMaterials/Substrate/Glints2/dict_0003_0226" 8392
"/Engine/EngineMaterials/Substrate/Glints2/dict_0003_0225" 8393
"/Engine/EngineMaterials/Substrate/Glints2/dict_0003_0252" 8394
"/Engine/EngineMaterials/Substrate/Glints2/dict_0003_0251" 8395
"/Engine/EngineMaterials/Substrate/Glints2/dict_0003_0249" 8396
"/Engine/EngineMaterials/Substrate/Glints2/dict_0003_0248" 8397
"../../../Engine/Content/EngineMaterials/Substrate/Glints2/dict_0004_0005.uasset" 8398
"../../../Engine/Content/EngineMaterials/Substrate/Glints2/dict_0004_0008.uasset" 8399
"../../../Engine/Content/EngineMaterials/Substrate/Glints2/dict_0004_0004.uasset" 8400
"../../../Engine/Content/EngineMaterials/Substrate/Glints2/dict_0004_0009.uasset" 8401
"../../../Engine/Content/EngineMaterials/Substrate/Glints2/dict_0004_0012.uasset" 8402
"../../../Engine/Content/EngineMaterials/Substrate/Glints2/dict_0004_0010.uasset" 8403
"../../../Engine/Content/EngineMaterials/Substrate/Glints2/dict_0004_0002.uasset" 8404
"../../../Engine/Content/EngineMaterials/Substrate/Glints2/dict_0004_0015.uasset" 8405
"../../../Engine/Content/EngineMaterials/Substrate/Glints2/dict_0004_0017.uasset" 8406
"../../../Engine/Content/EngineMaterials/Substrate/Glints2/dict_0004_0018.uasset" 8407
"../../../Engine/Content/EngineMaterials/Substrate/Glints2/dict_0004_0019.uasset" 8408
"../../../Engine/Content/EngineMaterials/Substrate/Glints2/dict_0004_0006.uasset" 8409
"../../../Engine/Content/EngineMaterials/Substrate/Glints2/dict_0004_0020.uasset" 8410
"../../../Engine/Content/EngineMaterials/Substrate/Glints2/dict_0004_0016.uasset" 8411
"../../../Engine/Content/EngineMaterials/Substrate/Glints2/dict_0004_0021.uasset" 8412
"../../../Engine/Content/EngineMaterials/Substrate/Glints2/dict_0004_0023.uasset" 8413
"../../../Engine/Content/EngineMaterials/Substrate/Glints2/dict_0004_0007.uasset" 8414
"../../../Engine/Content/EngineMaterials/Substrate/Glints2/dict_0004_0024.uasset" 8415
"../../../Engine/Content/EngineMaterials/Substrate/Glints2/dict_0004_0025.uasset" 8416
"../../../Engine/Content/EngineMaterials/Substrate/Glints2/dict_0004_0027.uasset" 8417
"../../../Engine/Content/EngineMaterials/Substrate/Glints2/dict_0004_0026.uasset" 8418
"../../../Engine/Content/EngineMaterials/Substrate/Glints2/dict_0004_0011.uasset" 8419
"../../../Engine/Content/EngineMaterials/Substrate/Glints2/dict_0004_0003.uasset" 8420
"../../../Engine/Content/EngineMaterials/Substrate/Glints2/dict_0004_0013.uasset" 8421
"../../../Engine/Content/EngineMaterials/Substrate/Glints2/dict_0004_0001.uasset" 8422
"../../../Engine/Content/EngineMaterials/Substrate/Glints2/dict_0004_0014.uasset" 8423
"../../../Engine/Content/EngineMaterials/Substrate/Glints2/dict_0004_0022.uasset" 8424
"/Engine/EngineMaterials/Substrate/Glints2/dict_0004_0000" 8425
"/Engine/EngineMaterials/Substrate/Glints2/dict_0003_0255" 8426
"/Engine/EngineMaterials/Substrate/Glints2/dict_0003_0254" 8427
"/Engine/EngineMaterials/Substrate/Glints2/dict_0003_0253" 8428
"/Engine/EngineMaterials/Substrate/Glints2/dict_0004_0005" 8429
"/Engine/EngineMaterials/Substrate/Glints2/dict_0004_0004" 8430
"/Engine/EngineMaterials/Substrate/Glints2/dict_0003_0250" 8431
"../../../Engine/Content/EngineMaterials/Substrate/Glints2/dict_0004_0028.uasset" 8432
"../../../Engine/Content/EngineMaterials/Substrate/Glints2/dict_0004_0031.uasset" 8433
"../../../Engine/Content/EngineMaterials/Substrate/Glints2/dict_0004_0029.uasset" 8434
"../../../Engine/Content/EngineMaterials/Substrate/Glints2/dict_0004_0032.uasset" 8435
"../../../Engine/Content/EngineMaterials/Substrate/Glints2/dict_0004_0034.uasset" 8436
"../../../Engine/Content/EngineMaterials/Substrate/Glints2/dict_0004_0030.uasset" 8437
"/Engine/EngineMaterials/Substrate/Glints2/dict_0004_0027" 8438
"../../../Engine/Content/EngineMaterials/Substrate/Glints2/dict_0004_0033.uasset" 8439
"/Engine/EngineMaterials/Substrate/Glints2/dict_0004_0026" 8440
"/Engine/EngineMaterials/Substrate/Glints2/dict_0004_0025" 8441
"/Engine/EngineMaterials/Substrate/Glints2/dict_0004_0024" 8442
"/Engine/EngineMaterials/Substrate/Glints2/dict_0004_0023" 8443
"/Engine/EngineMaterials/Substrate/Glints2/dict_0004_0022" 8444
"/Engine/EngineMaterials/Substrate/Glints2/dict_0004_0021" 8445
"/Engine/EngineMaterials/Substrate/Glints2/dict_0004_0020" 8446
"/Engine/EngineMaterials/Substrate/Glints2/dict_0004_0019" 8447
"/Engine/EngineMaterials/Substrate/Glints2/dict_0004_0018" 8448
"/Engine/EngineMaterials/Substrate/Glints2/dict_0004_0017" 8449
"/Engine/EngineMaterials/Substrate/Glints2/dict_0004_0016" 8450
"/Engine/EngineMaterials/Substrate/Glints2/dict_0004_0015" 8451
"/Engine/EngineMaterials/Substrate/Glints2/dict_0004_0014" 8452
"/Engine/EngineMaterials/Substrate/Glints2/dict_0004_0013" 8453
"/Engine/EngineMaterials/Substrate/Glints2/dict_0004_0012" 8454
"/Engine/EngineMaterials/Substrate/Glints2/dict_0004_0011" 8455
"/Engine/EngineMaterials/Substrate/Glints2/dict_0004_0010" 8456
"/Engine/EngineMaterials/Substrate/Glints2/dict_0004_0009" 8457
"/Engine/EngineMaterials/Substrate/Glints2/dict_0004_0008" 8458
"/Engine/EngineMaterials/Substrate/Glints2/dict_0004_0007" 8459
"/Engine/EngineMaterials/Substrate/Glints2/dict_0004_0006" 8460
"/Engine/EngineMaterials/Substrate/Glints2/dict_0004_0003" 8461
"/Engine/EngineMaterials/Substrate/Glints2/dict_0004_0028" 8462
"/Engine/EngineMaterials/Substrate/Glints2/dict_0004_0002" 8463
"/Engine/EngineMaterials/Substrate/Glints2/dict_0004_0001" 8464
"../../../Engine/Content/EngineMaterials/Substrate/Glints2/dict_0004_0036.uasset" 8465
"../../../Engine/Content/EngineMaterials/Substrate/Glints2/dict_0004_0039.uasset" 8466
"../../../Engine/Content/EngineMaterials/Substrate/Glints2/dict_0004_0040.uasset" 8467
"../../../Engine/Content/EngineMaterials/Substrate/Glints2/dict_0004_0037.uasset" 8468
"../../../Engine/Content/EngineMaterials/Substrate/Glints2/dict_0004_0041.uasset" 8469
"../../../Engine/Content/EngineMaterials/Substrate/Glints2/dict_0004_0045.uasset" 8470
"../../../Engine/Content/EngineMaterials/Substrate/Glints2/dict_0004_0048.uasset" 8471
"../../../Engine/Content/EngineMaterials/Substrate/Glints2/dict_0004_0038.uasset" 8472
"../../../Engine/Content/EngineMaterials/Substrate/Glints2/dict_0004_0050.uasset" 8473
"../../../Engine/Content/EngineMaterials/Substrate/Glints2/dict_0004_0047.uasset" 8474
"/Engine/EngineMaterials/Substrate/Glints2/dict_0004_0034" 8475
"../../../Engine/Content/EngineMaterials/Substrate/Glints2/dict_0004_0053.uasset" 8476
"../../../Engine/Content/EngineMaterials/Substrate/Glints2/dict_0004_0054.uasset" 8477
"../../../Engine/Content/EngineMaterials/Substrate/Glints2/dict_0004_0055.uasset" 8478
"../../../Engine/Content/EngineMaterials/Substrate/Glints2/dict_0004_0056.uasset" 8479
"../../../Engine/Content/EngineMaterials/Substrate/Glints2/dict_0004_0057.uasset" 8480
"../../../Engine/Content/EngineMaterials/Substrate/Glints2/dict_0004_0058.uasset" 8481
"../../../Engine/Content/EngineMaterials/Substrate/Glints2/dict_0004_0049.uasset" 8482
"../../../Engine/Content/EngineMaterials/Substrate/Glints2/dict_0004_0059.uasset" 8483
"../../../Engine/Content/EngineMaterials/Substrate/Glints2/dict_0004_0060.uasset" 8484
"../../../Engine/Content/EngineMaterials/Substrate/Glints2/dict_0004_0051.uasset" 8485
"../../../Engine/Content/EngineMaterials/Substrate/Glints2/dict_0004_0044.uasset" 8486
"../../../Engine/Content/EngineMaterials/Substrate/Glints2/dict_0004_0052.uasset" 8487
"../../../Engine/Content/EngineMaterials/Substrate/Glints2/dict_0004_0043.uasset" 8488
"../../../Engine/Content/EngineMaterials/Substrate/Glints2/dict_0004_0035.uasset" 8489
"../../../Engine/Content/EngineMaterials/Substrate/Glints2/dict_0004_0046.uasset" 8490
"../../../Engine/Content/EngineMaterials/Substrate/Glints2/dict_0004_0042.uasset" 8491
"/Engine/EngineMaterials/Substrate/Glints2/dict_0004_0033" 8492
"/Engine/EngineMaterials/Substrate/Glints2/dict_0004_0032" 8493
"/Engine/EngineMaterials/Substrate/Glints2/dict_0004_0040" 8494
"/Engine/EngineMaterials/Substrate/Glints2/dict_0004_0031" 8495
"/Engine/EngineMaterials/Substrate/Glints2/dict_0004_0039" 8496
"/Engine/EngineMaterials/Substrate/Glints2/dict_0004_0030" 8497
"/Engine/EngineMaterials/Substrate/Glints2/dict_0004_0029" 8498
"/Engine/EngineMaterials/Substrate/Glints2/dict_0004_0037" 8499
"/Engine/EngineMaterials/Substrate/Glints2/dict_0004_0036" 8500
"../../../Engine/Content/EngineMaterials/Substrate/Glints2/dict_0004_0064.uasset" 8501
"../../../Engine/Content/EngineMaterials/Substrate/Glints2/dict_0004_0066.uasset" 8502
"../../../Engine/Content/EngineMaterials/Substrate/Glints2/dict_0004_0065.uasset" 8503
"../../../Engine/Content/EngineMaterials/Substrate/Glints2/dict_0004_0061.uasset" 8504
"../../../Engine/Content/EngineMaterials/Substrate/Glints2/dict_0004_0069.uasset" 8505
"../../../Engine/Content/EngineMaterials/Substrate/Glints2/dict_0004_0067.uasset" 8506
"../../../Engine/Content/EngineMaterials/Substrate/Glints2/dict_0004_0068.uasset" 8507
"/Engine/EngineMaterials/Substrate/Glints2/dict_0004_0060" 8508
"../../../Engine/Content/EngineMaterials/Substrate/Glints2/dict_0004_0063.uasset" 8509
"../../../Engine/Content/EngineMaterials/Substrate/Glints2/dict_0004_0070.uasset" 8510
"../../../Engine/Content/EngineMaterials/Substrate/Glints2/dict_0004_0062.uasset" 8511
"/Engine/EngineMaterials/Substrate/Glints2/dict_0004_0059" 8512
"/Engine/EngineMaterials/Substrate/Glints2/dict_0004_0058" 8513
"/Engine/EngineMaterials/Substrate/Glints2/dict_0004_0057" 8514
"/Engine/EngineMaterials/Substrate/Glints2/dict_0004_0056" 8515
"/Engine/EngineMaterials/Substrate/Glints2/dict_0004_0055" 8516
"/Engine/EngineMaterials/Substrate/Glints2/dict_0004_0054" 8517
"/Engine/EngineMaterials/Substrate/Glints2/dict_0004_0053" 8518
"/Engine/EngineMaterials/Substrate/Glints2/dict_0004_0052" 8519
"/Engine/EngineMaterials/Substrate/Glints2/dict_0004_0051" 8520
"/Engine/EngineMaterials/Substrate/Glints2/dict_0004_0050" 8521
"/Engine/EngineMaterials/Substrate/Glints2/dict_0004_0049" 8522
"/Engine/EngineMaterials/Substrate/Glints2/dict_0004_0048" 8523
"/Engine/EngineMaterials/Substrate/Glints2/dict_0004_0047" 8524
"/Engine/EngineMaterials/Substrate/Glints2/dict_0004_0046" 8525
"/Engine/EngineMaterials/Substrate/Glints2/dict_0004_0045" 8526
"/Engine/EngineMaterials/Substrate/Glints2/dict_0004_0044" 8527
"/Engine/EngineMaterials/Substrate/Glints2/dict_0004_0043" 8528
"/Engine/EngineMaterials/Substrate/Glints2/dict_0004_0042" 8529
"/Engine/EngineMaterials/Substrate/Glints2/dict_0004_0041" 8530
"/Engine/EngineMaterials/Substrate/Glints2/dict_0004_0066" 8531
"/Engine/EngineMaterials/Substrate/Glints2/dict_0004_0064" 8532
"/Engine/EngineMaterials/Substrate/Glints2/dict_0004_0038" 8533
"/Engine/EngineMaterials/Substrate/Glints2/dict_0004_0061" 8534
"/Engine/EngineMaterials/Substrate/Glints2/dict_0004_0035" 8535
"../../../Engine/Content/EngineMaterials/Substrate/Glints2/dict_0004_0071.uasset" 8536
"../../../Engine/Content/EngineMaterials/Substrate/Glints2/dict_0004_0075.uasset" 8537
"../../../Engine/Content/EngineMaterials/Substrate/Glints2/dict_0004_0076.uasset" 8538
"../../../Engine/Content/EngineMaterials/Substrate/Glints2/dict_0004_0080.uasset" 8539
"../../../Engine/Content/EngineMaterials/Substrate/Glints2/dict_0004_0081.uasset" 8540
"../../../Engine/Content/EngineMaterials/Substrate/Glints2/dict_0004_0084.uasset" 8541
"../../../Engine/Content/EngineMaterials/Substrate/Glints2/dict_0004_0072.uasset" 8542
"../../../Engine/Content/EngineMaterials/Substrate/Glints2/dict_0004_0085.uasset" 8543
"/Engine/EngineMaterials/Substrate/Glints2/dict_0004_0070" 8544
"../../../Engine/Content/EngineMaterials/Substrate/Glints2/dict_0004_0086.uasset" 8545
"../../../Engine/Content/EngineMaterials/Substrate/Glints2/dict_0004_0087.uasset" 8546
"../../../Engine/Content/EngineMaterials/Substrate/Glints2/dict_0004_0090.uasset" 8547
"../../../Engine/Content/EngineMaterials/Substrate/Glints2/dict_0004_0079.uasset" 8548
"../../../Engine/Content/EngineMaterials/Substrate/Glints2/dict_0004_0092.uasset" 8549
"../../../Engine/Content/EngineMaterials/Substrate/Glints2/dict_0004_0093.uasset" 8550
"../../../Engine/Content/EngineMaterials/Substrate/Glints2/dict_0004_0083.uasset" 8551
"../../../Engine/Content/EngineMaterials/Substrate/Glints2/dict_0004_0095.uasset" 8552
"../../../Engine/Content/EngineMaterials/Substrate/Glints2/dict_0004_0089.uasset" 8553
"../../../Engine/Content/EngineMaterials/Substrate/Glints2/dict_0004_0082.uasset" 8554
"../../../Engine/Content/EngineMaterials/Substrate/Glints2/dict_0004_0091.uasset" 8555
"../../../Engine/Content/EngineMaterials/Substrate/Glints2/dict_0004_0078.uasset" 8556
"../../../Engine/Content/EngineMaterials/Substrate/Glints2/dict_0004_0088.uasset" 8557
"../../../Engine/Content/EngineMaterials/Substrate/Glints2/dict_0004_0074.uasset" 8558
"/Engine/EngineMaterials/Substrate/Glints2/dict_0004_0069" 8559
"../../../Engine/Content/EngineMaterials/Substrate/Glints2/dict_0004_0094.uasset" 8560
"../../../Engine/Content/EngineMaterials/Substrate/Glints2/dict_0004_0077.uasset" 8561
"../../../Engine/Content/EngineMaterials/Substrate/Glints2/dict_0004_0073.uasset" 8562
"/Engine/EngineMaterials/Substrate/Glints2/dict_0004_0068" 8563
"/Engine/EngineMaterials/Substrate/Glints2/dict_0004_0080" 8564
"/Engine/EngineMaterials/Substrate/Glints2/dict_0004_0067" 8565
"/Engine/EngineMaterials/Substrate/Glints2/dict_0004_0065" 8566
"/Engine/EngineMaterials/Substrate/Glints2/dict_0004_0063" 8567
"/Engine/EngineMaterials/Substrate/Glints2/dict_0004_0062" 8568
"/Engine/EngineMaterials/Substrate/Glints2/dict_0004_0071" 8569
"../../../Engine/Content/EngineMaterials/Substrate/Glints2/dict_0004_0096.uasset" 8570
"../../../Engine/Content/EngineMaterials/Substrate/Glints2/dict_0004_0097.uasset" 8571
"../../../Engine/Content/EngineMaterials/Substrate/Glints2/dict_0004_0100.uasset" 8572
"../../../Engine/Content/EngineMaterials/Substrate/Glints2/dict_0004_0098.uasset" 8573
"../../../Engine/Content/EngineMaterials/Substrate/Glints2/dict_0004_0104.uasset" 8574
"../../../Engine/Content/EngineMaterials/Substrate/Glints2/dict_0004_0099.uasset" 8575
"../../../Engine/Content/EngineMaterials/Substrate/Glints2/dict_0004_0101.uasset" 8576
"../../../Engine/Content/EngineMaterials/Substrate/Glints2/dict_0004_0103.uasset" 8577
"/Engine/EngineMaterials/Substrate/Glints2/dict_0004_0095" 8578
"../../../Engine/Content/EngineMaterials/Substrate/Glints2/dict_0004_0102.uasset" 8579
"/Engine/EngineMaterials/Substrate/Glints2/dict_0004_0094" 8580
"/Engine/EngineMaterials/Substrate/Glints2/dict_0004_0093" 8581
"/Engine/EngineMaterials/Substrate/Glints2/dict_0004_0092" 8582
"/Engine/EngineMaterials/Substrate/Glints2/dict_0004_0091" 8583
"/Engine/EngineMaterials/Substrate/Glints2/dict_0004_0090" 8584
"/Engine/EngineMaterials/Substrate/Glints2/dict_0004_0089" 8585
"/Engine/EngineMaterials/Substrate/Glints2/dict_0004_0088" 8586
"/Engine/EngineMaterials/Substrate/Glints2/dict_0004_0087" 8587
"/Engine/EngineMaterials/Substrate/Glints2/dict_0004_0086" 8588
"/Engine/EngineMaterials/Substrate/Glints2/dict_0004_0085" 8589
"/Engine/EngineMaterials/Substrate/Glints2/dict_0004_0084" 8590
"/Engine/EngineMaterials/Substrate/Glints2/dict_0004_0083" 8591
"/Engine/EngineMaterials/Substrate/Glints2/dict_0004_0082" 8592
"/Engine/EngineMaterials/Substrate/Glints2/dict_0004_0081" 8593
"/Engine/EngineMaterials/Substrate/Glints2/dict_0004_0079" 8594
"/Engine/EngineMaterials/Substrate/Glints2/dict_0004_0078" 8595
"/Engine/EngineMaterials/Substrate/Glints2/dict_0004_0077" 8596
"/Engine/EngineMaterials/Substrate/Glints2/dict_0004_0076" 8597
"/Engine/EngineMaterials/Substrate/Glints2/dict_0004_0100" 8598
"/Engine/EngineMaterials/Substrate/Glints2/dict_0004_0075" 8599
"/Engine/EngineMaterials/Substrate/Glints2/dict_0004_0074" 8600
"/Engine/EngineMaterials/Substrate/Glints2/dict_0004_0098" 8601
"/Engine/EngineMaterials/Substrate/Glints2/dict_0004_0073" 8602
"/Engine/EngineMaterials/Substrate/Glints2/dict_0004_0097" 8603
"/Engine/EngineMaterials/Substrate/Glints2/dict_0004_0072" 8604
"/Engine/EngineMaterials/Substrate/Glints2/dict_0004_0096" 8605
"../../../Engine/Content/EngineMaterials/Substrate/Glints2/dict_0004_0108.uasset" 8606
"../../../Engine/Content/EngineMaterials/Substrate/Glints2/dict_0004_0110.uasset" 8607
"../../../Engine/Content/EngineMaterials/Substrate/Glints2/dict_0004_0112.uasset" 8608
"../../../Engine/Content/EngineMaterials/Substrate/Glints2/dict_0004_0109.uasset" 8609
"../../../Engine/Content/EngineMaterials/Substrate/Glints2/dict_0004_0115.uasset" 8610
"../../../Engine/Content/EngineMaterials/Substrate/Glints2/dict_0004_0118.uasset" 8611
"../../../Engine/Content/EngineMaterials/Substrate/Glints2/dict_0004_0113.uasset" 8612
"../../../Engine/Content/EngineMaterials/Substrate/Glints2/dict_0004_0111.uasset" 8613
"../../../Engine/Content/EngineMaterials/Substrate/Glints2/dict_0004_0120.uasset" 8614
"/Engine/EngineMaterials/Substrate/Glints2/dict_0004_0104" 8615
"../../../Engine/Content/EngineMaterials/Substrate/Glints2/dict_0004_0122.uasset" 8616
"../../../Engine/Content/EngineMaterials/Substrate/Glints2/dict_0004_0106.uasset" 8617
"../../../Engine/Content/EngineMaterials/Substrate/Glints2/dict_0004_0124.uasset" 8618
"../../../Engine/Content/EngineMaterials/Substrate/Glints2/dict_0004_0114.uasset" 8619
"../../../Engine/Content/EngineMaterials/Substrate/Glints2/dict_0004_0119.uasset" 8620
"../../../Engine/Content/EngineMaterials/Substrate/Glints2/dict_0004_0127.uasset" 8621
"../../../Engine/Content/EngineMaterials/Substrate/Glints2/dict_0004_0128.uasset" 8622
"../../../Engine/Content/EngineMaterials/Substrate/Glints2/dict_0004_0123.uasset" 8623
"../../../Engine/Content/EngineMaterials/Substrate/Glints2/dict_0004_0129.uasset" 8624
"../../../Engine/Content/EngineMaterials/Substrate/Glints2/dict_0004_0107.uasset" 8625
"../../../Engine/Content/EngineMaterials/Substrate/Glints2/dict_0004_0130.uasset" 8626
"../../../Engine/Content/EngineMaterials/Substrate/Glints2/dict_0004_0131.uasset" 8627
"../../../Engine/Content/EngineMaterials/Substrate/Glints2/dict_0004_0116.uasset" 8628
"../../../Engine/Content/EngineMaterials/Substrate/Glints2/dict_0004_0117.uasset" 8629
"../../../Engine/Content/EngineMaterials/Substrate/Glints2/dict_0004_0105.uasset" 8630
"../../../Engine/Content/EngineMaterials/Substrate/Glints2/dict_0004_0125.uasset" 8631
"../../../Engine/Content/EngineMaterials/Substrate/Glints2/dict_0004_0126.uasset" 8632
"/Engine/EngineMaterials/Substrate/Glints2/dict_0004_0103" 8633
"../../../Engine/Content/EngineMaterials/Substrate/Glints2/dict_0004_0121.uasset" 8634
"/Engine/EngineMaterials/Substrate/Glints2/dict_0004_0102" 8635
"/Engine/EngineMaterials/Substrate/Glints2/dict_0004_0101" 8636
"/Engine/EngineMaterials/Substrate/Glints2/dict_0004_0112" 8637
"/Engine/EngineMaterials/Substrate/Glints2/dict_0004_0099" 8638
"/Engine/EngineMaterials/Substrate/Glints2/dict_0004_0110" 8639
"/Engine/EngineMaterials/Substrate/Glints2/dict_0004_0109" 8640
"/Engine/EngineMaterials/Substrate/Glints2/dict_0004_0108" 8641
"../../../Engine/Content/EngineMaterials/Substrate/Glints2/dict_0004_0135.uasset" 8642
"../../../Engine/Content/EngineMaterials/Substrate/Glints2/dict_0004_0139.uasset" 8643
"../../../Engine/Content/EngineMaterials/Substrate/Glints2/dict_0004_0136.uasset" 8644
"../../../Engine/Content/EngineMaterials/Substrate/Glints2/dict_0004_0140.uasset" 8645
"../../../Engine/Content/EngineMaterials/Substrate/Glints2/dict_0004_0138.uasset" 8646
"/Engine/EngineMaterials/Substrate/Glints2/dict_0004_0131" 8647
"../../../Engine/Content/EngineMaterials/Substrate/Glints2/dict_0004_0132.uasset" 8648
"../../../Engine/Content/EngineMaterials/Substrate/Glints2/dict_0004_0137.uasset" 8649
"../../../Engine/Content/EngineMaterials/Substrate/Glints2/dict_0004_0133.uasset" 8650
"../../../Engine/Content/EngineMaterials/Substrate/Glints2/dict_0004_0134.uasset" 8651
"/Engine/EngineMaterials/Substrate/Glints2/dict_0004_0130" 8652
"/Engine/EngineMaterials/Substrate/Glints2/dict_0004_0129" 8653
"/Engine/EngineMaterials/Substrate/Glints2/dict_0004_0128" 8654
"/Engine/EngineMaterials/Substrate/Glints2/dict_0004_0127" 8655
"/Engine/EngineMaterials/Substrate/Glints2/dict_0004_0126" 8656
"/Engine/EngineMaterials/Substrate/Glints2/dict_0004_0125" 8657
"/Engine/EngineMaterials/Substrate/Glints2/dict_0004_0124" 8658
"/Engine/EngineMaterials/Substrate/Glints2/dict_0004_0123" 8659
"/Engine/EngineMaterials/Substrate/Glints2/dict_0004_0122" 8660
"/Engine/EngineMaterials/Substrate/Glints2/dict_0004_0121" 8661
"/Engine/EngineMaterials/Substrate/Glints2/dict_0004_0120" 8662
"/Engine/EngineMaterials/Substrate/Glints2/dict_0004_0119" 8663
"/Engine/EngineMaterials/Substrate/Glints2/dict_0004_0118" 8664
"/Engine/EngineMaterials/Substrate/Glints2/dict_0004_0117" 8665
"/Engine/EngineMaterials/Substrate/Glints2/dict_0004_0116" 8666
"/Engine/EngineMaterials/Substrate/Glints2/dict_0004_0115" 8667
"/Engine/EngineMaterials/Substrate/Glints2/dict_0004_0114" 8668
"/Engine/EngineMaterials/Substrate/Glints2/dict_0004_0113" 8669
"/Engine/EngineMaterials/Substrate/Glints2/dict_0004_0111" 8670
"/Engine/EngineMaterials/Substrate/Glints2/dict_0004_0107" 8671
"/Engine/EngineMaterials/Substrate/Glints2/dict_0004_0106" 8672
"/Engine/EngineMaterials/Substrate/Glints2/dict_0004_0105" 8673
"../../../Engine/Content/EngineMaterials/Substrate/Glints2/dict_0004_0142.uasset" 8674
"../../../Engine/Content/EngineMaterials/Substrate/Glints2/dict_0004_0147.uasset" 8675
"../../../Engine/Content/EngineMaterials/Substrate/Glints2/dict_0004_0148.uasset" 8676
"../../../Engine/Content/EngineMaterials/Substrate/Glints2/dict_0004_0149.uasset" 8677
"../../../Engine/Content/EngineMaterials/Substrate/Glints2/dict_0004_0154.uasset" 8678
"../../../Engine/Content/EngineMaterials/Substrate/Glints2/dict_0004_0141.uasset" 8679
"/Engine/EngineMaterials/Substrate/Glints2/dict_0004_0140" 8680
"../../../Engine/Content/EngineMaterials/Substrate/Glints2/dict_0004_0157.uasset" 8681
"../../../Engine/Content/EngineMaterials/Substrate/Glints2/dict_0004_0158.uasset" 8682
"../../../Engine/Content/EngineMaterials/Substrate/Glints2/dict_0004_0146.uasset" 8683
"../../../Engine/Content/EngineMaterials/Substrate/Glints2/dict_0004_0150.uasset" 8684
"../../../Engine/Content/EngineMaterials/Substrate/Glints2/dict_0004_0160.uasset" 8685
"../../../Engine/Content/EngineMaterials/Substrate/Glints2/dict_0004_0161.uasset" 8686
"../../../Engine/Content/EngineMaterials/Substrate/Glints2/dict_0004_0162.uasset" 8687
"../../../Engine/Content/EngineMaterials/Substrate/Glints2/dict_0004_0144.uasset" 8688
"../../../Engine/Content/EngineMaterials/Substrate/Glints2/dict_0004_0163.uasset" 8689
"../../../Engine/Content/EngineMaterials/Substrate/Glints2/dict_0004_0151.uasset" 8690
"../../../Engine/Content/EngineMaterials/Substrate/Glints2/dict_0004_0153.uasset" 8691
"../../../Engine/Content/EngineMaterials/Substrate/Glints2/dict_0004_0143.uasset" 8692
"../../../Engine/Content/EngineMaterials/Substrate/Glints2/dict_0004_0155.uasset" 8693
"../../../Engine/Content/EngineMaterials/Substrate/Glints2/dict_0004_0145.uasset" 8694
"../../../Engine/Content/EngineMaterials/Substrate/Glints2/dict_0004_0156.uasset" 8695
"/Engine/EngineMaterials/Substrate/Glints2/dict_0004_0139" 8696
"../../../Engine/Content/EngineMaterials/Substrate/Glints2/dict_0004_0159.uasset" 8697
"../../../Engine/Content/EngineMaterials/Substrate/Glints2/dict_0004_0152.uasset" 8698
"/Engine/EngineMaterials/Substrate/Glints2/dict_0004_0138" 8699
"/Engine/EngineMaterials/Substrate/Glints2/dict_0004_0137" 8700
"/Engine/EngineMaterials/Substrate/Glints2/dict_0004_0136" 8701
"/Engine/EngineMaterials/Substrate/Glints2/dict_0004_0135" 8702
"/Engine/EngineMaterials/Substrate/Glints2/dict_0004_0134" 8703
"/Engine/EngineMaterials/Substrate/Glints2/dict_0004_0133" 8704
"/Engine/EngineMaterials/Substrate/Glints2/dict_0004_0132" 8705
"/Engine/EngineMaterials/Substrate/Glints2/dict_0004_0142" 8706
"../../../Engine/Content/EngineMaterials/Substrate/Glints2/dict_0004_0166.uasset" 8707
"../../../Engine/Content/EngineMaterials/Substrate/Glints2/dict_0004_0169.uasset" 8708
"../../../Engine/Content/EngineMaterials/Substrate/Glints2/dict_0004_0168.uasset" 8709
"../../../Engine/Content/EngineMaterials/Substrate/Glints2/dict_0004_0164.uasset" 8710
"../../../Engine/Content/EngineMaterials/Substrate/Glints2/dict_0004_0173.uasset" 8711
"../../../Engine/Content/EngineMaterials/Substrate/Glints2/dict_0004_0165.uasset" 8712
"../../../Engine/Content/EngineMaterials/Substrate/Glints2/dict_0004_0170.uasset" 8713
"../../../Engine/Content/EngineMaterials/Substrate/Glints2/dict_0004_0171.uasset" 8714
"../../../Engine/Content/EngineMaterials/Substrate/Glints2/dict_0004_0172.uasset" 8715
"../../../Engine/Content/EngineMaterials/Substrate/Glints2/dict_0004_0167.uasset" 8716
"/Engine/EngineMaterials/Substrate/Glints2/dict_0004_0163" 8717
"/Engine/EngineMaterials/Substrate/Glints2/dict_0004_0162" 8718
"/Engine/EngineMaterials/Substrate/Glints2/dict_0004_0161" 8719
"/Engine/EngineMaterials/Substrate/Glints2/dict_0004_0160" 8720
"/Engine/EngineMaterials/Substrate/Glints2/dict_0004_0159" 8721
"/Engine/EngineMaterials/Substrate/Glints2/dict_0004_0158" 8722
"/Engine/EngineMaterials/Substrate/Glints2/dict_0004_0157" 8723
"/Engine/EngineMaterials/Substrate/Glints2/dict_0004_0156" 8724
"/Engine/EngineMaterials/Substrate/Glints2/dict_0004_0155" 8725
"/Engine/EngineMaterials/Substrate/Glints2/dict_0004_0154" 8726
"/Engine/EngineMaterials/Substrate/Glints2/dict_0004_0153" 8727
"/Engine/EngineMaterials/Substrate/Glints2/dict_0004_0152" 8728
"/Engine/EngineMaterials/Substrate/Glints2/dict_0004_0151" 8729
"/Engine/EngineMaterials/Substrate/Glints2/dict_0004_0150" 8730
"/Engine/EngineMaterials/Substrate/Glints2/dict_0004_0149" 8731
"/Engine/EngineMaterials/Substrate/Glints2/dict_0004_0148" 8732
"/Engine/EngineMaterials/Substrate/Glints2/dict_0004_0147" 8733
"/Engine/EngineMaterials/Substrate/Glints2/dict_0004_0146" 8734
"/Engine/EngineMaterials/Substrate/Glints2/dict_0004_0145" 8735
"/Engine/EngineMaterials/Substrate/Glints2/dict_0004_0169" 8736
"/Engine/EngineMaterials/Substrate/Glints2/dict_0004_0144" 8737
"/Engine/EngineMaterials/Substrate/Glints2/dict_0004_0168" 8738
"/Engine/EngineMaterials/Substrate/Glints2/dict_0004_0166" 8739
"/Engine/EngineMaterials/Substrate/Glints2/dict_0004_0143" 8740
"/Engine/EngineMaterials/Substrate/Glints2/dict_0004_0164" 8741
"/Engine/EngineMaterials/Substrate/Glints2/dict_0004_0141" 8742
"../../../Engine/Content/EngineMaterials/Substrate/Glints2/dict_0004_0178.uasset" 8743
"../../../Engine/Content/EngineMaterials/Substrate/Glints2/dict_0004_0179.uasset" 8744
"../../../Engine/Content/EngineMaterials/Substrate/Glints2/dict_0004_0176.uasset" 8745
"../../../Engine/Content/EngineMaterials/Substrate/Glints2/dict_0004_0186.uasset" 8746
"../../../Engine/Content/EngineMaterials/Substrate/Glints2/dict_0004_0184.uasset" 8747
"../../../Engine/Content/EngineMaterials/Substrate/Glints2/dict_0004_0187.uasset" 8748
"../../../Engine/Content/EngineMaterials/Substrate/Glints2/dict_0004_0180.uasset" 8749
"../../../Engine/Content/EngineMaterials/Substrate/Glints2/dict_0004_0174.uasset" 8750
"../../../Engine/Content/EngineMaterials/Substrate/Glints2/dict_0004_0188.uasset" 8751
"/Engine/EngineMaterials/Substrate/Glints2/dict_0004_0173" 8752
"../../../Engine/Content/EngineMaterials/Substrate/Glints2/dict_0004_0190.uasset" 8753
"../../../Engine/Content/EngineMaterials/Substrate/Glints2/dict_0004_0192.uasset" 8754
"../../../Engine/Content/EngineMaterials/Substrate/Glints2/dict_0004_0183.uasset" 8755
"../../../Engine/Content/EngineMaterials/Substrate/Glints2/dict_0004_0194.uasset" 8756
"../../../Engine/Content/EngineMaterials/Substrate/Glints2/dict_0004_0175.uasset" 8757
"../../../Engine/Content/EngineMaterials/Substrate/Glints2/dict_0004_0195.uasset" 8758
"../../../Engine/Content/EngineMaterials/Substrate/Glints2/dict_0004_0182.uasset" 8759
"../../../Engine/Content/EngineMaterials/Substrate/Glints2/dict_0004_0198.uasset" 8760
"../../../Engine/Content/EngineMaterials/Substrate/Glints2/dict_0004_0197.uasset" 8761
"../../../Engine/Content/EngineMaterials/Substrate/Glints2/dict_0004_0181.uasset" 8762
"../../../Engine/Content/EngineMaterials/Substrate/Glints2/dict_0004_0189.uasset" 8763
"../../../Engine/Content/EngineMaterials/Substrate/Glints2/dict_0004_0185.uasset" 8764
"../../../Engine/Content/EngineMaterials/Substrate/Glints2/dict_0004_0191.uasset" 8765
"../../../Engine/Content/EngineMaterials/Substrate/Glints2/dict_0004_0177.uasset" 8766
"../../../Engine/Content/EngineMaterials/Substrate/Glints2/dict_0004_0193.uasset" 8767
"../../../Engine/Content/EngineMaterials/Substrate/Glints2/dict_0004_0196.uasset" 8768
"../../../Engine/Content/EngineMaterials/Substrate/Glints2/dict_0004_0199.uasset" 8769
"/Engine/EngineMaterials/Substrate/Glints2/dict_0004_0172" 8770
"/Engine/EngineMaterials/Substrate/Glints2/dict_0004_0171" 8771
"/Engine/EngineMaterials/Substrate/Glints2/dict_0004_0170" 8772
"/Engine/EngineMaterials/Substrate/Glints2/dict_0004_0179" 8773
"/Engine/EngineMaterials/Substrate/Glints2/dict_0004_0178" 8774
"/Engine/EngineMaterials/Substrate/Glints2/dict_0004_0167" 8775
"/Engine/EngineMaterials/Substrate/Glints2/dict_0004_0165" 8776
"/Engine/EngineMaterials/Substrate/Glints2/dict_0004_0176" 8777
"../../../Engine/Content/EngineMaterials/Substrate/Glints2/dict_0004_0200.uasset" 8778
"../../../Engine/Content/EngineMaterials/Substrate/Glints2/dict_0004_0202.uasset" 8779
"../../../Engine/Content/EngineMaterials/Substrate/Glints2/dict_0004_0205.uasset" 8780
"../../../Engine/Content/EngineMaterials/Substrate/Glints2/dict_0004_0207.uasset" 8781
"../../../Engine/Content/EngineMaterials/Substrate/Glints2/dict_0004_0206.uasset" 8782
"../../../Engine/Content/EngineMaterials/Substrate/Glints2/dict_0004_0208.uasset" 8783
"../../../Engine/Content/EngineMaterials/Substrate/Glints2/dict_0004_0201.uasset" 8784
"../../../Engine/Content/EngineMaterials/Substrate/Glints2/dict_0004_0204.uasset" 8785
"../../../Engine/Content/EngineMaterials/Substrate/Glints2/dict_0004_0203.uasset" 8786
"/Engine/EngineMaterials/Substrate/Glints2/dict_0004_0199" 8787
"/Engine/EngineMaterials/Substrate/Glints2/dict_0004_0198" 8788
"/Engine/EngineMaterials/Substrate/Glints2/dict_0004_0197" 8789
"/Engine/EngineMaterials/Substrate/Glints2/dict_0004_0196" 8790
"/Engine/EngineMaterials/Substrate/Glints2/dict_0004_0195" 8791
"/Engine/EngineMaterials/Substrate/Glints2/dict_0004_0194" 8792
"/Engine/EngineMaterials/Substrate/Glints2/dict_0004_0193" 8793
"/Engine/EngineMaterials/Substrate/Glints2/dict_0004_0192" 8794
"/Engine/EngineMaterials/Substrate/Glints2/dict_0004_0191" 8795
"/Engine/EngineMaterials/Substrate/Glints2/dict_0004_0190" 8796
"/Engine/EngineMaterials/Substrate/Glints2/dict_0004_0189" 8797
"/Engine/EngineMaterials/Substrate/Glints2/dict_0004_0188" 8798
"/Engine/EngineMaterials/Substrate/Glints2/dict_0004_0187" 8799
"/Engine/EngineMaterials/Substrate/Glints2/dict_0004_0186" 8800
"/Engine/EngineMaterials/Substrate/Glints2/dict_0004_0185" 8801
"/Engine/EngineMaterials/Substrate/Glints2/dict_0004_0184" 8802
"/Engine/EngineMaterials/Substrate/Glints2/dict_0004_0183" 8803
"/Engine/EngineMaterials/Substrate/Glints2/dict_0004_0182" 8804
"/Engine/EngineMaterials/Substrate/Glints2/dict_0004_0181" 8805
"/Engine/EngineMaterials/Substrate/Glints2/dict_0004_0180" 8806
"/Engine/EngineMaterials/Substrate/Glints2/dict_0004_0177" 8807
"/Engine/EngineMaterials/Substrate/Glints2/dict_0004_0200" 8808
"/Engine/EngineMaterials/Substrate/Glints2/dict_0004_0175" 8809
"/Engine/EngineMaterials/Substrate/Glints2/dict_0004_0174" 8810
"../../../Engine/Content/EngineMaterials/Substrate/Glints2/dict_0004_0209.uasset" 8811
"../../../Engine/Content/EngineMaterials/Substrate/Glints2/dict_0004_0215.uasset" 8812
"../../../Engine/Content/EngineMaterials/Substrate/Glints2/dict_0004_0214.uasset" 8813
"../../../Engine/Content/EngineMaterials/Substrate/Glints2/dict_0004_0216.uasset" 8814
"../../../Engine/Content/EngineMaterials/Substrate/Glints2/dict_0004_0218.uasset" 8815
"../../../Engine/Content/EngineMaterials/Substrate/Glints2/dict_0004_0220.uasset" 8816
"../../../Engine/Content/EngineMaterials/Substrate/Glints2/dict_0004_0213.uasset" 8817
"../../../Engine/Content/EngineMaterials/Substrate/Glints2/dict_0004_0223.uasset" 8818
"../../../Engine/Content/EngineMaterials/Substrate/Glints2/dict_0004_0224.uasset" 8819
"../../../Engine/Content/EngineMaterials/Substrate/Glints2/dict_0004_0210.uasset" 8820
"../../../Engine/Content/EngineMaterials/Substrate/Glints2/dict_0004_0226.uasset" 8821
"../../../Engine/Content/EngineMaterials/Substrate/Glints2/dict_0004_0211.uasset" 8822
"/Engine/EngineMaterials/Substrate/Glints2/dict_0004_0208" 8823
"../../../Engine/Content/EngineMaterials/Substrate/Glints2/dict_0004_0212.uasset" 8824
"../../../Engine/Content/EngineMaterials/Substrate/Glints2/dict_0004_0231.uasset" 8825
"../../../Engine/Content/EngineMaterials/Substrate/Glints2/dict_0004_0222.uasset" 8826
"../../../Engine/Content/EngineMaterials/Substrate/Glints2/dict_0004_0217.uasset" 8827
"../../../Engine/Content/EngineMaterials/Substrate/Glints2/dict_0004_0225.uasset" 8828
"../../../Engine/Content/EngineMaterials/Substrate/Glints2/dict_0004_0228.uasset" 8829
"../../../Engine/Content/EngineMaterials/Substrate/Glints2/dict_0004_0230.uasset" 8830
"../../../Engine/Content/EngineMaterials/Substrate/Glints2/dict_0004_0221.uasset" 8831
"../../../Engine/Content/EngineMaterials/Substrate/Glints2/dict_0004_0229.uasset" 8832
"../../../Engine/Content/EngineMaterials/Substrate/Glints2/dict_0004_0219.uasset" 8833
"../../../Engine/Content/EngineMaterials/Substrate/Glints2/dict_0004_0227.uasset" 8834
"../../../Engine/Content/EngineMaterials/Substrate/Glints2/dict_0004_0232.uasset" 8835
"/Engine/EngineMaterials/Substrate/Glints2/dict_0004_0207" 8836
"/Engine/EngineMaterials/Substrate/Glints2/dict_0004_0206" 8837
"/Engine/EngineMaterials/Substrate/Glints2/dict_0004_0205" 8838
"/Engine/EngineMaterials/Substrate/Glints2/dict_0004_0216" 8839
"/Engine/EngineMaterials/Substrate/Glints2/dict_0004_0215" 8840
"/Engine/EngineMaterials/Substrate/Glints2/dict_0004_0214" 8841
"/Engine/EngineMaterials/Substrate/Glints2/dict_0004_0204" 8842
"/Engine/EngineMaterials/Substrate/Glints2/dict_0004_0203" 8843
"/Engine/EngineMaterials/Substrate/Glints2/dict_0004_0202" 8844
"/Engine/EngineMaterials/Substrate/Glints2/dict_0004_0201" 8845
"/Engine/EngineMaterials/Substrate/Glints2/dict_0004_0209" 8846
"../../../Engine/Content/EngineMaterials/Substrate/Glints2/dict_0004_0233.uasset" 8847
"../../../Engine/Content/EngineMaterials/Substrate/Glints2/dict_0004_0235.uasset" 8848
"../../../Engine/Content/EngineMaterials/Substrate/Glints2/dict_0004_0238.uasset" 8849
"../../../Engine/Content/EngineMaterials/Substrate/Glints2/dict_0004_0239.uasset" 8850
"../../../Engine/Content/EngineMaterials/Substrate/Glints2/dict_0004_0240.uasset" 8851
"../../../Engine/Content/EngineMaterials/Substrate/Glints2/dict_0004_0242.uasset" 8852
"../../../Engine/Content/EngineMaterials/Substrate/Glints2/dict_0004_0244.uasset" 8853
"../../../Engine/Content/EngineMaterials/Substrate/Glints2/dict_0004_0243.uasset" 8854
"../../../Engine/Content/EngineMaterials/Substrate/Glints2/dict_0004_0237.uasset" 8855
"../../../Engine/Content/EngineMaterials/Substrate/Glints2/dict_0004_0241.uasset" 8856
"/Engine/EngineMaterials/Substrate/Glints2/dict_0004_0232" 8857
"../../../Engine/Content/EngineMaterials/Substrate/Glints2/dict_0004_0236.uasset" 8858
"../../../Engine/Content/EngineMaterials/Substrate/Glints2/dict_0004_0234.uasset" 8859
"/Engine/EngineMaterials/Substrate/Glints2/dict_0004_0231" 8860
"/Engine/EngineMaterials/Substrate/Glints2/dict_0004_0230" 8861
"/Engine/EngineMaterials/Substrate/Glints2/dict_0004_0229" 8862
"/Engine/EngineMaterials/Substrate/Glints2/dict_0004_0228" 8863
"/Engine/EngineMaterials/Substrate/Glints2/dict_0004_0227" 8864
"/Engine/EngineMaterials/Substrate/Glints2/dict_0004_0226" 8865
"/Engine/EngineMaterials/Substrate/Glints2/dict_0004_0225" 8866
"/Engine/EngineMaterials/Substrate/Glints2/dict_0004_0224" 8867
"/Engine/EngineMaterials/Substrate/Glints2/dict_0004_0223" 8868
"/Engine/EngineMaterials/Substrate/Glints2/dict_0004_0222" 8869
"/Engine/EngineMaterials/Substrate/Glints2/dict_0004_0221" 8870
"/Engine/EngineMaterials/Substrate/Glints2/dict_0004_0220" 8871
"/Engine/EngineMaterials/Substrate/Glints2/dict_0004_0219" 8872
"/Engine/EngineMaterials/Substrate/Glints2/dict_0004_0218" 8873
"/Engine/EngineMaterials/Substrate/Glints2/dict_0004_0217" 8874
"/Engine/EngineMaterials/Substrate/Glints2/dict_0004_0240" 8875
"/Engine/EngineMaterials/Substrate/Glints2/dict_0004_0239" 8876
"/Engine/EngineMaterials/Substrate/Glints2/dict_0004_0238" 8877
"/Engine/EngineMaterials/Substrate/Glints2/dict_0004_0213" 8878
"/Engine/EngineMaterials/Substrate/Glints2/dict_0004_0235" 8879
"/Engine/EngineMaterials/Substrate/Glints2/dict_0004_0212" 8880
"/Engine/EngineMaterials/Substrate/Glints2/dict_0004_0211" 8881
"/Engine/EngineMaterials/Substrate/Glints2/dict_0004_0210" 8882
"/Engine/EngineMaterials/Substrate/Glints2/dict_0004_0233" 8883
"../../../Engine/Content/EngineMaterials/Substrate/Glints2/dict_0004_0245.uasset" 8884
"../../../Engine/Content/EngineMaterials/Substrate/Glints2/dict_0004_0248.uasset" 8885
"../../../Engine/Content/EngineMaterials/Substrate/Glints2/dict_0004_0247.uasset" 8886
"../../../Engine/Content/EngineMaterials/Substrate/Glints2/dict_0004_0251.uasset" 8887
"../../../Engine/Content/EngineMaterials/Substrate/Glints2/dict_0004_0255.uasset" 8888
"../../../Engine/Content/EngineMaterials/Substrate/Glints2/dict_0005_0002.uasset" 8889
"../../../Engine/Content/EngineMaterials/Substrate/Glints2/dict_0004_0253.uasset" 8890
"../../../Engine/Content/EngineMaterials/Substrate/Glints2/dict_0005_0001.uasset" 8891
"../../../Engine/Content/EngineMaterials/Substrate/Glints2/dict_0005_0004.uasset" 8892
"../../../Engine/Content/EngineMaterials/Substrate/Glints2/dict_0004_0252.uasset" 8893
"../../../Engine/Content/EngineMaterials/Substrate/Glints2/dict_0005_0005.uasset" 8894
"../../../Engine/Content/EngineMaterials/Substrate/Glints2/dict_0005_0007.uasset" 8895
"/Engine/EngineMaterials/Substrate/Glints2/dict_0004_0244" 8896
"../../../Engine/Content/EngineMaterials/Substrate/Glints2/dict_0005_0000.uasset" 8897
"../../../Engine/Content/EngineMaterials/Substrate/Glints2/dict_0005_0010.uasset" 8898
"../../../Engine/Content/EngineMaterials/Substrate/Glints2/dict_0005_0011.uasset" 8899
"../../../Engine/Content/EngineMaterials/Substrate/Glints2/dict_0005_0013.uasset" 8900
"../../../Engine/Content/EngineMaterials/Substrate/Glints2/dict_0005_0003.uasset" 8901
"../../../Engine/Content/EngineMaterials/Substrate/Glints2/dict_0004_0246.uasset" 8902
"../../../Engine/Content/EngineMaterials/Substrate/Glints2/dict_0005_0006.uasset" 8903
"../../../Engine/Content/EngineMaterials/Substrate/Glints2/dict_0004_0254.uasset" 8904
"../../../Engine/Content/EngineMaterials/Substrate/Glints2/dict_0005_0009.uasset" 8905
"../../../Engine/Content/EngineMaterials/Substrate/Glints2/dict_0005_0008.uasset" 8906
"../../../Engine/Content/EngineMaterials/Substrate/Glints2/dict_0004_0250.uasset" 8907
"../../../Engine/Content/EngineMaterials/Substrate/Glints2/dict_0004_0249.uasset" 8908
"../../../Engine/Content/EngineMaterials/Substrate/Glints2/dict_0005_0012.uasset" 8909
"/Engine/EngineMaterials/Substrate/Glints2/dict_0004_0243" 8910
"/Engine/EngineMaterials/Substrate/Glints2/dict_0004_0242" 8911
"/Engine/EngineMaterials/Substrate/Glints2/dict_0004_0241" 8912
"/Engine/EngineMaterials/Substrate/Glints2/dict_0004_0251" 8913
"/Engine/EngineMaterials/Substrate/Glints2/dict_0004_0237" 8914
"/Engine/EngineMaterials/Substrate/Glints2/dict_0004_0236" 8915
"/Engine/EngineMaterials/Substrate/Glints2/dict_0004_0248" 8916
"/Engine/EngineMaterials/Substrate/Glints2/dict_0004_0234" 8917
"/Engine/EngineMaterials/Substrate/Glints2/dict_0004_0247" 8918
"/Engine/EngineMaterials/Substrate/Glints2/dict_0004_0245" 8919
"../../../Engine/Content/EngineMaterials/Substrate/Glints2/dict_0005_0014.uasset" 8920
"../../../Engine/Content/EngineMaterials/Substrate/Glints2/dict_0005_0016.uasset" 8921
"../../../Engine/Content/EngineMaterials/Substrate/Glints2/dict_0005_0017.uasset" 8922
"../../../Engine/Content/EngineMaterials/Substrate/Glints2/dict_0005_0018.uasset" 8923
"../../../Engine/Content/EngineMaterials/Substrate/Glints2/dict_0005_0015.uasset" 8924
"../../../Engine/Content/EngineMaterials/Substrate/Glints2/dict_0005_0022.uasset" 8925
"../../../Engine/Content/EngineMaterials/Substrate/Glints2/dict_0005_0024.uasset" 8926
"../../../Engine/Content/EngineMaterials/Substrate/Glints2/dict_0005_0019.uasset" 8927
"../../../Engine/Content/EngineMaterials/Substrate/Glints2/dict_0005_0021.uasset" 8928
"../../../Engine/Content/EngineMaterials/Substrate/Glints2/dict_0005_0023.uasset" 8929
"../../../Engine/Content/EngineMaterials/Substrate/Glints2/dict_0005_0020.uasset" 8930
"/Engine/EngineMaterials/Substrate/Glints2/dict_0005_0013" 8931
"/Engine/EngineMaterials/Substrate/Glints2/dict_0005_0012" 8932
"/Engine/EngineMaterials/Substrate/Glints2/dict_0005_0011" 8933
"/Engine/EngineMaterials/Substrate/Glints2/dict_0005_0010" 8934
"/Engine/EngineMaterials/Substrate/Glints2/dict_0005_0009" 8935
"/Engine/EngineMaterials/Substrate/Glints2/dict_0005_0008" 8936
"/Engine/EngineMaterials/Substrate/Glints2/dict_0005_0007" 8937
"/Engine/EngineMaterials/Substrate/Glints2/dict_0005_0006" 8938
"/Engine/EngineMaterials/Substrate/Glints2/dict_0005_0005" 8939
"/Engine/EngineMaterials/Substrate/Glints2/dict_0005_0004" 8940
"/Engine/EngineMaterials/Substrate/Glints2/dict_0005_0003" 8941
"/Engine/EngineMaterials/Substrate/Glints2/dict_0005_0002" 8942
"/Engine/EngineMaterials/Substrate/Glints2/dict_0005_0001" 8943
"/Engine/EngineMaterials/Substrate/Glints2/dict_0005_0000" 8944
"/Engine/EngineMaterials/Substrate/Glints2/dict_0004_0255" 8945
"/Engine/EngineMaterials/Substrate/Glints2/dict_0004_0254" 8946
"/Engine/EngineMaterials/Substrate/Glints2/dict_0004_0253" 8947
"/Engine/EngineMaterials/Substrate/Glints2/dict_0004_0252" 8948
"/Engine/EngineMaterials/Substrate/Glints2/dict_0004_0250" 8949
"/Engine/EngineMaterials/Substrate/Glints2/dict_0005_0018" 8950
"/Engine/EngineMaterials/Substrate/Glints2/dict_0004_0249" 8951
"/Engine/EngineMaterials/Substrate/Glints2/dict_0005_0017" 8952
"/Engine/EngineMaterials/Substrate/Glints2/dict_0005_0016" 8953
"/Engine/EngineMaterials/Substrate/Glints2/dict_0005_0015" 8954
"/Engine/EngineMaterials/Substrate/Glints2/dict_0004_0246" 8955
"/Engine/EngineMaterials/Substrate/Glints2/dict_0005_0014" 8956
"../../../Engine/Content/EngineMaterials/Substrate/Glints2/dict_0005_0027.uasset" 8957
"../../../Engine/Content/EngineMaterials/Substrate/Glints2/dict_0005_0030.uasset" 8958
"../../../Engine/Content/EngineMaterials/Substrate/Glints2/dict_0005_0025.uasset" 8959
"../../../Engine/Content/EngineMaterials/Substrate/Glints2/dict_0005_0034.uasset" 8960
"../../../Engine/Content/EngineMaterials/Substrate/Glints2/dict_0005_0026.uasset" 8961
"../../../Engine/Content/EngineMaterials/Substrate/Glints2/dict_0005_0038.uasset" 8962
"../../../Engine/Content/EngineMaterials/Substrate/Glints2/dict_0005_0036.uasset" 8963
"../../../Engine/Content/EngineMaterials/Substrate/Glints2/dict_0005_0039.uasset" 8964
"../../../Engine/Content/EngineMaterials/Substrate/Glints2/dict_0005_0029.uasset" 8965
"../../../Engine/Content/EngineMaterials/Substrate/Glints2/dict_0005_0040.uasset" 8966
"../../../Engine/Content/EngineMaterials/Substrate/Glints2/dict_0005_0042.uasset" 8967
"../../../Engine/Content/EngineMaterials/Substrate/Glints2/dict_0005_0035.uasset" 8968
"../../../Engine/Content/EngineMaterials/Substrate/Glints2/dict_0005_0043.uasset" 8969
"../../../Engine/Content/EngineMaterials/Substrate/Glints2/dict_0005_0028.uasset" 8970
"/Engine/EngineMaterials/Substrate/Glints2/dict_0005_0024" 8971
"../../../Engine/Content/EngineMaterials/Substrate/Glints2/dict_0005_0048.uasset" 8972
"../../../Engine/Content/EngineMaterials/Substrate/Glints2/dict_0005_0032.uasset" 8973
"../../../Engine/Content/EngineMaterials/Substrate/Glints2/dict_0005_0050.uasset" 8974
"../../../Engine/Content/EngineMaterials/Substrate/Glints2/dict_0005_0041.uasset" 8975
"../../../Engine/Content/EngineMaterials/Substrate/Glints2/dict_0005_0031.uasset" 8976
"../../../Engine/Content/EngineMaterials/Substrate/Glints2/dict_0005_0044.uasset" 8977
"../../../Engine/Content/EngineMaterials/Substrate/Glints2/dict_0005_0033.uasset" 8978
"../../../Engine/Content/EngineMaterials/Substrate/Glints2/dict_0005_0045.uasset" 8979
"../../../Engine/Content/EngineMaterials/Substrate/Glints2/dict_0005_0046.uasset" 8980
"../../../Engine/Content/EngineMaterials/Substrate/Glints2/dict_0005_0037.uasset" 8981
"../../../Engine/Content/EngineMaterials/Substrate/Glints2/dict_0005_0049.uasset" 8982
"../../../Engine/Content/EngineMaterials/Substrate/Glints2/dict_0005_0047.uasset" 8983
"/Engine/EngineMaterials/Substrate/Glints2/dict_0005_0023" 8984
"/Engine/EngineMaterials/Substrate/Glints2/dict_0005_0038" 8985
"/Engine/EngineMaterials/Substrate/Glints2/dict_0005_0022" 8986
"/Engine/EngineMaterials/Substrate/Glints2/dict_0005_0021" 8987
"/Engine/EngineMaterials/Substrate/Glints2/dict_0005_0034" 8988
"/Engine/EngineMaterials/Substrate/Glints2/dict_0005_0020" 8989
"/Engine/EngineMaterials/Substrate/Glints2/dict_0005_0019" 8990
"/Engine/EngineMaterials/Substrate/Glints2/dict_0005_0030" 8991
"/Engine/EngineMaterials/Substrate/Glints2/dict_0005_0027" 8992
"/Engine/EngineMaterials/Substrate/Glints2/dict_0005_0026" 8993
"/Engine/EngineMaterials/Substrate/Glints2/dict_0005_0025" 8994
"../../../Engine/Content/EngineMaterials/Substrate/Glints2/dict_0005_0054.uasset" 8995
"../../../Engine/Content/EngineMaterials/Substrate/Glints2/dict_0005_0053.uasset" 8996
"../../../Engine/Content/EngineMaterials/Substrate/Glints2/dict_0005_0052.uasset" 8997
"../../../Engine/Content/EngineMaterials/Substrate/Glints2/dict_0005_0058.uasset" 8998
"../../../Engine/Content/EngineMaterials/Substrate/Glints2/dict_0005_0059.uasset" 8999
"../../../Engine/Content/EngineMaterials/Substrate/Glints2/dict_0005_0061.uasset" 9000
"../../../Engine/Content/EngineMaterials/Substrate/Glints2/dict_0005_0062.uasset" 9001
"../../../Engine/Content/EngineMaterials/Substrate/Glints2/dict_0005_0051.uasset" 9002
"../../../Engine/Content/EngineMaterials/Substrate/Glints2/dict_0005_0056.uasset" 9003
"/Engine/EngineMaterials/Substrate/Glints2/dict_0005_0050" 9004
"../../../Engine/Content/EngineMaterials/Substrate/Glints2/dict_0005_0055.uasset" 9005
"../../../Engine/Content/EngineMaterials/Substrate/Glints2/dict_0005_0057.uasset" 9006
"../../../Engine/Content/EngineMaterials/Substrate/Glints2/dict_0005_0060.uasset" 9007
"/Engine/EngineMaterials/Substrate/Glints2/dict_0005_0049" 9008
"/Engine/EngineMaterials/Substrate/Glints2/dict_0005_0048" 9009
"/Engine/EngineMaterials/Substrate/Glints2/dict_0005_0047" 9010
"/Engine/EngineMaterials/Substrate/Glints2/dict_0005_0046" 9011
"/Engine/EngineMaterials/Substrate/Glints2/dict_0005_0045" 9012
"/Engine/EngineMaterials/Substrate/Glints2/dict_0005_0044" 9013
"/Engine/EngineMaterials/Substrate/Glints2/dict_0005_0043" 9014
"/Engine/EngineMaterials/Substrate/Glints2/dict_0005_0042" 9015
"/Engine/EngineMaterials/Substrate/Glints2/dict_0005_0041" 9016
"/Engine/EngineMaterials/Substrate/Glints2/dict_0005_0040" 9017
"/Engine/EngineMaterials/Substrate/Glints2/dict_0005_0039" 9018
"/Engine/EngineMaterials/Substrate/Glints2/dict_0005_0037" 9019
"/Engine/EngineMaterials/Substrate/Glints2/dict_0005_0036" 9020
"/Engine/EngineMaterials/Substrate/Glints2/dict_0005_0058" 9021
"/Engine/EngineMaterials/Substrate/Glints2/dict_0005_0035" 9022
"/Engine/EngineMaterials/Substrate/Glints2/dict_0005_0033" 9023
"/Engine/EngineMaterials/Substrate/Glints2/dict_0005_0032" 9024
"/Engine/EngineMaterials/Substrate/Glints2/dict_0005_0031" 9025
"/Engine/EngineMaterials/Substrate/Glints2/dict_0005_0054" 9026
"/Engine/EngineMaterials/Substrate/Glints2/dict_0005_0029" 9027
"/Engine/EngineMaterials/Substrate/Glints2/dict_0005_0028" 9028
"/Engine/EngineMaterials/Substrate/Glints2/dict_0005_0053" 9029
"/Engine/EngineMaterials/Substrate/Glints2/dict_0005_0052" 9030
"../../../Engine/Content/EngineMaterials/Substrate/Glints2/dict_0005_0063.uasset" 9031
"../../../Engine/Content/EngineMaterials/Substrate/Glints2/dict_0005_0068.uasset" 9032
"../../../Engine/Content/EngineMaterials/Substrate/Glints2/dict_0005_0074.uasset" 9033
"../../../Engine/Content/EngineMaterials/Substrate/Glints2/dict_0005_0073.uasset" 9034
"../../../Engine/Content/EngineMaterials/Substrate/Glints2/dict_0005_0065.uasset" 9035
"/Engine/EngineMaterials/Substrate/Glints2/dict_0005_0062" 9036
"../../../Engine/Content/EngineMaterials/Substrate/Glints2/dict_0005_0078.uasset" 9037
"../../../Engine/Content/EngineMaterials/Substrate/Glints2/dict_0005_0079.uasset" 9038
"../../../Engine/Content/EngineMaterials/Substrate/Glints2/dict_0005_0080.uasset" 9039
"../../../Engine/Content/EngineMaterials/Substrate/Glints2/dict_0005_0070.uasset" 9040
"../../../Engine/Content/EngineMaterials/Substrate/Glints2/dict_0005_0081.uasset" 9041
"../../../Engine/Content/EngineMaterials/Substrate/Glints2/dict_0005_0064.uasset" 9042
"../../../Engine/Content/EngineMaterials/Substrate/Glints2/dict_0005_0082.uasset" 9043
"../../../Engine/Content/EngineMaterials/Substrate/Glints2/dict_0005_0084.uasset" 9044
"../../../Engine/Content/EngineMaterials/Substrate/Glints2/dict_0005_0071.uasset" 9045
"../../../Engine/Content/EngineMaterials/Substrate/Glints2/dict_0005_0086.uasset" 9046
"../../../Engine/Content/EngineMaterials/Substrate/Glints2/dict_0005_0085.uasset" 9047
"/Engine/EngineMaterials/Substrate/Glints2/dict_0005_0061" 9048
"../../../Engine/Content/EngineMaterials/Substrate/Glints2/dict_0005_0066.uasset" 9049
"../../../Engine/Content/EngineMaterials/Substrate/Glints2/dict_0005_0072.uasset" 9050
"../../../Engine/Content/EngineMaterials/Substrate/Glints2/dict_0005_0076.uasset" 9051
"../../../Engine/Content/EngineMaterials/Substrate/Glints2/dict_0005_0075.uasset" 9052
"../../../Engine/Content/EngineMaterials/Substrate/Glints2/dict_0005_0077.uasset" 9053
"../../../Engine/Content/EngineMaterials/Substrate/Glints2/dict_0005_0067.uasset" 9054
"../../../Engine/Content/EngineMaterials/Substrate/Glints2/dict_0005_0069.uasset" 9055
"../../../Engine/Content/EngineMaterials/Substrate/Glints2/dict_0005_0083.uasset" 9056
"/Engine/EngineMaterials/Substrate/Glints2/dict_0005_0060" 9057
"/Engine/EngineMaterials/Substrate/Glints2/dict_0005_0059" 9058
"/Engine/EngineMaterials/Substrate/Glints2/dict_0005_0057" 9059
"/Engine/EngineMaterials/Substrate/Glints2/dict_0005_0056" 9060
"/Engine/EngineMaterials/Substrate/Glints2/dict_0005_0055" 9061
"/Engine/EngineMaterials/Substrate/Glints2/dict_0005_0063" 9062
"/Engine/EngineMaterials/Substrate/Glints2/dict_0005_0051" 9063
"../../../Engine/Content/EngineMaterials/Substrate/Glints2/dict_0005_0089.uasset" 9064
"../../../Engine/Content/EngineMaterials/Substrate/Glints2/dict_0005_0090.uasset" 9065
"../../../Engine/Content/EngineMaterials/Substrate/Glints2/dict_0005_0092.uasset" 9066
"../../../Engine/Content/EngineMaterials/Substrate/Glints2/dict_0005_0095.uasset" 9067
"../../../Engine/Content/EngineMaterials/Substrate/Glints2/dict_0005_0091.uasset" 9068
"/Engine/EngineMaterials/Substrate/Glints2/dict_0005_0086" 9069
"../../../Engine/Content/EngineMaterials/Substrate/Glints2/dict_0005_0094.uasset" 9070
"../../../Engine/Content/EngineMaterials/Substrate/Glints2/dict_0005_0088.uasset" 9071
"../../../Engine/Content/EngineMaterials/Substrate/Glints2/dict_0005_0093.uasset" 9072
"../../../Engine/Content/EngineMaterials/Substrate/Glints2/dict_0005_0087.uasset" 9073
"/Engine/EngineMaterials/Substrate/Glints2/dict_0005_0085" 9074
"/Engine/EngineMaterials/Substrate/Glints2/dict_0005_0084" 9075
"/Engine/EngineMaterials/Substrate/Glints2/dict_0005_0083" 9076
"/Engine/EngineMaterials/Substrate/Glints2/dict_0005_0082" 9077
"/Engine/EngineMaterials/Substrate/Glints2/dict_0005_0081" 9078
"/Engine/EngineMaterials/Substrate/Glints2/dict_0005_0080" 9079
"/Engine/EngineMaterials/Substrate/Glints2/dict_0005_0079" 9080
"/Engine/EngineMaterials/Substrate/Glints2/dict_0005_0078" 9081
"/Engine/EngineMaterials/Substrate/Glints2/dict_0005_0077" 9082
"/Engine/EngineMaterials/Substrate/Glints2/dict_0005_0076" 9083
"/Engine/EngineMaterials/Substrate/Glints2/dict_0005_0075" 9084
"/Engine/EngineMaterials/Substrate/Glints2/dict_0005_0074" 9085
"/Engine/EngineMaterials/Substrate/Glints2/dict_0005_0073" 9086
"/Engine/EngineMaterials/Substrate/Glints2/dict_0005_0072" 9087
"/Engine/EngineMaterials/Substrate/Glints2/dict_0005_0071" 9088
"/Engine/EngineMaterials/Substrate/Glints2/dict_0005_0070" 9089
"/Engine/EngineMaterials/Substrate/Glints2/dict_0005_0069" 9090
"/Engine/EngineMaterials/Substrate/Glints2/dict_0005_0068" 9091
"/Engine/EngineMaterials/Substrate/Glints2/dict_0005_0067" 9092
"/Engine/EngineMaterials/Substrate/Glints2/dict_0005_0066" 9093
"/Engine/EngineMaterials/Substrate/Glints2/dict_0005_0065" 9094
"/Engine/EngineMaterials/Substrate/Glints2/dict_0005_0064" 9095
"../../../Engine/Content/EngineMaterials/Substrate/Glints2/dict_0005_0098.uasset" 9096
"../../../Engine/Content/EngineMaterials/Substrate/Glints2/dict_0005_0097.uasset" 9097
"../../../Engine/Content/EngineMaterials/Substrate/Glints2/dict_0005_0100.uasset" 9098
"../../../Engine/Content/EngineMaterials/Substrate/Glints2/dict_0005_0099.uasset" 9099
"../../../Engine/Content/EngineMaterials/Substrate/Glints2/dict_0005_0105.uasset" 9100
"../../../Engine/Content/EngineMaterials/Substrate/Glints2/dict_0005_0108.uasset" 9101
"../../../Engine/Content/EngineMaterials/Substrate/Glints2/dict_0005_0107.uasset" 9102
"../../../Engine/Content/EngineMaterials/Substrate/Glints2/dict_0005_0109.uasset" 9103
"../../../Engine/Content/EngineMaterials/Substrate/Glints2/dict_0005_0111.uasset" 9104
"../../../Engine/Content/EngineMaterials/Substrate/Glints2/dict_0005_0102.uasset" 9105
"../../../Engine/Content/EngineMaterials/Substrate/Glints2/dict_0005_0112.uasset" 9106
"/Engine/EngineMaterials/Substrate/Glints2/dict_0005_0095" 9107
"../../../Engine/Content/EngineMaterials/Substrate/Glints2/dict_0005_0117.uasset" 9108
"../../../Engine/Content/EngineMaterials/Substrate/Glints2/dict_0005_0106.uasset" 9109
"../../../Engine/Content/EngineMaterials/Substrate/Glints2/dict_0005_0118.uasset" 9110
"../../../Engine/Content/EngineMaterials/Substrate/Glints2/dict_0005_0104.uasset" 9111
"../../../Engine/Content/EngineMaterials/Substrate/Glints2/dict_0005_0115.uasset" 9112
"../../../Engine/Content/EngineMaterials/Substrate/Glints2/dict_0005_0116.uasset" 9113
"../../../Engine/Content/EngineMaterials/Substrate/Glints2/dict_0005_0114.uasset" 9114
"../../../Engine/Content/EngineMaterials/Substrate/Glints2/dict_0005_0103.uasset" 9115
"../../../Engine/Content/EngineMaterials/Substrate/Glints2/dict_0005_0113.uasset" 9116
"../../../Engine/Content/EngineMaterials/Substrate/Glints2/dict_0005_0096.uasset" 9117
"../../../Engine/Content/EngineMaterials/Substrate/Glints2/dict_0005_0101.uasset" 9118
"/Engine/EngineMaterials/Substrate/Glints2/dict_0005_0094" 9119
"../../../Engine/Content/EngineMaterials/Substrate/Glints2/dict_0005_0110.uasset" 9120
"/Engine/EngineMaterials/Substrate/Glints2/dict_0005_0093" 9121
"/Engine/EngineMaterials/Substrate/Glints2/dict_0005_0092" 9122
"/Engine/EngineMaterials/Substrate/Glints2/dict_0005_0091" 9123
"/Engine/EngineMaterials/Substrate/Glints2/dict_0005_0090" 9124
"/Engine/EngineMaterials/Substrate/Glints2/dict_0005_0089" 9125
"/Engine/EngineMaterials/Substrate/Glints2/dict_0005_0100" 9126
"/Engine/EngineMaterials/Substrate/Glints2/dict_0005_0099" 9127
"/Engine/EngineMaterials/Substrate/Glints2/dict_0005_0098" 9128
"/Engine/EngineMaterials/Substrate/Glints2/dict_0005_0097" 9129
"/Engine/EngineMaterials/Substrate/Glints2/dict_0005_0088" 9130
"/Engine/EngineMaterials/Substrate/Glints2/dict_0005_0087" 9131
"../../../Engine/Content/EngineMaterials/Substrate/Glints2/dict_0005_0120.uasset" 9132
"../../../Engine/Content/EngineMaterials/Substrate/Glints2/dict_0005_0122.uasset" 9133
"../../../Engine/Content/EngineMaterials/Substrate/Glints2/dict_0005_0125.uasset" 9134
"../../../Engine/Content/EngineMaterials/Substrate/Glints2/dict_0005_0119.uasset" 9135
"../../../Engine/Content/EngineMaterials/Substrate/Glints2/dict_0005_0130.uasset" 9136
"../../../Engine/Content/EngineMaterials/Substrate/Glints2/dict_0005_0128.uasset" 9137
"../../../Engine/Content/EngineMaterials/Substrate/Glints2/dict_0005_0129.uasset" 9138
"../../../Engine/Content/EngineMaterials/Substrate/Glints2/dict_0005_0127.uasset" 9139
"../../../Engine/Content/EngineMaterials/Substrate/Glints2/dict_0005_0121.uasset" 9140
"/Engine/EngineMaterials/Substrate/Glints2/dict_0005_0118" 9141
"../../../Engine/Content/EngineMaterials/Substrate/Glints2/dict_0005_0131.uasset" 9142
"../../../Engine/Content/EngineMaterials/Substrate/Glints2/dict_0005_0123.uasset" 9143
"../../../Engine/Content/EngineMaterials/Substrate/Glints2/dict_0005_0124.uasset" 9144
"../../../Engine/Content/EngineMaterials/Substrate/Glints2/dict_0005_0126.uasset" 9145
"/Engine/EngineMaterials/Substrate/Glints2/dict_0005_0117" 9146
"/Engine/EngineMaterials/Substrate/Glints2/dict_0005_0116" 9147
"/Engine/EngineMaterials/Substrate/Glints2/dict_0005_0115" 9148
"/Engine/EngineMaterials/Substrate/Glints2/dict_0005_0114" 9149
"/Engine/EngineMaterials/Substrate/Glints2/dict_0005_0113" 9150
"/Engine/EngineMaterials/Substrate/Glints2/dict_0005_0112" 9151
"/Engine/EngineMaterials/Substrate/Glints2/dict_0005_0111" 9152
"/Engine/EngineMaterials/Substrate/Glints2/dict_0005_0110" 9153
"/Engine/EngineMaterials/Substrate/Glints2/dict_0005_0109" 9154
"/Engine/EngineMaterials/Substrate/Glints2/dict_0005_0108" 9155
"/Engine/EngineMaterials/Substrate/Glints2/dict_0005_0107" 9156
"/Engine/EngineMaterials/Substrate/Glints2/dict_0005_0106" 9157
"/Engine/EngineMaterials/Substrate/Glints2/dict_0005_0105" 9158
"/Engine/EngineMaterials/Substrate/Glints2/dict_0005_0104" 9159
"/Engine/EngineMaterials/Substrate/Glints2/dict_0005_0103" 9160
"/Engine/EngineMaterials/Substrate/Glints2/dict_0005_0102" 9161
"/Engine/EngineMaterials/Substrate/Glints2/dict_0005_0101" 9162
"/Engine/EngineMaterials/Substrate/Glints2/dict_0005_0125" 9163
"/Engine/EngineMaterials/Substrate/Glints2/dict_0005_0122" 9164
"/Engine/EngineMaterials/Substrate/Glints2/dict_0005_0096" 9165
"/Engine/EngineMaterials/Substrate/Glints2/dict_0005_0120" 9166
"/Engine/EngineMaterials/Substrate/Glints2/dict_0005_0119" 9167
"../../../Engine/Content/EngineMaterials/Substrate/Glints2/dict_0005_0135.uasset" 9168
"../../../Engine/Content/EngineMaterials/Substrate/Glints2/dict_0005_0136.uasset" 9169
"../../../Engine/Content/EngineMaterials/Substrate/Glints2/dict_0005_0142.uasset" 9170
"../../../Engine/Content/EngineMaterials/Substrate/Glints2/dict_0005_0137.uasset" 9171
"../../../Engine/Content/EngineMaterials/Substrate/Glints2/dict_0005_0144.uasset" 9172
"../../../Engine/Content/EngineMaterials/Substrate/Glints2/dict_0005_0139.uasset" 9173
"../../../Engine/Content/EngineMaterials/Substrate/Glints2/dict_0005_0132.uasset" 9174
"../../../Engine/Content/EngineMaterials/Substrate/Glints2/dict_0005_0148.uasset" 9175
"../../../Engine/Content/EngineMaterials/Substrate/Glints2/dict_0005_0133.uasset" 9176
"../../../Engine/Content/EngineMaterials/Substrate/Glints2/dict_0005_0145.uasset" 9177
"../../../Engine/Content/EngineMaterials/Substrate/Glints2/dict_0005_0149.uasset" 9178
"../../../Engine/Content/EngineMaterials/Substrate/Glints2/dict_0005_0151.uasset" 9179
"../../../Engine/Content/EngineMaterials/Substrate/Glints2/dict_0005_0153.uasset" 9180
"../../../Engine/Content/EngineMaterials/Substrate/Glints2/dict_0005_0152.uasset" 9181
"../../../Engine/Content/EngineMaterials/Substrate/Glints2/dict_0005_0154.uasset" 9182
"../../../Engine/Content/EngineMaterials/Substrate/Glints2/dict_0005_0141.uasset" 9183
"../../../Engine/Content/EngineMaterials/Substrate/Glints2/dict_0005_0143.uasset" 9184
"../../../Engine/Content/EngineMaterials/Substrate/Glints2/dict_0005_0140.uasset" 9185
"../../../Engine/Content/EngineMaterials/Substrate/Glints2/dict_0005_0146.uasset" 9186
"/Engine/EngineMaterials/Substrate/Glints2/dict_0005_0131" 9187
"../../../Engine/Content/EngineMaterials/Substrate/Glints2/dict_0005_0147.uasset" 9188
"../../../Engine/Content/EngineMaterials/Substrate/Glints2/dict_0005_0150.uasset" 9189
"../../../Engine/Content/EngineMaterials/Substrate/Glints2/dict_0005_0134.uasset" 9190
"../../../Engine/Content/EngineMaterials/Substrate/Glints2/dict_0005_0138.uasset" 9191
"/Engine/EngineMaterials/Substrate/Glints2/dict_0005_0130" 9192
"/Engine/EngineMaterials/Substrate/Glints2/dict_0005_0129" 9193
"/Engine/EngineMaterials/Substrate/Glints2/dict_0005_0128" 9194
"/Engine/EngineMaterials/Substrate/Glints2/dict_0005_0127" 9195
"/Engine/EngineMaterials/Substrate/Glints2/dict_0005_0126" 9196
"/Engine/EngineMaterials/Substrate/Glints2/dict_0005_0124" 9197
"/Engine/EngineMaterials/Substrate/Glints2/dict_0005_0123" 9198
"/Engine/EngineMaterials/Substrate/Glints2/dict_0005_0121" 9199
"../../../Engine/Content/EngineMaterials/Substrate/Glints2/dict_0005_0155.uasset" 9200
"../../../Engine/Content/EngineMaterials/Substrate/Glints2/dict_0005_0157.uasset" 9201
"../../../Engine/Content/EngineMaterials/Substrate/Glints2/dict_0005_0156.uasset" 9202
"../../../Engine/Content/EngineMaterials/Substrate/Glints2/dict_0005_0159.uasset" 9203
"../../../Engine/Content/EngineMaterials/Substrate/Glints2/dict_0005_0158.uasset" 9204
"../../../Engine/Content/EngineMaterials/Substrate/Glints2/dict_0005_0161.uasset" 9205
"../../../Engine/Content/EngineMaterials/Substrate/Glints2/dict_0005_0160.uasset" 9206
"../../../Engine/Content/EngineMaterials/Substrate/Glints2/dict_0005_0162.uasset" 9207
"/Engine/EngineMaterials/Substrate/Glints2/dict_0005_0154" 9208
"../../../Engine/Content/EngineMaterials/Substrate/Glints2/dict_0005_0163.uasset" 9209
"/Engine/EngineMaterials/Substrate/Glints2/dict_0005_0153" 9210
"/Engine/EngineMaterials/Substrate/Glints2/dict_0005_0152" 9211
"/Engine/EngineMaterials/Substrate/Glints2/dict_0005_0151" 9212
"/Engine/EngineMaterials/Substrate/Glints2/dict_0005_0150" 9213
"/Engine/EngineMaterials/Substrate/Glints2/dict_0005_0149" 9214
"/Engine/EngineMaterials/Substrate/Glints2/dict_0005_0148" 9215
"/Engine/EngineMaterials/Substrate/Glints2/dict_0005_0147" 9216
"/Engine/EngineMaterials/Substrate/Glints2/dict_0005_0146" 9217
"/Engine/EngineMaterials/Substrate/Glints2/dict_0005_0145" 9218
"/Engine/EngineMaterials/Substrate/Glints2/dict_0005_0144" 9219
"/Engine/EngineMaterials/Substrate/Glints2/dict_0005_0143" 9220
"/Engine/EngineMaterials/Substrate/Glints2/dict_0005_0142" 9221
"/Engine/EngineMaterials/Substrate/Glints2/dict_0005_0141" 9222
"/Engine/EngineMaterials/Substrate/Glints2/dict_0005_0140" 9223
"/Engine/EngineMaterials/Substrate/Glints2/dict_0005_0139" 9224
"/Engine/EngineMaterials/Substrate/Glints2/dict_0005_0138" 9225
"/Engine/EngineMaterials/Substrate/Glints2/dict_0005_0137" 9226
"/Engine/EngineMaterials/Substrate/Glints2/dict_0005_0136" 9227
"/Engine/EngineMaterials/Substrate/Glints2/dict_0005_0157" 9228
"/Engine/EngineMaterials/Substrate/Glints2/dict_0005_0156" 9229
"/Engine/EngineMaterials/Substrate/Glints2/dict_0005_0135" 9230
"/Engine/EngineMaterials/Substrate/Glints2/dict_0005_0155" 9231
"/Engine/EngineMaterials/Substrate/Glints2/dict_0005_0134" 9232
"/Engine/EngineMaterials/Substrate/Glints2/dict_0005_0133" 9233
"/Engine/EngineMaterials/Substrate/Glints2/dict_0005_0132" 9234
"../../../Engine/Content/EngineMaterials/Substrate/Glints2/dict_0005_0164.uasset" 9235
"../../../Engine/Content/EngineMaterials/Substrate/Glints2/dict_0005_0166.uasset" 9236
"../../../Engine/Content/EngineMaterials/Substrate/Glints2/dict_0005_0167.uasset" 9237
"../../../Engine/Content/EngineMaterials/Substrate/Glints2/dict_0005_0168.uasset" 9238
"../../../Engine/Content/EngineMaterials/Substrate/Glints2/dict_0005_0171.uasset" 9239
"../../../Engine/Content/EngineMaterials/Substrate/Glints2/dict_0005_0175.uasset" 9240
"../../../Engine/Content/EngineMaterials/Substrate/Glints2/dict_0005_0173.uasset" 9241
"../../../Engine/Content/EngineMaterials/Substrate/Glints2/dict_0005_0176.uasset" 9242
"../../../Engine/Content/EngineMaterials/Substrate/Glints2/dict_0005_0180.uasset" 9243
"../../../Engine/Content/EngineMaterials/Substrate/Glints2/dict_0005_0169.uasset" 9244
"../../../Engine/Content/EngineMaterials/Substrate/Glints2/dict_0005_0181.uasset" 9245
"../../../Engine/Content/EngineMaterials/Substrate/Glints2/dict_0005_0172.uasset" 9246
"../../../Engine/Content/EngineMaterials/Substrate/Glints2/dict_0005_0183.uasset" 9247
"/Engine/EngineMaterials/Substrate/Glints2/dict_0005_0163" 9248
"../../../Engine/Content/EngineMaterials/Substrate/Glints2/dict_0005_0184.uasset" 9249
"../../../Engine/Content/EngineMaterials/Substrate/Glints2/dict_0005_0186.uasset" 9250
"../../../Engine/Content/EngineMaterials/Substrate/Glints2/dict_0005_0170.uasset" 9251
"../../../Engine/Content/EngineMaterials/Substrate/Glints2/dict_0005_0177.uasset" 9252
"../../../Engine/Content/EngineMaterials/Substrate/Glints2/dict_0005_0174.uasset" 9253
"../../../Engine/Content/EngineMaterials/Substrate/Glints2/dict_0005_0189.uasset" 9254
"../../../Engine/Content/EngineMaterials/Substrate/Glints2/dict_0005_0165.uasset" 9255
"../../../Engine/Content/EngineMaterials/Substrate/Glints2/dict_0005_0185.uasset" 9256
"../../../Engine/Content/EngineMaterials/Substrate/Glints2/dict_0005_0187.uasset" 9257
"../../../Engine/Content/EngineMaterials/Substrate/Glints2/dict_0005_0182.uasset" 9258
"../../../Engine/Content/EngineMaterials/Substrate/Glints2/dict_0005_0188.uasset" 9259
"../../../Engine/Content/EngineMaterials/Substrate/Glints2/dict_0005_0179.uasset" 9260
"../../../Engine/Content/EngineMaterials/Substrate/Glints2/dict_0005_0178.uasset" 9261
"/Engine/EngineMaterials/Substrate/Glints2/dict_0005_0162" 9262
"/Engine/EngineMaterials/Substrate/Glints2/dict_0005_0161" 9263
"/Engine/EngineMaterials/Substrate/Glints2/dict_0005_0160" 9264
"/Engine/EngineMaterials/Substrate/Glints2/dict_0005_0159" 9265
"/Engine/EngineMaterials/Substrate/Glints2/dict_0005_0158" 9266
"/Engine/EngineMaterials/Substrate/Glints2/dict_0005_0171" 9267
"/Engine/EngineMaterials/Substrate/Glints2/dict_0005_0168" 9268
"/Engine/EngineMaterials/Substrate/Glints2/dict_0005_0167" 9269
"/Engine/EngineMaterials/Substrate/Glints2/dict_0005_0166" 9270
"/Engine/EngineMaterials/Substrate/Glints2/dict_0005_0164" 9271
"../../../Engine/Content/EngineMaterials/Substrate/Glints2/dict_0005_0191.uasset" 9272
"../../../Engine/Content/EngineMaterials/Substrate/Glints2/dict_0005_0192.uasset" 9273
"../../../Engine/Content/EngineMaterials/Substrate/Glints2/dict_0005_0194.uasset" 9274
"../../../Engine/Content/EngineMaterials/Substrate/Glints2/dict_0005_0193.uasset" 9275
"../../../Engine/Content/EngineMaterials/Substrate/Glints2/dict_0005_0199.uasset" 9276
"../../../Engine/Content/EngineMaterials/Substrate/Glints2/dict_0005_0196.uasset" 9277
"../../../Engine/Content/EngineMaterials/Substrate/Glints2/dict_0005_0195.uasset" 9278
"/Engine/EngineMaterials/Substrate/Glints2/dict_0005_0189" 9279
"../../../Engine/Content/EngineMaterials/Substrate/Glints2/dict_0005_0197.uasset" 9280
"../../../Engine/Content/EngineMaterials/Substrate/Glints2/dict_0005_0198.uasset" 9281
"../../../Engine/Content/EngineMaterials/Substrate/Glints2/dict_0005_0190.uasset" 9282
"../../../Engine/Content/EngineMaterials/Substrate/Glints2/dict_0005_0200.uasset" 9283
"/Engine/EngineMaterials/Substrate/Glints2/dict_0005_0188" 9284
"/Engine/EngineMaterials/Substrate/Glints2/dict_0005_0187" 9285
"/Engine/EngineMaterials/Substrate/Glints2/dict_0005_0186" 9286
"/Engine/EngineMaterials/Substrate/Glints2/dict_0005_0185" 9287
"/Engine/EngineMaterials/Substrate/Glints2/dict_0005_0184" 9288
"/Engine/EngineMaterials/Substrate/Glints2/dict_0005_0183" 9289
"/Engine/EngineMaterials/Substrate/Glints2/dict_0005_0182" 9290
"/Engine/EngineMaterials/Substrate/Glints2/dict_0005_0181" 9291
"/Engine/EngineMaterials/Substrate/Glints2/dict_0005_0180" 9292
"/Engine/EngineMaterials/Substrate/Glints2/dict_0005_0179" 9293
"/Engine/EngineMaterials/Substrate/Glints2/dict_0005_0178" 9294
"/Engine/EngineMaterials/Substrate/Glints2/dict_0005_0177" 9295
"/Engine/EngineMaterials/Substrate/Glints2/dict_0005_0176" 9296
"/Engine/EngineMaterials/Substrate/Glints2/dict_0005_0175" 9297
"/Engine/EngineMaterials/Substrate/Glints2/dict_0005_0174" 9298
"/Engine/EngineMaterials/Substrate/Glints2/dict_0005_0173" 9299
"/Engine/EngineMaterials/Substrate/Glints2/dict_0005_0172" 9300
"/Engine/EngineMaterials/Substrate/Glints2/dict_0005_0194" 9301
"/Engine/EngineMaterials/Substrate/Glints2/dict_0005_0170" 9302
"/Engine/EngineMaterials/Substrate/Glints2/dict_0005_0169" 9303
"/Engine/EngineMaterials/Substrate/Glints2/dict_0005_0192" 9304
"/Engine/EngineMaterials/Substrate/Glints2/dict_0005_0191" 9305
"/Engine/EngineMaterials/Substrate/Glints2/dict_0005_0165" 9306
"../../../Engine/Content/EngineMaterials/Substrate/Glints2/dict_0005_0202.uasset" 9307
"../../../Engine/Content/EngineMaterials/Substrate/Glints2/dict_0005_0206.uasset" 9308
"../../../Engine/Content/EngineMaterials/Substrate/Glints2/dict_0005_0201.uasset" 9309
"../../../Engine/Content/EngineMaterials/Substrate/Glints2/dict_0005_0210.uasset" 9310
"../../../Engine/Content/EngineMaterials/Substrate/Glints2/dict_0005_0211.uasset" 9311
"../../../Engine/Content/EngineMaterials/Substrate/Glints2/dict_0005_0213.uasset" 9312
"../../../Engine/Content/EngineMaterials/Substrate/Glints2/dict_0005_0204.uasset" 9313
"../../../Engine/Content/EngineMaterials/Substrate/Glints2/dict_0005_0215.uasset" 9314
"../../../Engine/Content/EngineMaterials/Substrate/Glints2/dict_0005_0216.uasset" 9315
"../../../Engine/Content/EngineMaterials/Substrate/Glints2/dict_0005_0203.uasset" 9316
"../../../Engine/Content/EngineMaterials/Substrate/Glints2/dict_0005_0218.uasset" 9317
"../../../Engine/Content/EngineMaterials/Substrate/Glints2/dict_0005_0207.uasset" 9318
"../../../Engine/Content/EngineMaterials/Substrate/Glints2/dict_0005_0209.uasset" 9319
"../../../Engine/Content/EngineMaterials/Substrate/Glints2/dict_0005_0222.uasset" 9320
"../../../Engine/Content/EngineMaterials/Substrate/Glints2/dict_0005_0214.uasset" 9321
"../../../Engine/Content/EngineMaterials/Substrate/Glints2/dict_0005_0217.uasset" 9322
"../../../Engine/Content/EngineMaterials/Substrate/Glints2/dict_0005_0219.uasset" 9323
"../../../Engine/Content/EngineMaterials/Substrate/Glints2/dict_0005_0220.uasset" 9324
"../../../Engine/Content/EngineMaterials/Substrate/Glints2/dict_0005_0212.uasset" 9325
"/Engine/EngineMaterials/Substrate/Glints2/dict_0005_0200" 9326
"../../../Engine/Content/EngineMaterials/Substrate/Glints2/dict_0005_0208.uasset" 9327
"../../../Engine/Content/EngineMaterials/Substrate/Glints2/dict_0005_0221.uasset" 9328
"../../../Engine/Content/EngineMaterials/Substrate/Glints2/dict_0005_0205.uasset" 9329
"../../../Engine/Content/EngineMaterials/Substrate/Glints2/dict_0005_0223.uasset" 9330
"../../../Engine/Content/EngineMaterials/Substrate/Glints2/dict_0005_0224.uasset" 9331
"/Engine/EngineMaterials/Substrate/Glints2/dict_0005_0199" 9332
"/Engine/EngineMaterials/Substrate/Glints2/dict_0005_0198" 9333
"/Engine/EngineMaterials/Substrate/Glints2/dict_0005_0197" 9334
"/Engine/EngineMaterials/Substrate/Glints2/dict_0005_0210" 9335
"/Engine/EngineMaterials/Substrate/Glints2/dict_0005_0196" 9336
"/Engine/EngineMaterials/Substrate/Glints2/dict_0005_0195" 9337
"/Engine/EngineMaterials/Substrate/Glints2/dict_0005_0206" 9338
"/Engine/EngineMaterials/Substrate/Glints2/dict_0005_0193" 9339
"/Engine/EngineMaterials/Substrate/Glints2/dict_0005_0202" 9340
"/Engine/EngineMaterials/Substrate/Glints2/dict_0005_0201" 9341
"/Engine/EngineMaterials/Substrate/Glints2/dict_0005_0190" 9342
"../../../Engine/Content/EngineMaterials/Substrate/Glints2/dict_0005_0225.uasset" 9343
"../../../Engine/Content/EngineMaterials/Substrate/Glints2/dict_0005_0227.uasset" 9344
"../../../Engine/Content/EngineMaterials/Substrate/Glints2/dict_0005_0229.uasset" 9345
"../../../Engine/Content/EngineMaterials/Substrate/Glints2/dict_0005_0230.uasset" 9346
"../../../Engine/Content/EngineMaterials/Substrate/Glints2/dict_0005_0231.uasset" 9347
"../../../Engine/Content/EngineMaterials/Substrate/Glints2/dict_0005_0235.uasset" 9348
"../../../Engine/Content/EngineMaterials/Substrate/Glints2/dict_0005_0233.uasset" 9349
"../../../Engine/Content/EngineMaterials/Substrate/Glints2/dict_0005_0236.uasset" 9350
"../../../Engine/Content/EngineMaterials/Substrate/Glints2/dict_0005_0232.uasset" 9351
"../../../Engine/Content/EngineMaterials/Substrate/Glints2/dict_0005_0228.uasset" 9352
"../../../Engine/Content/EngineMaterials/Substrate/Glints2/dict_0005_0234.uasset" 9353
"/Engine/EngineMaterials/Substrate/Glints2/dict_0005_0224" 9354
"../../../Engine/Content/EngineMaterials/Substrate/Glints2/dict_0005_0226.uasset" 9355
"/Engine/EngineMaterials/Substrate/Glints2/dict_0005_0223" 9356
"/Engine/EngineMaterials/Substrate/Glints2/dict_0005_0222" 9357
"/Engine/EngineMaterials/Substrate/Glints2/dict_0005_0221" 9358
"/Engine/EngineMaterials/Substrate/Glints2/dict_0005_0220" 9359
"/Engine/EngineMaterials/Substrate/Glints2/dict_0005_0219" 9360
"/Engine/EngineMaterials/Substrate/Glints2/dict_0005_0218" 9361
"/Engine/EngineMaterials/Substrate/Glints2/dict_0005_0217" 9362
"/Engine/EngineMaterials/Substrate/Glints2/dict_0005_0216" 9363
"/Engine/EngineMaterials/Substrate/Glints2/dict_0005_0215" 9364
"/Engine/EngineMaterials/Substrate/Glints2/dict_0005_0214" 9365
"/Engine/EngineMaterials/Substrate/Glints2/dict_0005_0213" 9366
"/Engine/EngineMaterials/Substrate/Glints2/dict_0005_0212" 9367
"/Engine/EngineMaterials/Substrate/Glints2/dict_0005_0211" 9368
"/Engine/EngineMaterials/Substrate/Glints2/dict_0005_0209" 9369
"/Engine/EngineMaterials/Substrate/Glints2/dict_0005_0231" 9370
"/Engine/EngineMaterials/Substrate/Glints2/dict_0005_0208" 9371
"/Engine/EngineMaterials/Substrate/Glints2/dict_0005_0230" 9372
"/Engine/EngineMaterials/Substrate/Glints2/dict_0005_0207" 9373
"/Engine/EngineMaterials/Substrate/Glints2/dict_0005_0229" 9374
"/Engine/EngineMaterials/Substrate/Glints2/dict_0005_0205" 9375
"/Engine/EngineMaterials/Substrate/Glints2/dict_0005_0204" 9376
"/Engine/EngineMaterials/Substrate/Glints2/dict_0005_0203" 9377
"/Engine/EngineMaterials/Substrate/Glints2/dict_0005_0227" 9378
"/Engine/EngineMaterials/Substrate/Glints2/dict_0005_0225" 9379
"../../../Engine/Content/EngineMaterials/Substrate/Glints2/dict_0005_0240.uasset" 9380
"../../../Engine/Content/EngineMaterials/Substrate/Glints2/dict_0005_0242.uasset" 9381
"../../../Engine/Content/EngineMaterials/Substrate/Glints2/dict_0005_0244.uasset" 9382
"../../../Engine/Content/EngineMaterials/Substrate/Glints2/dict_0005_0239.uasset" 9383
"../../../Engine/Content/EngineMaterials/Substrate/Glints2/dict_0005_0246.uasset" 9384
"../../../Engine/Content/EngineMaterials/Substrate/Glints2/dict_0005_0248.uasset" 9385
"../../../Engine/Content/EngineMaterials/Substrate/Glints2/dict_0005_0250.uasset" 9386
"../../../Engine/Content/EngineMaterials/Substrate/Glints2/dict_0005_0243.uasset" 9387
"../../../Engine/Content/EngineMaterials/Substrate/Glints2/dict_0005_0252.uasset" 9388
"../../../Engine/Content/EngineMaterials/Substrate/Glints2/dict_0005_0253.uasset" 9389
"../../../Engine/Content/EngineMaterials/Substrate/Glints2/dict_0005_0237.uasset" 9390
"../../../Engine/Content/EngineMaterials/Substrate/Glints2/dict_0005_0254.uasset" 9391
"../../../Engine/Content/EngineMaterials/Substrate/Glints2/dict_0006_0001.uasset" 9392
"../../../Engine/Content/EngineMaterials/Substrate/Glints2/dict_0005_0238.uasset" 9393
"../../../Engine/Content/EngineMaterials/Substrate/Glints2/dict_0006_0002.uasset" 9394
"../../../Engine/Content/EngineMaterials/Substrate/Glints2/dict_0006_0004.uasset" 9395
"../../../Engine/Content/EngineMaterials/Substrate/Glints2/dict_0006_0003.uasset" 9396
"../../../Engine/Content/EngineMaterials/Substrate/Glints2/dict_0006_0005.uasset" 9397
"../../../Engine/Content/EngineMaterials/Substrate/Glints2/dict_0005_0249.uasset" 9398
"../../../Engine/Content/EngineMaterials/Substrate/Glints2/dict_0005_0251.uasset" 9399
"../../../Engine/Content/EngineMaterials/Substrate/Glints2/dict_0005_0255.uasset" 9400
"../../../Engine/Content/EngineMaterials/Substrate/Glints2/dict_0005_0245.uasset" 9401
"../../../Engine/Content/EngineMaterials/Substrate/Glints2/dict_0006_0000.uasset" 9402
"/Engine/EngineMaterials/Substrate/Glints2/dict_0005_0236" 9403
"../../../Engine/Content/EngineMaterials/Substrate/Glints2/dict_0005_0241.uasset" 9404
"../../../Engine/Content/EngineMaterials/Substrate/Glints2/dict_0005_0247.uasset" 9405
"/Engine/EngineMaterials/Substrate/Glints2/dict_0005_0235" 9406
"/Engine/EngineMaterials/Substrate/Glints2/dict_0005_0234" 9407
"/Engine/EngineMaterials/Substrate/Glints2/dict_0005_0233" 9408
"/Engine/EngineMaterials/Substrate/Glints2/dict_0005_0232" 9409
"/Engine/EngineMaterials/Substrate/Glints2/dict_0005_0246" 9410
"/Engine/EngineMaterials/Substrate/Glints2/dict_0005_0244" 9411
"/Engine/EngineMaterials/Substrate/Glints2/dict_0005_0242" 9412
"/Engine/EngineMaterials/Substrate/Glints2/dict_0005_0240" 9413
"/Engine/EngineMaterials/Substrate/Glints2/dict_0005_0228" 9414
"/Engine/EngineMaterials/Substrate/Glints2/dict_0005_0239" 9415
"/Engine/EngineMaterials/Substrate/Glints2/dict_0005_0226" 9416
"../../../Engine/Content/EngineMaterials/Substrate/Glints2/dict_0006_0009.uasset" 9417
"../../../Engine/Content/EngineMaterials/Substrate/Glints2/dict_0006_0011.uasset" 9418
"../../../Engine/Content/EngineMaterials/Substrate/Glints2/dict_0006_0016.uasset" 9419
"../../../Engine/Content/EngineMaterials/Substrate/Glints2/dict_0006_0014.uasset" 9420
"../../../Engine/Content/EngineMaterials/Substrate/Glints2/dict_0006_0010.uasset" 9421
"../../../Engine/Content/EngineMaterials/Substrate/Glints2/dict_0006_0013.uasset" 9422
"../../../Engine/Content/EngineMaterials/Substrate/Glints2/dict_0006_0008.uasset" 9423
"/Engine/EngineMaterials/Substrate/Glints2/dict_0006_0005" 9424
"../../../Engine/Content/EngineMaterials/Substrate/Glints2/dict_0006_0012.uasset" 9425
"../../../Engine/Content/EngineMaterials/Substrate/Glints2/dict_0006_0006.uasset" 9426
"../../../Engine/Content/EngineMaterials/Substrate/Glints2/dict_0006_0007.uasset" 9427
"../../../Engine/Content/EngineMaterials/Substrate/Glints2/dict_0006_0015.uasset" 9428
"../../../Engine/Content/EngineMaterials/Substrate/Glints2/dict_0006_0017.uasset" 9429
"/Engine/EngineMaterials/Substrate/Glints2/dict_0006_0004" 9430
"/Engine/EngineMaterials/Substrate/Glints2/dict_0006_0003" 9431
"/Engine/EngineMaterials/Substrate/Glints2/dict_0006_0002" 9432
"/Engine/EngineMaterials/Substrate/Glints2/dict_0006_0001" 9433
"/Engine/EngineMaterials/Substrate/Glints2/dict_0006_0000" 9434
"/Engine/EngineMaterials/Substrate/Glints2/dict_0005_0255" 9435
"/Engine/EngineMaterials/Substrate/Glints2/dict_0005_0254" 9436
"/Engine/EngineMaterials/Substrate/Glints2/dict_0005_0253" 9437
"/Engine/EngineMaterials/Substrate/Glints2/dict_0005_0252" 9438
"/Engine/EngineMaterials/Substrate/Glints2/dict_0005_0251" 9439
"/Engine/EngineMaterials/Substrate/Glints2/dict_0005_0250" 9440
"/Engine/EngineMaterials/Substrate/Glints2/dict_0005_0249" 9441
"/Engine/EngineMaterials/Substrate/Glints2/dict_0005_0248" 9442
"/Engine/EngineMaterials/Substrate/Glints2/dict_0005_0247" 9443
"/Engine/EngineMaterials/Substrate/Glints2/dict_0005_0245" 9444
"/Engine/EngineMaterials/Substrate/Glints2/dict_0005_0243" 9445
"/Engine/EngineMaterials/Substrate/Glints2/dict_0005_0241" 9446
"/Engine/EngineMaterials/Substrate/Glints2/dict_0006_0009" 9447
"/Engine/EngineMaterials/Substrate/Glints2/dict_0005_0238" 9448
"/Engine/EngineMaterials/Substrate/Glints2/dict_0005_0237" 9449
"../../../Engine/Content/EngineMaterials/Substrate/Glints2/dict_0006_0020.uasset" 9450
"../../../Engine/Content/EngineMaterials/Substrate/Glints2/dict_0006_0024.uasset" 9451
"../../../Engine/Content/EngineMaterials/Substrate/Glints2/dict_0006_0026.uasset" 9452
"../../../Engine/Content/EngineMaterials/Substrate/Glints2/dict_0006_0027.uasset" 9453
"../../../Engine/Content/EngineMaterials/Substrate/Glints2/dict_0006_0022.uasset" 9454
"../../../Engine/Content/EngineMaterials/Substrate/Glints2/dict_0006_0030.uasset" 9455
"../../../Engine/Content/EngineMaterials/Substrate/Glints2/dict_0006_0028.uasset" 9456
"../../../Engine/Content/EngineMaterials/Substrate/Glints2/dict_0006_0034.uasset" 9457
"../../../Engine/Content/EngineMaterials/Substrate/Glints2/dict_0006_0033.uasset" 9458
"/Engine/EngineMaterials/Substrate/Glints2/dict_0006_0017" 9459
"../../../Engine/Content/EngineMaterials/Substrate/Glints2/dict_0006_0021.uasset" 9460
"../../../Engine/Content/EngineMaterials/Substrate/Glints2/dict_0006_0038.uasset" 9461
"../../../Engine/Content/EngineMaterials/Substrate/Glints2/dict_0006_0018.uasset" 9462
"../../../Engine/Content/EngineMaterials/Substrate/Glints2/dict_0006_0031.uasset" 9463
"../../../Engine/Content/EngineMaterials/Substrate/Glints2/dict_0006_0019.uasset" 9464
"../../../Engine/Content/EngineMaterials/Substrate/Glints2/dict_0006_0029.uasset" 9465
"../../../Engine/Content/EngineMaterials/Substrate/Glints2/dict_0006_0035.uasset" 9466
"../../../Engine/Content/EngineMaterials/Substrate/Glints2/dict_0006_0036.uasset" 9467
"../../../Engine/Content/EngineMaterials/Substrate/Glints2/dict_0006_0032.uasset" 9468
"../../../Engine/Content/EngineMaterials/Substrate/Glints2/dict_0006_0025.uasset" 9469
"../../../Engine/Content/EngineMaterials/Substrate/Glints2/dict_0006_0037.uasset" 9470
"../../../Engine/Content/EngineMaterials/Substrate/Glints2/dict_0006_0023.uasset" 9471
"/Engine/EngineMaterials/Substrate/Glints2/dict_0006_0016" 9472
"/Engine/EngineMaterials/Substrate/Glints2/dict_0006_0015" 9473
"/Engine/EngineMaterials/Substrate/Glints2/dict_0006_0014" 9474
"/Engine/EngineMaterials/Substrate/Glints2/dict_0006_0013" 9475
"/Engine/EngineMaterials/Substrate/Glints2/dict_0006_0012" 9476
"/Engine/EngineMaterials/Substrate/Glints2/dict_0006_0011" 9477
"/Engine/EngineMaterials/Substrate/Glints2/dict_0006_0010" 9478
"/Engine/EngineMaterials/Substrate/Glints2/dict_0006_0020" 9479
"/Engine/EngineMaterials/Substrate/Glints2/dict_0006_0008" 9480
"/Engine/EngineMaterials/Substrate/Glints2/dict_0006_0007" 9481
"/Engine/EngineMaterials/Substrate/Glints2/dict_0006_0006" 9482
"../../../Engine/Content/EngineMaterials/Substrate/Glints2/dict_0006_0039.uasset" 9483
"../../../Engine/Content/EngineMaterials/Substrate/Glints2/dict_0006_0040.uasset" 9484
"../../../Engine/Content/EngineMaterials/Substrate/Glints2/dict_0006_0042.uasset" 9485
"../../../Engine/Content/EngineMaterials/Substrate/Glints2/dict_0006_0043.uasset" 9486
"../../../Engine/Content/EngineMaterials/Substrate/Glints2/dict_0006_0046.uasset" 9487
"../../../Engine/Content/EngineMaterials/Substrate/Glints2/dict_0006_0044.uasset" 9488
"../../../Engine/Content/EngineMaterials/Substrate/Glints2/dict_0006_0045.uasset" 9489
"../../../Engine/Content/EngineMaterials/Substrate/Glints2/dict_0006_0047.uasset" 9490
"../../../Engine/Content/EngineMaterials/Substrate/Glints2/dict_0006_0041.uasset" 9491
"../../../Engine/Content/EngineMaterials/Substrate/Glints2/dict_0006_0049.uasset" 9492
"../../../Engine/Content/EngineMaterials/Substrate/Glints2/dict_0006_0050.uasset" 9493
"/Engine/EngineMaterials/Substrate/Glints2/dict_0006_0038" 9494
"../../../Engine/Content/EngineMaterials/Substrate/Glints2/dict_0006_0048.uasset" 9495
"/Engine/EngineMaterials/Substrate/Glints2/dict_0006_0037" 9496
"/Engine/EngineMaterials/Substrate/Glints2/dict_0006_0036" 9497
"/Engine/EngineMaterials/Substrate/Glints2/dict_0006_0035" 9498
"/Engine/EngineMaterials/Substrate/Glints2/dict_0006_0034" 9499
"/Engine/EngineMaterials/Substrate/Glints2/dict_0006_0033" 9500
"/Engine/EngineMaterials/Substrate/Glints2/dict_0006_0032" 9501
"/Engine/EngineMaterials/Substrate/Glints2/dict_0006_0031" 9502
"/Engine/EngineMaterials/Substrate/Glints2/dict_0006_0030" 9503
"/Engine/EngineMaterials/Substrate/Glints2/dict_0006_0029" 9504
"/Engine/EngineMaterials/Substrate/Glints2/dict_0006_0028" 9505
"/Engine/EngineMaterials/Substrate/Glints2/dict_0006_0027" 9506
"/Engine/EngineMaterials/Substrate/Glints2/dict_0006_0026" 9507
"/Engine/EngineMaterials/Substrate/Glints2/dict_0006_0025" 9508
"/Engine/EngineMaterials/Substrate/Glints2/dict_0006_0024" 9509
"/Engine/EngineMaterials/Substrate/Glints2/dict_0006_0023" 9510
"/Engine/EngineMaterials/Substrate/Glints2/dict_0006_0044" 9511
"/Engine/EngineMaterials/Substrate/Glints2/dict_0006_0022" 9512
"/Engine/EngineMaterials/Substrate/Glints2/dict_0006_0043" 9513
"/Engine/EngineMaterials/Substrate/Glints2/dict_0006_0021" 9514
"/Engine/EngineMaterials/Substrate/Glints2/dict_0006_0042" 9515
"/Engine/EngineMaterials/Substrate/Glints2/dict_0006_0040" 9516
"/Engine/EngineMaterials/Substrate/Glints2/dict_0006_0019" 9517
"/Engine/EngineMaterials/Substrate/Glints2/dict_0006_0039" 9518
"/Engine/EngineMaterials/Substrate/Glints2/dict_0006_0018" 9519
"../../../Engine/Content/EngineMaterials/Substrate/Glints2/dict_0006_0051.uasset" 9520
"../../../Engine/Content/EngineMaterials/Substrate/Glints2/dict_0006_0052.uasset" 9521
"../../../Engine/Content/EngineMaterials/Substrate/Glints2/dict_0006_0053.uasset" 9522
"../../../Engine/Content/EngineMaterials/Substrate/Glints2/dict_0006_0055.uasset" 9523
"../../../Engine/Content/EngineMaterials/Substrate/Glints2/dict_0006_0057.uasset" 9524
"../../../Engine/Content/EngineMaterials/Substrate/Glints2/dict_0006_0059.uasset" 9525
"../../../Engine/Content/EngineMaterials/Substrate/Glints2/dict_0006_0062.uasset" 9526
"../../../Engine/Content/EngineMaterials/Substrate/Glints2/dict_0006_0064.uasset" 9527
"../../../Engine/Content/EngineMaterials/Substrate/Glints2/dict_0006_0065.uasset" 9528
"../../../Engine/Content/EngineMaterials/Substrate/Glints2/dict_0006_0061.uasset" 9529
"../../../Engine/Content/EngineMaterials/Substrate/Glints2/dict_0006_0068.uasset" 9530
"../../../Engine/Content/EngineMaterials/Substrate/Glints2/dict_0006_0067.uasset" 9531
"../../../Engine/Content/EngineMaterials/Substrate/Glints2/dict_0006_0054.uasset" 9532
"../../../Engine/Content/EngineMaterials/Substrate/Glints2/dict_0006_0071.uasset" 9533
"../../../Engine/Content/EngineMaterials/Substrate/Glints2/dict_0006_0072.uasset" 9534
"../../../Engine/Content/EngineMaterials/Substrate/Glints2/dict_0006_0073.uasset" 9535
"../../../Engine/Content/EngineMaterials/Substrate/Glints2/dict_0006_0063.uasset" 9536
"../../../Engine/Content/EngineMaterials/Substrate/Glints2/dict_0006_0074.uasset" 9537
"../../../Engine/Content/EngineMaterials/Substrate/Glints2/dict_0006_0075.uasset" 9538
"../../../Engine/Content/EngineMaterials/Substrate/Glints2/dict_0006_0066.uasset" 9539
"../../../Engine/Content/EngineMaterials/Substrate/Glints2/dict_0006_0056.uasset" 9540
"../../../Engine/Content/EngineMaterials/Substrate/Glints2/dict_0006_0069.uasset" 9541
"../../../Engine/Content/EngineMaterials/Substrate/Glints2/dict_0006_0070.uasset" 9542
"/Engine/EngineMaterials/Substrate/Glints2/dict_0006_0050" 9543
"../../../Engine/Content/EngineMaterials/Substrate/Glints2/dict_0006_0058.uasset" 9544
"../../../Engine/Content/EngineMaterials/Substrate/Glints2/dict_0006_0060.uasset" 9545
"/Engine/EngineMaterials/Substrate/Glints2/dict_0006_0049" 9546
"/Engine/EngineMaterials/Substrate/Glints2/dict_0006_0048" 9547
"/Engine/EngineMaterials/Substrate/Glints2/dict_0006_0047" 9548
"/Engine/EngineMaterials/Substrate/Glints2/dict_0006_0046" 9549
"/Engine/EngineMaterials/Substrate/Glints2/dict_0006_0045" 9550
"/Engine/EngineMaterials/Substrate/Glints2/dict_0006_0059" 9551
"/Engine/EngineMaterials/Substrate/Glints2/dict_0006_0057" 9552
"/Engine/EngineMaterials/Substrate/Glints2/dict_0006_0055" 9553
"/Engine/EngineMaterials/Substrate/Glints2/dict_0006_0041" 9554
"/Engine/EngineMaterials/Substrate/Glints2/dict_0006_0053" 9555
"/Engine/EngineMaterials/Substrate/Glints2/dict_0006_0052" 9556
"/Engine/EngineMaterials/Substrate/Glints2/dict_0006_0051" 9557
"../../../Engine/Content/EngineMaterials/Substrate/Glints2/dict_0006_0076.uasset" 9558
"../../../Engine/Content/EngineMaterials/Substrate/Glints2/dict_0006_0077.uasset" 9559
"../../../Engine/Content/EngineMaterials/Substrate/Glints2/dict_0006_0080.uasset" 9560
"../../../Engine/Content/EngineMaterials/Substrate/Glints2/dict_0006_0083.uasset" 9561
"../../../Engine/Content/EngineMaterials/Substrate/Glints2/dict_0006_0085.uasset" 9562
"../../../Engine/Content/EngineMaterials/Substrate/Glints2/dict_0006_0082.uasset" 9563
"../../../Engine/Content/EngineMaterials/Substrate/Glints2/dict_0006_0086.uasset" 9564
"../../../Engine/Content/EngineMaterials/Substrate/Glints2/dict_0006_0087.uasset" 9565
"../../../Engine/Content/EngineMaterials/Substrate/Glints2/dict_0006_0081.uasset" 9566
"/Engine/EngineMaterials/Substrate/Glints2/dict_0006_0075" 9567
"../../../Engine/Content/EngineMaterials/Substrate/Glints2/dict_0006_0078.uasset" 9568
"../../../Engine/Content/EngineMaterials/Substrate/Glints2/dict_0006_0088.uasset" 9569
"../../../Engine/Content/EngineMaterials/Substrate/Glints2/dict_0006_0084.uasset" 9570
"../../../Engine/Content/EngineMaterials/Substrate/Glints2/dict_0006_0079.uasset" 9571
"/Engine/EngineMaterials/Substrate/Glints2/dict_0006_0074" 9572
"/Engine/EngineMaterials/Substrate/Glints2/dict_0006_0073" 9573
"/Engine/EngineMaterials/Substrate/Glints2/dict_0006_0072" 9574
"/Engine/EngineMaterials/Substrate/Glints2/dict_0006_0071" 9575
"/Engine/EngineMaterials/Substrate/Glints2/dict_0006_0070" 9576
"/Engine/EngineMaterials/Substrate/Glints2/dict_0006_0069" 9577
"/Engine/EngineMaterials/Substrate/Glints2/dict_0006_0068" 9578
"/Engine/EngineMaterials/Substrate/Glints2/dict_0006_0067" 9579
"/Engine/EngineMaterials/Substrate/Glints2/dict_0006_0066" 9580
"/Engine/EngineMaterials/Substrate/Glints2/dict_0006_0065" 9581
"/Engine/EngineMaterials/Substrate/Glints2/dict_0006_0064" 9582
"/Engine/EngineMaterials/Substrate/Glints2/dict_0006_0063" 9583
"/Engine/EngineMaterials/Substrate/Glints2/dict_0006_0062" 9584
"/Engine/EngineMaterials/Substrate/Glints2/dict_0006_0061" 9585
"/Engine/EngineMaterials/Substrate/Glints2/dict_0006_0060" 9586
"/Engine/EngineMaterials/Substrate/Glints2/dict_0006_0058" 9587
"/Engine/EngineMaterials/Substrate/Glints2/dict_0006_0056" 9588
"/Engine/EngineMaterials/Substrate/Glints2/dict_0006_0080" 9589
"/Engine/EngineMaterials/Substrate/Glints2/dict_0006_0054" 9590
"/Engine/EngineMaterials/Substrate/Glints2/dict_0006_0077" 9591
"/Engine/EngineMaterials/Substrate/Glints2/dict_0006_0076" 9592
"../../../Engine/Content/EngineMaterials/Substrate/Glints2/dict_0006_0092.uasset" 9593
"../../../Engine/Content/EngineMaterials/Substrate/Glints2/dict_0006_0090.uasset" 9594
"../../../Engine/Content/EngineMaterials/Substrate/Glints2/dict_0006_0089.uasset" 9595
"../../../Engine/Content/EngineMaterials/Substrate/Glints2/dict_0006_0096.uasset" 9596
"../../../Engine/Content/EngineMaterials/Substrate/Glints2/dict_0006_0091.uasset" 9597
"../../../Engine/Content/EngineMaterials/Substrate/Glints2/dict_0006_0098.uasset" 9598
"../../../Engine/Content/EngineMaterials/Substrate/Glints2/dict_0006_0102.uasset" 9599
"../../../Engine/Content/EngineMaterials/Substrate/Glints2/dict_0006_0099.uasset" 9600
"../../../Engine/Content/EngineMaterials/Substrate/Glints2/dict_0006_0104.uasset" 9601
"../../../Engine/Content/EngineMaterials/Substrate/Glints2/dict_0006_0100.uasset" 9602
"../../../Engine/Content/EngineMaterials/Substrate/Glints2/dict_0006_0105.uasset" 9603
"../../../Engine/Content/EngineMaterials/Substrate/Glints2/dict_0006_0107.uasset" 9604
"../../../Engine/Content/EngineMaterials/Substrate/Glints2/dict_0006_0093.uasset" 9605
"../../../Engine/Content/EngineMaterials/Substrate/Glints2/dict_0006_0109.uasset" 9606
"../../../Engine/Content/EngineMaterials/Substrate/Glints2/dict_0006_0097.uasset" 9607
"../../../Engine/Content/EngineMaterials/Substrate/Glints2/dict_0006_0095.uasset" 9608
"../../../Engine/Content/EngineMaterials/Substrate/Glints2/dict_0006_0103.uasset" 9609
"../../../Engine/Content/EngineMaterials/Substrate/Glints2/dict_0006_0106.uasset" 9610
"/Engine/EngineMaterials/Substrate/Glints2/dict_0006_0088" 9611
"../../../Engine/Content/EngineMaterials/Substrate/Glints2/dict_0006_0094.uasset" 9612
"../../../Engine/Content/EngineMaterials/Substrate/Glints2/dict_0006_0108.uasset" 9613
"../../../Engine/Content/EngineMaterials/Substrate/Glints2/dict_0006_0110.uasset" 9614
"../../../Engine/Content/EngineMaterials/Substrate/Glints2/dict_0006_0101.uasset" 9615
"/Engine/EngineMaterials/Substrate/Glints2/dict_0006_0087" 9616
"/Engine/EngineMaterials/Substrate/Glints2/dict_0006_0086" 9617
"/Engine/EngineMaterials/Substrate/Glints2/dict_0006_0085" 9618
"/Engine/EngineMaterials/Substrate/Glints2/dict_0006_0084" 9619
"/Engine/EngineMaterials/Substrate/Glints2/dict_0006_0083" 9620
"/Engine/EngineMaterials/Substrate/Glints2/dict_0006_0082" 9621
"/Engine/EngineMaterials/Substrate/Glints2/dict_0006_0081" 9622
"/Engine/EngineMaterials/Substrate/Glints2/dict_0006_0092" 9623
"/Engine/EngineMaterials/Substrate/Glints2/dict_0006_0079" 9624
"/Engine/EngineMaterials/Substrate/Glints2/dict_0006_0078" 9625
"/Engine/EngineMaterials/Substrate/Glints2/dict_0006_0090" 9626
"/Engine/EngineMaterials/Substrate/Glints2/dict_0006_0089" 9627
"../../../Engine/Content/EngineMaterials/Substrate/Glints2/dict_0006_0111.uasset" 9628
"../../../Engine/Content/EngineMaterials/Substrate/Glints2/dict_0006_0112.uasset" 9629
"../../../Engine/Content/EngineMaterials/Substrate/Glints2/dict_0006_0114.uasset" 9630
"../../../Engine/Content/EngineMaterials/Substrate/Glints2/dict_0006_0115.uasset" 9631
"../../../Engine/Content/EngineMaterials/Substrate/Glints2/dict_0006_0118.uasset" 9632
"../../../Engine/Content/EngineMaterials/Substrate/Glints2/dict_0006_0123.uasset" 9633
"../../../Engine/Content/EngineMaterials/Substrate/Glints2/dict_0006_0120.uasset" 9634
"../../../Engine/Content/EngineMaterials/Substrate/Glints2/dict_0006_0116.uasset" 9635
"../../../Engine/Content/EngineMaterials/Substrate/Glints2/dict_0006_0121.uasset" 9636
"../../../Engine/Content/EngineMaterials/Substrate/Glints2/dict_0006_0119.uasset" 9637
"/Engine/EngineMaterials/Substrate/Glints2/dict_0006_0110" 9638
"../../../Engine/Content/EngineMaterials/Substrate/Glints2/dict_0006_0122.uasset" 9639
"../../../Engine/Content/EngineMaterials/Substrate/Glints2/dict_0006_0117.uasset" 9640
"../../../Engine/Content/EngineMaterials/Substrate/Glints2/dict_0006_0113.uasset" 9641
"/Engine/EngineMaterials/Substrate/Glints2/dict_0006_0109" 9642
"/Engine/EngineMaterials/Substrate/Glints2/dict_0006_0108" 9643
"/Engine/EngineMaterials/Substrate/Glints2/dict_0006_0107" 9644
"/Engine/EngineMaterials/Substrate/Glints2/dict_0006_0106" 9645
"/Engine/EngineMaterials/Substrate/Glints2/dict_0006_0105" 9646
"/Engine/EngineMaterials/Substrate/Glints2/dict_0006_0104" 9647
"/Engine/EngineMaterials/Substrate/Glints2/dict_0006_0103" 9648
"/Engine/EngineMaterials/Substrate/Glints2/dict_0006_0102" 9649
"/Engine/EngineMaterials/Substrate/Glints2/dict_0006_0101" 9650
"/Engine/EngineMaterials/Substrate/Glints2/dict_0006_0100" 9651
"/Engine/EngineMaterials/Substrate/Glints2/dict_0006_0099" 9652
"/Engine/EngineMaterials/Substrate/Glints2/dict_0006_0098" 9653
"/Engine/EngineMaterials/Substrate/Glints2/dict_0006_0097" 9654
"/Engine/EngineMaterials/Substrate/Glints2/dict_0006_0096" 9655
"/Engine/EngineMaterials/Substrate/Glints2/dict_0006_0095" 9656
"/Engine/EngineMaterials/Substrate/Glints2/dict_0006_0094" 9657
"/Engine/EngineMaterials/Substrate/Glints2/dict_0006_0093" 9658
"/Engine/EngineMaterials/Substrate/Glints2/dict_0006_0114" 9659
"/Engine/EngineMaterials/Substrate/Glints2/dict_0006_0091" 9660
"/Engine/EngineMaterials/Substrate/Glints2/dict_0006_0112" 9661
"/Engine/EngineMaterials/Substrate/Glints2/dict_0006_0111" 9662
"../../../Engine/Content/EngineMaterials/Substrate/Glints2/dict_0006_0124.uasset" 9663
"../../../Engine/Content/EngineMaterials/Substrate/Glints2/dict_0006_0129.uasset" 9664
"../../../Engine/Content/EngineMaterials/Substrate/Glints2/dict_0006_0133.uasset" 9665
"../../../Engine/Content/EngineMaterials/Substrate/Glints2/dict_0006_0132.uasset" 9666
"../../../Engine/Content/EngineMaterials/Substrate/Glints2/dict_0006_0134.uasset" 9667
"../../../Engine/Content/EngineMaterials/Substrate/Glints2/dict_0006_0137.uasset" 9668
"../../../Engine/Content/EngineMaterials/Substrate/Glints2/dict_0006_0130.uasset" 9669
"../../../Engine/Content/EngineMaterials/Substrate/Glints2/dict_0006_0135.uasset" 9670
"../../../Engine/Content/EngineMaterials/Substrate/Glints2/dict_0006_0140.uasset" 9671
"../../../Engine/Content/EngineMaterials/Substrate/Glints2/dict_0006_0139.uasset" 9672
"/Engine/EngineMaterials/Substrate/Glints2/dict_0006_0123" 9673
"../../../Engine/Content/EngineMaterials/Substrate/Glints2/dict_0006_0143.uasset" 9674
"../../../Engine/Content/EngineMaterials/Substrate/Glints2/dict_0006_0142.uasset" 9675
"../../../Engine/Content/EngineMaterials/Substrate/Glints2/dict_0006_0131.uasset" 9676
"../../../Engine/Content/EngineMaterials/Substrate/Glints2/dict_0006_0145.uasset" 9677
"../../../Engine/Content/EngineMaterials/Substrate/Glints2/dict_0006_0144.uasset" 9678
"../../../Engine/Content/EngineMaterials/Substrate/Glints2/dict_0006_0125.uasset" 9679
"../../../Engine/Content/EngineMaterials/Substrate/Glints2/dict_0006_0136.uasset" 9680
"../../../Engine/Content/EngineMaterials/Substrate/Glints2/dict_0006_0138.uasset" 9681
"../../../Engine/Content/EngineMaterials/Substrate/Glints2/dict_0006_0128.uasset" 9682
"../../../Engine/Content/EngineMaterials/Substrate/Glints2/dict_0006_0141.uasset" 9683
"../../../Engine/Content/EngineMaterials/Substrate/Glints2/dict_0006_0126.uasset" 9684
"../../../Engine/Content/EngineMaterials/Substrate/Glints2/dict_0006_0127.uasset" 9685
"/Engine/EngineMaterials/Substrate/Glints2/dict_0006_0122" 9686
"/Engine/EngineMaterials/Substrate/Glints2/dict_0006_0121" 9687
"/Engine/EngineMaterials/Substrate/Glints2/dict_0006_0133" 9688
"/Engine/EngineMaterials/Substrate/Glints2/dict_0006_0120" 9689
"/Engine/EngineMaterials/Substrate/Glints2/dict_0006_0119" 9690
"/Engine/EngineMaterials/Substrate/Glints2/dict_0006_0118" 9691
"/Engine/EngineMaterials/Substrate/Glints2/dict_0006_0117" 9692
"/Engine/EngineMaterials/Substrate/Glints2/dict_0006_0129" 9693
"/Engine/EngineMaterials/Substrate/Glints2/dict_0006_0116" 9694
"/Engine/EngineMaterials/Substrate/Glints2/dict_0006_0115" 9695
"/Engine/EngineMaterials/Substrate/Glints2/dict_0006_0113" 9696
"/Engine/EngineMaterials/Substrate/Glints2/dict_0006_0124" 9697
"../../../Engine/Content/EngineMaterials/Substrate/Glints2/dict_0006_0146.uasset" 9698
"../../../Engine/Content/EngineMaterials/Substrate/Glints2/dict_0006_0147.uasset" 9699
"../../../Engine/Content/EngineMaterials/Substrate/Glints2/dict_0006_0148.uasset" 9700
"../../../Engine/Content/EngineMaterials/Substrate/Glints2/dict_0006_0149.uasset" 9701
"../../../Engine/Content/EngineMaterials/Substrate/Glints2/dict_0006_0151.uasset" 9702
"../../../Engine/Content/EngineMaterials/Substrate/Glints2/dict_0006_0152.uasset" 9703
"../../../Engine/Content/EngineMaterials/Substrate/Glints2/dict_0006_0154.uasset" 9704
"../../../Engine/Content/EngineMaterials/Substrate/Glints2/dict_0006_0155.uasset" 9705
"../../../Engine/Content/EngineMaterials/Substrate/Glints2/dict_0006_0150.uasset" 9706
"../../../Engine/Content/EngineMaterials/Substrate/Glints2/dict_0006_0158.uasset" 9707
"../../../Engine/Content/EngineMaterials/Substrate/Glints2/dict_0006_0156.uasset" 9708
"../../../Engine/Content/EngineMaterials/Substrate/Glints2/dict_0006_0157.uasset" 9709
"../../../Engine/Content/EngineMaterials/Substrate/Glints2/dict_0006_0153.uasset" 9710
"/Engine/EngineMaterials/Substrate/Glints2/dict_0006_0145" 9711
"/Engine/EngineMaterials/Substrate/Glints2/dict_0006_0144" 9712
"/Engine/EngineMaterials/Substrate/Glints2/dict_0006_0143" 9713
"/Engine/EngineMaterials/Substrate/Glints2/dict_0006_0142" 9714
"/Engine/EngineMaterials/Substrate/Glints2/dict_0006_0141" 9715
"/Engine/EngineMaterials/Substrate/Glints2/dict_0006_0140" 9716
"/Engine/EngineMaterials/Substrate/Glints2/dict_0006_0139" 9717
"/Engine/EngineMaterials/Substrate/Glints2/dict_0006_0138" 9718
"/Engine/EngineMaterials/Substrate/Glints2/dict_0006_0137" 9719
"/Engine/EngineMaterials/Substrate/Glints2/dict_0006_0136" 9720
"/Engine/EngineMaterials/Substrate/Glints2/dict_0006_0135" 9721
"/Engine/EngineMaterials/Substrate/Glints2/dict_0006_0134" 9722
"/Engine/EngineMaterials/Substrate/Glints2/dict_0006_0132" 9723
"/Engine/EngineMaterials/Substrate/Glints2/dict_0006_0131" 9724
"/Engine/EngineMaterials/Substrate/Glints2/dict_0006_0130" 9725
"/Engine/EngineMaterials/Substrate/Glints2/dict_0006_0151" 9726
"/Engine/EngineMaterials/Substrate/Glints2/dict_0006_0149" 9727
"/Engine/EngineMaterials/Substrate/Glints2/dict_0006_0128" 9728
"/Engine/EngineMaterials/Substrate/Glints2/dict_0006_0148" 9729
"/Engine/EngineMaterials/Substrate/Glints2/dict_0006_0127" 9730
"/Engine/EngineMaterials/Substrate/Glints2/dict_0006_0126" 9731
"/Engine/EngineMaterials/Substrate/Glints2/dict_0006_0147" 9732
"/Engine/EngineMaterials/Substrate/Glints2/dict_0006_0125" 9733
"/Engine/EngineMaterials/Substrate/Glints2/dict_0006_0146" 9734
"../../../Engine/Content/EngineMaterials/Substrate/Glints2/dict_0006_0160.uasset" 9735
"../../../Engine/Content/EngineMaterials/Substrate/Glints2/dict_0006_0163.uasset" 9736
"../../../Engine/Content/EngineMaterials/Substrate/Glints2/dict_0006_0166.uasset" 9737
"../../../Engine/Content/EngineMaterials/Substrate/Glints2/dict_0006_0169.uasset" 9738
"../../../Engine/Content/EngineMaterials/Substrate/Glints2/dict_0006_0172.uasset" 9739
"../../../Engine/Content/EngineMaterials/Substrate/Glints2/dict_0006_0159.uasset" 9740
"../../../Engine/Content/EngineMaterials/Substrate/Glints2/dict_0006_0173.uasset" 9741
"../../../Engine/Content/EngineMaterials/Substrate/Glints2/dict_0006_0164.uasset" 9742
"../../../Engine/Content/EngineMaterials/Substrate/Glints2/dict_0006_0176.uasset" 9743
"../../../Engine/Content/EngineMaterials/Substrate/Glints2/dict_0006_0175.uasset" 9744
"../../../Engine/Content/EngineMaterials/Substrate/Glints2/dict_0006_0167.uasset" 9745
"../../../Engine/Content/EngineMaterials/Substrate/Glints2/dict_0006_0177.uasset" 9746
"../../../Engine/Content/EngineMaterials/Substrate/Glints2/dict_0006_0165.uasset" 9747
"../../../Engine/Content/EngineMaterials/Substrate/Glints2/dict_0006_0180.uasset" 9748
"../../../Engine/Content/EngineMaterials/Substrate/Glints2/dict_0006_0170.uasset" 9749
"../../../Engine/Content/EngineMaterials/Substrate/Glints2/dict_0006_0182.uasset" 9750
"../../../Engine/Content/EngineMaterials/Substrate/Glints2/dict_0006_0181.uasset" 9751
"../../../Engine/Content/EngineMaterials/Substrate/Glints2/dict_0006_0168.uasset" 9752
"../../../Engine/Content/EngineMaterials/Substrate/Glints2/dict_0006_0162.uasset" 9753
"../../../Engine/Content/EngineMaterials/Substrate/Glints2/dict_0006_0171.uasset" 9754
"../../../Engine/Content/EngineMaterials/Substrate/Glints2/dict_0006_0179.uasset" 9755
"../../../Engine/Content/EngineMaterials/Substrate/Glints2/dict_0006_0174.uasset" 9756
"/Engine/EngineMaterials/Substrate/Glints2/dict_0006_0158" 9757
"../../../Engine/Content/EngineMaterials/Substrate/Glints2/dict_0006_0178.uasset" 9758
"../../../Engine/Content/EngineMaterials/Substrate/Glints2/dict_0006_0161.uasset" 9759
"/Engine/EngineMaterials/Substrate/Glints2/dict_0006_0157" 9760
"/Engine/EngineMaterials/Substrate/Glints2/dict_0006_0156" 9761
"/Engine/EngineMaterials/Substrate/Glints2/dict_0006_0155" 9762
"/Engine/EngineMaterials/Substrate/Glints2/dict_0006_0154" 9763
"/Engine/EngineMaterials/Substrate/Glints2/dict_0006_0153" 9764
"/Engine/EngineMaterials/Substrate/Glints2/dict_0006_0169" 9765
"/Engine/EngineMaterials/Substrate/Glints2/dict_0006_0152" 9766
"/Engine/EngineMaterials/Substrate/Glints2/dict_0006_0150" 9767
"/Engine/EngineMaterials/Substrate/Glints2/dict_0006_0166" 9768
"/Engine/EngineMaterials/Substrate/Glints2/dict_0006_0163" 9769
"/Engine/EngineMaterials/Substrate/Glints2/dict_0006_0160" 9770
"../../../Engine/Content/EngineMaterials/Substrate/Glints2/dict_0006_0183.uasset" 9771
"../../../Engine/Content/EngineMaterials/Substrate/Glints2/dict_0006_0185.uasset" 9772
"../../../Engine/Content/EngineMaterials/Substrate/Glints2/dict_0006_0187.uasset" 9773
"../../../Engine/Content/EngineMaterials/Substrate/Glints2/dict_0006_0192.uasset" 9774
"../../../Engine/Content/EngineMaterials/Substrate/Glints2/dict_0006_0186.uasset" 9775
"../../../Engine/Content/EngineMaterials/Substrate/Glints2/dict_0006_0194.uasset" 9776
"../../../Engine/Content/EngineMaterials/Substrate/Glints2/dict_0006_0190.uasset" 9777
"../../../Engine/Content/EngineMaterials/Substrate/Glints2/dict_0006_0184.uasset" 9778
"/Engine/EngineMaterials/Substrate/Glints2/dict_0006_0182" 9779
"../../../Engine/Content/EngineMaterials/Substrate/Glints2/dict_0006_0193.uasset" 9780
"../../../Engine/Content/EngineMaterials/Substrate/Glints2/dict_0006_0188.uasset" 9781
"../../../Engine/Content/EngineMaterials/Substrate/Glints2/dict_0006_0189.uasset" 9782
"../../../Engine/Content/EngineMaterials/Substrate/Glints2/dict_0006_0191.uasset" 9783
"/Engine/EngineMaterials/Substrate/Glints2/dict_0006_0181" 9784
"/Engine/EngineMaterials/Substrate/Glints2/dict_0006_0180" 9785
"/Engine/EngineMaterials/Substrate/Glints2/dict_0006_0179" 9786
"/Engine/EngineMaterials/Substrate/Glints2/dict_0006_0178" 9787
"/Engine/EngineMaterials/Substrate/Glints2/dict_0006_0177" 9788
"/Engine/EngineMaterials/Substrate/Glints2/dict_0006_0176" 9789
"/Engine/EngineMaterials/Substrate/Glints2/dict_0006_0175" 9790
"/Engine/EngineMaterials/Substrate/Glints2/dict_0006_0174" 9791
"/Engine/EngineMaterials/Substrate/Glints2/dict_0006_0173" 9792
"/Engine/EngineMaterials/Substrate/Glints2/dict_0006_0172" 9793
"/Engine/EngineMaterials/Substrate/Glints2/dict_0006_0171" 9794
"/Engine/EngineMaterials/Substrate/Glints2/dict_0006_0170" 9795
"/Engine/EngineMaterials/Substrate/Glints2/dict_0006_0168" 9796
"/Engine/EngineMaterials/Substrate/Glints2/dict_0006_0167" 9797
"/Engine/EngineMaterials/Substrate/Glints2/dict_0006_0185" 9798
"/Engine/EngineMaterials/Substrate/Glints2/dict_0006_0165" 9799
"/Engine/EngineMaterials/Substrate/Glints2/dict_0006_0164" 9800
"/Engine/EngineMaterials/Substrate/Glints2/dict_0006_0162" 9801
"/Engine/EngineMaterials/Substrate/Glints2/dict_0006_0161" 9802
"/Engine/EngineMaterials/Substrate/Glints2/dict_0006_0183" 9803
"/Engine/EngineMaterials/Substrate/Glints2/dict_0006_0159" 9804
"../../../Engine/Content/EngineMaterials/Substrate/Glints2/dict_0006_0195.uasset" 9805
"../../../Engine/Content/EngineMaterials/Substrate/Glints2/dict_0006_0196.uasset" 9806
"../../../Engine/Content/EngineMaterials/Substrate/Glints2/dict_0006_0198.uasset" 9807
"../../../Engine/Content/EngineMaterials/Substrate/Glints2/dict_0006_0199.uasset" 9808
"../../../Engine/Content/EngineMaterials/Substrate/Glints2/dict_0006_0204.uasset" 9809
"../../../Engine/Content/EngineMaterials/Substrate/Glints2/dict_0006_0203.uasset" 9810
"../../../Engine/Content/EngineMaterials/Substrate/Glints2/dict_0006_0206.uasset" 9811
"../../../Engine/Content/EngineMaterials/Substrate/Glints2/dict_0006_0208.uasset" 9812
"../../../Engine/Content/EngineMaterials/Substrate/Glints2/dict_0006_0210.uasset" 9813
"../../../Engine/Content/EngineMaterials/Substrate/Glints2/dict_0006_0209.uasset" 9814
"../../../Engine/Content/EngineMaterials/Substrate/Glints2/dict_0006_0213.uasset" 9815
"../../../Engine/Content/EngineMaterials/Substrate/Glints2/dict_0006_0202.uasset" 9816
"/Engine/EngineMaterials/Substrate/Glints2/dict_0006_0194" 9817
"../../../Engine/Content/EngineMaterials/Substrate/Glints2/dict_0006_0215.uasset" 9818
"../../../Engine/Content/EngineMaterials/Substrate/Glints2/dict_0006_0197.uasset" 9819
"../../../Engine/Content/EngineMaterials/Substrate/Glints2/dict_0006_0200.uasset" 9820
"../../../Engine/Content/EngineMaterials/Substrate/Glints2/dict_0006_0205.uasset" 9821
"../../../Engine/Content/EngineMaterials/Substrate/Glints2/dict_0006_0201.uasset" 9822
"../../../Engine/Content/EngineMaterials/Substrate/Glints2/dict_0006_0211.uasset" 9823
"/Engine/EngineMaterials/Substrate/Glints2/dict_0006_0193" 9824
"../../../Engine/Content/EngineMaterials/Substrate/Glints2/dict_0006_0212.uasset" 9825
"../../../Engine/Content/EngineMaterials/Substrate/Glints2/dict_0006_0214.uasset" 9826
"../../../Engine/Content/EngineMaterials/Substrate/Glints2/dict_0006_0207.uasset" 9827
"../../../Engine/Content/EngineMaterials/Substrate/Glints2/dict_0006_0216.uasset" 9828
"/Engine/EngineMaterials/Substrate/Glints2/dict_0006_0192" 9829
"/Engine/EngineMaterials/Substrate/Glints2/dict_0006_0191" 9830
"/Engine/EngineMaterials/Substrate/Glints2/dict_0006_0190" 9831
"/Engine/EngineMaterials/Substrate/Glints2/dict_0006_0189" 9832
"/Engine/EngineMaterials/Substrate/Glints2/dict_0006_0188" 9833
"/Engine/EngineMaterials/Substrate/Glints2/dict_0006_0187" 9834
"/Engine/EngineMaterials/Substrate/Glints2/dict_0006_0186" 9835
"/Engine/EngineMaterials/Substrate/Glints2/dict_0006_0199" 9836
"/Engine/EngineMaterials/Substrate/Glints2/dict_0006_0184" 9837
"/Engine/EngineMaterials/Substrate/Glints2/dict_0006_0198" 9838
"/Engine/EngineMaterials/Substrate/Glints2/dict_0006_0196" 9839
"/Engine/EngineMaterials/Substrate/Glints2/dict_0006_0195" 9840
"../../../Engine/Content/EngineMaterials/Substrate/Glints2/dict_0006_0217.uasset" 9841
"../../../Engine/Content/EngineMaterials/Substrate/Glints2/dict_0006_0218.uasset" 9842
"../../../Engine/Content/EngineMaterials/Substrate/Glints2/dict_0006_0221.uasset" 9843
"../../../Engine/Content/EngineMaterials/Substrate/Glints2/dict_0006_0220.uasset" 9844
"../../../Engine/Content/EngineMaterials/Substrate/Glints2/dict_0006_0219.uasset" 9845
"../../../Engine/Content/EngineMaterials/Substrate/Glints2/dict_0006_0225.uasset" 9846
"../../../Engine/Content/EngineMaterials/Substrate/Glints2/dict_0006_0226.uasset" 9847
"../../../Engine/Content/EngineMaterials/Substrate/Glints2/dict_0006_0227.uasset" 9848
"../../../Engine/Content/EngineMaterials/Substrate/Glints2/dict_0006_0224.uasset" 9849
"../../../Engine/Content/EngineMaterials/Substrate/Glints2/dict_0006_0223.uasset" 9850
"/Engine/EngineMaterials/Substrate/Glints2/dict_0006_0216" 9851
"../../../Engine/Content/EngineMaterials/Substrate/Glints2/dict_0006_0228.uasset" 9852
"../../../Engine/Content/EngineMaterials/Substrate/Glints2/dict_0006_0230.uasset" 9853
"../../../Engine/Content/EngineMaterials/Substrate/Glints2/dict_0006_0229.uasset" 9854
"../../../Engine/Content/EngineMaterials/Substrate/Glints2/dict_0006_0222.uasset" 9855
"/Engine/EngineMaterials/Substrate/Glints2/dict_0006_0215" 9856
"/Engine/EngineMaterials/Substrate/Glints2/dict_0006_0214" 9857
"/Engine/EngineMaterials/Substrate/Glints2/dict_0006_0213" 9858
"/Engine/EngineMaterials/Substrate/Glints2/dict_0006_0212" 9859
"/Engine/EngineMaterials/Substrate/Glints2/dict_0006_0211" 9860
"/Engine/EngineMaterials/Substrate/Glints2/dict_0006_0210" 9861
"/Engine/EngineMaterials/Substrate/Glints2/dict_0006_0209" 9862
"/Engine/EngineMaterials/Substrate/Glints2/dict_0006_0208" 9863
"/Engine/EngineMaterials/Substrate/Glints2/dict_0006_0207" 9864
"/Engine/EngineMaterials/Substrate/Glints2/dict_0006_0206" 9865
"/Engine/EngineMaterials/Substrate/Glints2/dict_0006_0205" 9866
"/Engine/EngineMaterials/Substrate/Glints2/dict_0006_0204" 9867
"/Engine/EngineMaterials/Substrate/Glints2/dict_0006_0203" 9868
"/Engine/EngineMaterials/Substrate/Glints2/dict_0006_0202" 9869
"/Engine/EngineMaterials/Substrate/Glints2/dict_0006_0201" 9870
"/Engine/EngineMaterials/Substrate/Glints2/dict_0006_0200" 9871
"/Engine/EngineMaterials/Substrate/Glints2/dict_0006_0221" 9872
"/Engine/EngineMaterials/Substrate/Glints2/dict_0006_0220" 9873
"/Engine/EngineMaterials/Substrate/Glints2/dict_0006_0219" 9874
"/Engine/EngineMaterials/Substrate/Glints2/dict_0006_0197" 9875
"/Engine/EngineMaterials/Substrate/Glints2/dict_0006_0218" 9876
"/Engine/EngineMaterials/Substrate/Glints2/dict_0006_0217" 9877
"../../../Engine/Content/EngineMaterials/Substrate/Glints2/dict_0006_0231.uasset" 9878
"../../../Engine/Content/EngineMaterials/Substrate/Glints2/dict_0006_0234.uasset" 9879
"../../../Engine/Content/EngineMaterials/Substrate/Glints2/dict_0006_0233.uasset" 9880
"../../../Engine/Content/EngineMaterials/Substrate/Glints2/dict_0006_0236.uasset" 9881
"../../../Engine/Content/EngineMaterials/Substrate/Glints2/dict_0006_0235.uasset" 9882
"../../../Engine/Content/EngineMaterials/Substrate/Glints2/dict_0006_0232.uasset" 9883
"../../../Engine/Content/EngineMaterials/Substrate/Glints2/dict_0006_0240.uasset" 9884
"../../../Engine/Content/EngineMaterials/Substrate/Glints2/dict_0006_0244.uasset" 9885
"../../../Engine/Content/EngineMaterials/Substrate/Glints2/dict_0006_0245.uasset" 9886
"../../../Engine/Content/EngineMaterials/Substrate/Glints2/dict_0006_0246.uasset" 9887
"../../../Engine/Content/EngineMaterials/Substrate/Glints2/dict_0006_0239.uasset" 9888
"../../../Engine/Content/EngineMaterials/Substrate/Glints2/dict_0006_0249.uasset" 9889
"../../../Engine/Content/EngineMaterials/Substrate/Glints2/dict_0006_0241.uasset" 9890
"../../../Engine/Content/EngineMaterials/Substrate/Glints2/dict_0006_0252.uasset" 9891
"../../../Engine/Content/EngineMaterials/Substrate/Glints2/dict_0006_0238.uasset" 9892
"../../../Engine/Content/EngineMaterials/Substrate/Glints2/dict_0006_0253.uasset" 9893
"../../../Engine/Content/EngineMaterials/Substrate/Glints2/dict_0006_0248.uasset" 9894
"../../../Engine/Content/EngineMaterials/Substrate/Glints2/dict_0006_0247.uasset" 9895
"../../../Engine/Content/EngineMaterials/Substrate/Glints2/dict_0006_0237.uasset" 9896
"../../../Engine/Content/EngineMaterials/Substrate/Glints2/dict_0006_0242.uasset" 9897
"/Engine/EngineMaterials/Substrate/Glints2/dict_0006_0230" 9898
"../../../Engine/Content/EngineMaterials/Substrate/Glints2/dict_0006_0250.uasset" 9899
"../../../Engine/Content/EngineMaterials/Substrate/Glints2/dict_0006_0251.uasset" 9900
"../../../Engine/Content/EngineMaterials/Substrate/Glints2/dict_0006_0243.uasset" 9901
"/Engine/EngineMaterials/Substrate/Glints2/dict_0006_0229" 9902
"/Engine/EngineMaterials/Substrate/Glints2/dict_0006_0228" 9903
"/Engine/EngineMaterials/Substrate/Glints2/dict_0006_0227" 9904
"/Engine/EngineMaterials/Substrate/Glints2/dict_0006_0226" 9905
"/Engine/EngineMaterials/Substrate/Glints2/dict_0006_0225" 9906
"/Engine/EngineMaterials/Substrate/Glints2/dict_0006_0224" 9907
"/Engine/EngineMaterials/Substrate/Glints2/dict_0006_0223" 9908
"/Engine/EngineMaterials/Substrate/Glints2/dict_0006_0222" 9909
"/Engine/EngineMaterials/Substrate/Glints2/dict_0006_0236" 9910
"/Engine/EngineMaterials/Substrate/Glints2/dict_0006_0235" 9911
"/Engine/EngineMaterials/Substrate/Glints2/dict_0006_0234" 9912
"/Engine/EngineMaterials/Substrate/Glints2/dict_0006_0233" 9913
"/Engine/EngineMaterials/Substrate/Glints2/dict_0006_0232" 9914
"/Engine/EngineMaterials/Substrate/Glints2/dict_0006_0231" 9915
"../../../Engine/Content/EngineMaterials/Substrate/Glints2/dict_0006_0255.uasset" 9916
"../../../Engine/Content/EngineMaterials/Substrate/Glints2/dict_0007_0000.uasset" 9917
"../../../Engine/Content/EngineMaterials/Substrate/Glints2/dict_0007_0005.uasset" 9918
"../../../Engine/Content/EngineMaterials/Substrate/Glints2/dict_0007_0004.uasset" 9919
"../../../Engine/Content/EngineMaterials/Substrate/Glints2/dict_0007_0002.uasset" 9920
"../../../Engine/Content/EngineMaterials/Substrate/Glints2/dict_0007_0010.uasset" 9921
"../../../Engine/Content/EngineMaterials/Substrate/Glints2/dict_0007_0009.uasset" 9922
"../../../Engine/Content/EngineMaterials/Substrate/Glints2/dict_0007_0012.uasset" 9923
"../../../Engine/Content/EngineMaterials/Substrate/Glints2/dict_0007_0011.uasset" 9924
"../../../Engine/Content/EngineMaterials/Substrate/Glints2/dict_0007_0003.uasset" 9925
"/Engine/EngineMaterials/Substrate/Glints2/dict_0006_0253" 9926
"../../../Engine/Content/EngineMaterials/Substrate/Glints2/dict_0006_0254.uasset" 9927
"../../../Engine/Content/EngineMaterials/Substrate/Glints2/dict_0007_0006.uasset" 9928
"../../../Engine/Content/EngineMaterials/Substrate/Glints2/dict_0007_0001.uasset" 9929
"../../../Engine/Content/EngineMaterials/Substrate/Glints2/dict_0007_0007.uasset" 9930
"../../../Engine/Content/EngineMaterials/Substrate/Glints2/dict_0007_0008.uasset" 9931
"/Engine/EngineMaterials/Substrate/Glints2/dict_0006_0252" 9932
"/Engine/EngineMaterials/Substrate/Glints2/dict_0006_0251" 9933
"/Engine/EngineMaterials/Substrate/Glints2/dict_0006_0250" 9934
"/Engine/EngineMaterials/Substrate/Glints2/dict_0006_0249" 9935
"/Engine/EngineMaterials/Substrate/Glints2/dict_0006_0248" 9936
"/Engine/EngineMaterials/Substrate/Glints2/dict_0006_0247" 9937
"/Engine/EngineMaterials/Substrate/Glints2/dict_0006_0246" 9938
"/Engine/EngineMaterials/Substrate/Glints2/dict_0006_0245" 9939
"/Engine/EngineMaterials/Substrate/Glints2/dict_0006_0244" 9940
"/Engine/EngineMaterials/Substrate/Glints2/dict_0006_0243" 9941
"/Engine/EngineMaterials/Substrate/Glints2/dict_0006_0242" 9942
"/Engine/EngineMaterials/Substrate/Glints2/dict_0006_0241" 9943
"/Engine/EngineMaterials/Substrate/Glints2/dict_0007_0005" 9944
"/Engine/EngineMaterials/Substrate/Glints2/dict_0006_0240" 9945
"/Engine/EngineMaterials/Substrate/Glints2/dict_0006_0239" 9946
"/Engine/EngineMaterials/Substrate/Glints2/dict_0007_0004" 9947
"/Engine/EngineMaterials/Substrate/Glints2/dict_0006_0238" 9948
"/Engine/EngineMaterials/Substrate/Glints2/dict_0006_0237" 9949
"/Engine/EngineMaterials/Substrate/Glints2/dict_0007_0002" 9950
"/Engine/EngineMaterials/Substrate/Glints2/dict_0007_0000" 9951
"/Engine/EngineMaterials/Substrate/Glints2/dict_0006_0255" 9952
"../../../Engine/Content/EngineMaterials/Substrate/Glints2/dict_0007_0014.uasset" 9953
"../../../Engine/Content/EngineMaterials/Substrate/Glints2/dict_0007_0016.uasset" 9954
"../../../Engine/Content/EngineMaterials/Substrate/Glints2/dict_0007_0015.uasset" 9955
"../../../Engine/Content/EngineMaterials/Substrate/Glints2/dict_0007_0021.uasset" 9956
"../../../Engine/Content/EngineMaterials/Substrate/Glints2/dict_0007_0013.uasset" 9957
"../../../Engine/Content/EngineMaterials/Substrate/Glints2/dict_0007_0022.uasset" 9958
"../../../Engine/Content/EngineMaterials/Substrate/Glints2/dict_0007_0026.uasset" 9959
"../../../Engine/Content/EngineMaterials/Substrate/Glints2/dict_0007_0023.uasset" 9960
"../../../Engine/Content/EngineMaterials/Substrate/Glints2/dict_0007_0017.uasset" 9961
"../../../Engine/Content/EngineMaterials/Substrate/Glints2/dict_0007_0030.uasset" 9962
"../../../Engine/Content/EngineMaterials/Substrate/Glints2/dict_0007_0029.uasset" 9963
"../../../Engine/Content/EngineMaterials/Substrate/Glints2/dict_0007_0031.uasset" 9964
"../../../Engine/Content/EngineMaterials/Substrate/Glints2/dict_0007_0025.uasset" 9965
"../../../Engine/Content/EngineMaterials/Substrate/Glints2/dict_0007_0020.uasset" 9966
"../../../Engine/Content/EngineMaterials/Substrate/Glints2/dict_0007_0027.uasset" 9967
"../../../Engine/Content/EngineMaterials/Substrate/Glints2/dict_0007_0018.uasset" 9968
"../../../Engine/Content/EngineMaterials/Substrate/Glints2/dict_0007_0028.uasset" 9969
"../../../Engine/Content/EngineMaterials/Substrate/Glints2/dict_0007_0019.uasset" 9970
"../../../Engine/Content/EngineMaterials/Substrate/Glints2/dict_0007_0024.uasset" 9971
"../../../Engine/Content/EngineMaterials/Substrate/Glints2/dict_0007_0032.uasset" 9972
"../../../Engine/Content/EngineMaterials/Substrate/Glints2/dict_0007_0033.uasset" 9973
"../../../Engine/Content/EngineMaterials/Substrate/Glints2/dict_0007_0034.uasset" 9974
"/Engine/EngineMaterials/Substrate/Glints2/dict_0007_0012" 9975
"/Engine/EngineMaterials/Substrate/Glints2/dict_0007_0011" 9976
"/Engine/EngineMaterials/Substrate/Glints2/dict_0007_0010" 9977
"/Engine/EngineMaterials/Substrate/Glints2/dict_0007_0009" 9978
"/Engine/EngineMaterials/Substrate/Glints2/dict_0007_0008" 9979
"/Engine/EngineMaterials/Substrate/Glints2/dict_0007_0007" 9980
"/Engine/EngineMaterials/Substrate/Glints2/dict_0007_0006" 9981
"/Engine/EngineMaterials/Substrate/Glints2/dict_0007_0021" 9982
"/Engine/EngineMaterials/Substrate/Glints2/dict_0007_0016" 9983
"/Engine/EngineMaterials/Substrate/Glints2/dict_0007_0003" 9984
"/Engine/EngineMaterials/Substrate/Glints2/dict_0007_0015" 9985
"/Engine/EngineMaterials/Substrate/Glints2/dict_0007_0001" 9986
"/Engine/EngineMaterials/Substrate/Glints2/dict_0007_0014" 9987
"/Engine/EngineMaterials/Substrate/Glints2/dict_0007_0013" 9988
"/Engine/EngineMaterials/Substrate/Glints2/dict_0006_0254" 9989
"../../../Engine/Content/EngineMaterials/Substrate/Glints2/dict_0007_0035.uasset" 9990
"../../../Engine/Content/EngineMaterials/Substrate/Glints2/dict_0007_0037.uasset" 9991
"../../../Engine/Content/EngineMaterials/Substrate/Glints2/dict_0007_0036.uasset" 9992
"../../../Engine/Content/EngineMaterials/Substrate/Glints2/dict_0007_0038.uasset" 9993
"../../../Engine/Content/EngineMaterials/Substrate/Glints2/dict_0007_0041.uasset" 9994
"../../../Engine/Content/EngineMaterials/Substrate/Glints2/dict_0007_0042.uasset" 9995
"../../../Engine/Content/EngineMaterials/Substrate/Glints2/dict_0007_0044.uasset" 9996
"../../../Engine/Content/EngineMaterials/Substrate/Glints2/dict_0007_0045.uasset" 9997
"../../../Engine/Content/EngineMaterials/Substrate/Glints2/dict_0007_0040.uasset" 9998
"../../../Engine/Content/EngineMaterials/Substrate/Glints2/dict_0007_0047.uasset" 9999
"../../../Engine/Content/EngineMaterials/Substrate/Glints2/dict_0007_0046.uasset" 10000
"../../../Engine/Content/EngineMaterials/Substrate/Glints2/dict_0007_0039.uasset" 10001
"/Engine/EngineMaterials/Substrate/Glints2/dict_0007_0034" 10002
"../../../Engine/Content/EngineMaterials/Substrate/Glints2/dict_0007_0048.uasset" 10003
"../../../Engine/Content/EngineMaterials/Substrate/Glints2/dict_0007_0049.uasset" 10004
"../../../Engine/Content/EngineMaterials/Substrate/Glints2/dict_0007_0043.uasset" 10005
"/Engine/EngineMaterials/Substrate/Glints2/dict_0007_0033" 10006
"/Engine/EngineMaterials/Substrate/Glints2/dict_0007_0032" 10007
"/Engine/EngineMaterials/Substrate/Glints2/dict_0007_0031" 10008
"/Engine/EngineMaterials/Substrate/Glints2/dict_0007_0030" 10009
"/Engine/EngineMaterials/Substrate/Glints2/dict_0007_0029" 10010
"/Engine/EngineMaterials/Substrate/Glints2/dict_0007_0028" 10011
"/Engine/EngineMaterials/Substrate/Glints2/dict_0007_0027" 10012
"/Engine/EngineMaterials/Substrate/Glints2/dict_0007_0026" 10013
"/Engine/EngineMaterials/Substrate/Glints2/dict_0007_0025" 10014
"/Engine/EngineMaterials/Substrate/Glints2/dict_0007_0024" 10015
"/Engine/EngineMaterials/Substrate/Glints2/dict_0007_0023" 10016
"/Engine/EngineMaterials/Substrate/Glints2/dict_0007_0022" 10017
"/Engine/EngineMaterials/Substrate/Glints2/dict_0007_0042" 10018
"/Engine/EngineMaterials/Substrate/Glints2/dict_0007_0020" 10019
"/Engine/EngineMaterials/Substrate/Glints2/dict_0007_0019" 10020
"/Engine/EngineMaterials/Substrate/Glints2/dict_0007_0018" 10021
"/Engine/EngineMaterials/Substrate/Glints2/dict_0007_0017" 10022
"/Engine/EngineMaterials/Substrate/Glints2/dict_0007_0041" 10023
"/Engine/EngineMaterials/Substrate/Glints2/dict_0007_0038" 10024
"/Engine/EngineMaterials/Substrate/Glints2/dict_0007_0037" 10025
"/Engine/EngineMaterials/Substrate/Glints2/dict_0007_0036" 10026
"/Engine/EngineMaterials/Substrate/Glints2/dict_0007_0035" 10027
"../../../Engine/Content/EngineMaterials/Substrate/Glints2/dict_0007_0051.uasset" 10028
"../../../Engine/Content/EngineMaterials/Substrate/Glints2/dict_0007_0052.uasset" 10029
"../../../Engine/Content/EngineMaterials/Substrate/Glints2/dict_0007_0050.uasset" 10030
"../../../Engine/Content/EngineMaterials/Substrate/Glints2/dict_0007_0056.uasset" 10031
"../../../Engine/Content/EngineMaterials/Substrate/Glints2/dict_0007_0058.uasset" 10032
"../../../Engine/Content/EngineMaterials/Substrate/Glints2/dict_0007_0059.uasset" 10033
"../../../Engine/Content/EngineMaterials/Substrate/Glints2/dict_0007_0063.uasset" 10034
"../../../Engine/Content/EngineMaterials/Substrate/Glints2/dict_0007_0055.uasset" 10035
"../../../Engine/Content/EngineMaterials/Substrate/Glints2/dict_0007_0064.uasset" 10036
"../../../Engine/Content/EngineMaterials/Substrate/Glints2/dict_0007_0065.uasset" 10037
"../../../Engine/Content/EngineMaterials/Substrate/Glints2/dict_0007_0067.uasset" 10038
"/Engine/EngineMaterials/Substrate/Glints2/dict_0007_0049" 10039
"../../../Engine/Content/EngineMaterials/Substrate/Glints2/dict_0007_0053.uasset" 10040
"../../../Engine/Content/EngineMaterials/Substrate/Glints2/dict_0007_0070.uasset" 10041
"../../../Engine/Content/EngineMaterials/Substrate/Glints2/dict_0007_0054.uasset" 10042
"../../../Engine/Content/EngineMaterials/Substrate/Glints2/dict_0007_0062.uasset" 10043
"../../../Engine/Content/EngineMaterials/Substrate/Glints2/dict_0007_0066.uasset" 10044
"../../../Engine/Content/EngineMaterials/Substrate/Glints2/dict_0007_0057.uasset" 10045
"../../../Engine/Content/EngineMaterials/Substrate/Glints2/dict_0007_0068.uasset" 10046
"../../../Engine/Content/EngineMaterials/Substrate/Glints2/dict_0007_0060.uasset" 10047
"../../../Engine/Content/EngineMaterials/Substrate/Glints2/dict_0007_0069.uasset" 10048
"../../../Engine/Content/EngineMaterials/Substrate/Glints2/dict_0007_0071.uasset" 10049
"../../../Engine/Content/EngineMaterials/Substrate/Glints2/dict_0007_0061.uasset" 10050
"../../../Engine/Content/EngineMaterials/Substrate/Glints2/dict_0007_0072.uasset" 10051
"/Engine/EngineMaterials/Substrate/Glints2/dict_0007_0048" 10052
"/Engine/EngineMaterials/Substrate/Glints2/dict_0007_0047" 10053
"/Engine/EngineMaterials/Substrate/Glints2/dict_0007_0046" 10054
"/Engine/EngineMaterials/Substrate/Glints2/dict_0007_0045" 10055
"/Engine/EngineMaterials/Substrate/Glints2/dict_0007_0044" 10056
"/Engine/EngineMaterials/Substrate/Glints2/dict_0007_0043" 10057
"/Engine/EngineMaterials/Substrate/Glints2/dict_0007_0040" 10058
"/Engine/EngineMaterials/Substrate/Glints2/dict_0007_0039" 10059
"/Engine/EngineMaterials/Substrate/Glints2/dict_0007_0052" 10060
"/Engine/EngineMaterials/Substrate/Glints2/dict_0007_0051" 10061
"/Engine/EngineMaterials/Substrate/Glints2/dict_0007_0050" 10062
"../../../Engine/Content/EngineMaterials/Substrate/Glints2/dict_0007_0073.uasset" 10063
"../../../Engine/Content/EngineMaterials/Substrate/Glints2/dict_0007_0074.uasset" 10064
"../../../Engine/Content/EngineMaterials/Substrate/Glints2/dict_0007_0075.uasset" 10065
"../../../Engine/Content/EngineMaterials/Substrate/Glints2/dict_0007_0076.uasset" 10066
"../../../Engine/Content/EngineMaterials/Substrate/Glints2/dict_0007_0078.uasset" 10067
"../../../Engine/Content/EngineMaterials/Substrate/Glints2/dict_0007_0079.uasset" 10068
"../../../Engine/Content/EngineMaterials/Substrate/Glints2/dict_0007_0077.uasset" 10069
"../../../Engine/Content/EngineMaterials/Substrate/Glints2/dict_0007_0084.uasset" 10070
"../../../Engine/Content/EngineMaterials/Substrate/Glints2/dict_0007_0082.uasset" 10071
"../../../Engine/Content/EngineMaterials/Substrate/Glints2/dict_0007_0080.uasset" 10072
"../../../Engine/Content/EngineMaterials/Substrate/Glints2/dict_0007_0081.uasset" 10073
"/Engine/EngineMaterials/Substrate/Glints2/dict_0007_0072" 10074
"../../../Engine/Content/EngineMaterials/Substrate/Glints2/dict_0007_0083.uasset" 10075
"/Engine/EngineMaterials/Substrate/Glints2/dict_0007_0071" 10076
"/Engine/EngineMaterials/Substrate/Glints2/dict_0007_0070" 10077
"/Engine/EngineMaterials/Substrate/Glints2/dict_0007_0069" 10078
"/Engine/EngineMaterials/Substrate/Glints2/dict_0007_0068" 10079
"/Engine/EngineMaterials/Substrate/Glints2/dict_0007_0067" 10080
"/Engine/EngineMaterials/Substrate/Glints2/dict_0007_0066" 10081
"/Engine/EngineMaterials/Substrate/Glints2/dict_0007_0065" 10082
"/Engine/EngineMaterials/Substrate/Glints2/dict_0007_0064" 10083
"/Engine/EngineMaterials/Substrate/Glints2/dict_0007_0063" 10084
"/Engine/EngineMaterials/Substrate/Glints2/dict_0007_0062" 10085
"/Engine/EngineMaterials/Substrate/Glints2/dict_0007_0061" 10086
"/Engine/EngineMaterials/Substrate/Glints2/dict_0007_0060" 10087
"/Engine/EngineMaterials/Substrate/Glints2/dict_0007_0078" 10088
"/Engine/EngineMaterials/Substrate/Glints2/dict_0007_0059" 10089
"/Engine/EngineMaterials/Substrate/Glints2/dict_0007_0058" 10090
"/Engine/EngineMaterials/Substrate/Glints2/dict_0007_0057" 10091
"/Engine/EngineMaterials/Substrate/Glints2/dict_0007_0056" 10092
"/Engine/EngineMaterials/Substrate/Glints2/dict_0007_0055" 10093
"/Engine/EngineMaterials/Substrate/Glints2/dict_0007_0054" 10094
"/Engine/EngineMaterials/Substrate/Glints2/dict_0007_0077" 10095
"/Engine/EngineMaterials/Substrate/Glints2/dict_0007_0076" 10096
"/Engine/EngineMaterials/Substrate/Glints2/dict_0007_0053" 10097
"/Engine/EngineMaterials/Substrate/Glints2/dict_0007_0075" 10098
"/Engine/EngineMaterials/Substrate/Glints2/dict_0007_0074" 10099
"/Engine/EngineMaterials/Substrate/Glints2/dict_0007_0073" 10100
"../../../Engine/Content/EngineMaterials/Substrate/Glints2/dict_0007_0085.uasset" 10101
"../../../Engine/Content/EngineMaterials/Substrate/Glints2/dict_0007_0086.uasset" 10102
"../../../Engine/Content/EngineMaterials/Substrate/Glints2/dict_0007_0087.uasset" 10103
"../../../Engine/Content/EngineMaterials/Substrate/Glints2/dict_0007_0088.uasset" 10104
"../../../Engine/Content/EngineMaterials/Substrate/Glints2/dict_0007_0092.uasset" 10105
"../../../Engine/Content/EngineMaterials/Substrate/Glints2/dict_0007_0091.uasset" 10106
"../../../Engine/Content/EngineMaterials/Substrate/Glints2/dict_0007_0093.uasset" 10107
"../../../Engine/Content/EngineMaterials/Substrate/Glints2/dict_0007_0100.uasset" 10108
"../../../Engine/Content/EngineMaterials/Substrate/Glints2/dict_0007_0090.uasset" 10109
"../../../Engine/Content/EngineMaterials/Substrate/Glints2/dict_0007_0094.uasset" 10110
"../../../Engine/Content/EngineMaterials/Substrate/Glints2/dict_0007_0099.uasset" 10111
"../../../Engine/Content/EngineMaterials/Substrate/Glints2/dict_0007_0103.uasset" 10112
"../../../Engine/Content/EngineMaterials/Substrate/Glints2/dict_0007_0089.uasset" 10113
"/Engine/EngineMaterials/Substrate/Glints2/dict_0007_0084" 10114
"../../../Engine/Content/EngineMaterials/Substrate/Glints2/dict_0007_0106.uasset" 10115
"../../../Engine/Content/EngineMaterials/Substrate/Glints2/dict_0007_0102.uasset" 10116
"../../../Engine/Content/EngineMaterials/Substrate/Glints2/dict_0007_0107.uasset" 10117
"../../../Engine/Content/EngineMaterials/Substrate/Glints2/dict_0007_0105.uasset" 10118
"../../../Engine/Content/EngineMaterials/Substrate/Glints2/dict_0007_0110.uasset" 10119
"../../../Engine/Content/EngineMaterials/Substrate/Glints2/dict_0007_0109.uasset" 10120
"../../../Engine/Content/EngineMaterials/Substrate/Glints2/dict_0007_0101.uasset" 10121
"../../../Engine/Content/EngineMaterials/Substrate/Glints2/dict_0007_0095.uasset" 10122
"../../../Engine/Content/EngineMaterials/Substrate/Glints2/dict_0007_0104.uasset" 10123
"../../../Engine/Content/EngineMaterials/Substrate/Glints2/dict_0007_0097.uasset" 10124
"../../../Engine/Content/EngineMaterials/Substrate/Glints2/dict_0007_0096.uasset" 10125
"../../../Engine/Content/EngineMaterials/Substrate/Glints2/dict_0007_0108.uasset" 10126
"../../../Engine/Content/EngineMaterials/Substrate/Glints2/dict_0007_0098.uasset" 10127
"/Engine/EngineMaterials/Substrate/Glints2/dict_0007_0083" 10128
"/Engine/EngineMaterials/Substrate/Glints2/dict_0007_0082" 10129
"/Engine/EngineMaterials/Substrate/Glints2/dict_0007_0081" 10130
"/Engine/EngineMaterials/Substrate/Glints2/dict_0007_0080" 10131
"/Engine/EngineMaterials/Substrate/Glints2/dict_0007_0079" 10132
"/Engine/EngineMaterials/Substrate/Glints2/dict_0007_0092" 10133
"/Engine/EngineMaterials/Substrate/Glints2/dict_0007_0091" 10134
"/Engine/EngineMaterials/Substrate/Glints2/dict_0007_0088" 10135
"/Engine/EngineMaterials/Substrate/Glints2/dict_0007_0087" 10136
"/Engine/EngineMaterials/Substrate/Glints2/dict_0007_0086" 10137
"/Engine/EngineMaterials/Substrate/Glints2/dict_0007_0085" 10138
"../../../Engine/Content/EngineMaterials/Substrate/Glints2/dict_0007_0111.uasset" 10139
"../../../Engine/Content/EngineMaterials/Substrate/Glints2/dict_0007_0112.uasset" 10140
"../../../Engine/Content/EngineMaterials/Substrate/Glints2/dict_0007_0113.uasset" 10141
"../../../Engine/Content/EngineMaterials/Substrate/Glints2/dict_0007_0114.uasset" 10142
"../../../Engine/Content/EngineMaterials/Substrate/Glints2/dict_0007_0117.uasset" 10143
"../../../Engine/Content/EngineMaterials/Substrate/Glints2/dict_0007_0118.uasset" 10144
"../../../Engine/Content/EngineMaterials/Substrate/Glints2/dict_0007_0119.uasset" 10145
"../../../Engine/Content/EngineMaterials/Substrate/Glints2/dict_0007_0120.uasset" 10146
"../../../Engine/Content/EngineMaterials/Substrate/Glints2/dict_0007_0115.uasset" 10147
"../../../Engine/Content/EngineMaterials/Substrate/Glints2/dict_0007_0116.uasset" 10148
"/Engine/EngineMaterials/Substrate/Glints2/dict_0007_0110" 10149
"../../../Engine/Content/EngineMaterials/Substrate/Glints2/dict_0007_0121.uasset" 10150
"../../../Engine/Content/EngineMaterials/Substrate/Glints2/dict_0007_0122.uasset" 10151
"/Engine/EngineMaterials/Substrate/Glints2/dict_0007_0109" 10152
"/Engine/EngineMaterials/Substrate/Glints2/dict_0007_0108" 10153
"/Engine/EngineMaterials/Substrate/Glints2/dict_0007_0107" 10154
"/Engine/EngineMaterials/Substrate/Glints2/dict_0007_0106" 10155
"/Engine/EngineMaterials/Substrate/Glints2/dict_0007_0105" 10156
"/Engine/EngineMaterials/Substrate/Glints2/dict_0007_0104" 10157
"/Engine/EngineMaterials/Substrate/Glints2/dict_0007_0103" 10158
"/Engine/EngineMaterials/Substrate/Glints2/dict_0007_0102" 10159
"/Engine/EngineMaterials/Substrate/Glints2/dict_0007_0101" 10160
"/Engine/EngineMaterials/Substrate/Glints2/dict_0007_0100" 10161
"/Engine/EngineMaterials/Substrate/Glints2/dict_0007_0099" 10162
"/Engine/EngineMaterials/Substrate/Glints2/dict_0007_0098" 10163
"/Engine/EngineMaterials/Substrate/Glints2/dict_0007_0097" 10164
"/Engine/EngineMaterials/Substrate/Glints2/dict_0007_0096" 10165
"/Engine/EngineMaterials/Substrate/Glints2/dict_0007_0095" 10166
"/Engine/EngineMaterials/Substrate/Glints2/dict_0007_0094" 10167
"/Engine/EngineMaterials/Substrate/Glints2/dict_0007_0093" 10168
"/Engine/EngineMaterials/Substrate/Glints2/dict_0007_0090" 10169
"/Engine/EngineMaterials/Substrate/Glints2/dict_0007_0089" 10170
"/Engine/EngineMaterials/Substrate/Glints2/dict_0007_0114" 10171
"/Engine/EngineMaterials/Substrate/Glints2/dict_0007_0113" 10172
"/Engine/EngineMaterials/Substrate/Glints2/dict_0007_0112" 10173
"/Engine/EngineMaterials/Substrate/Glints2/dict_0007_0111" 10174
"../../../Engine/Content/EngineMaterials/Substrate/Glints2/dict_0007_0123.uasset" 10175
"../../../Engine/Content/EngineMaterials/Substrate/Glints2/dict_0007_0125.uasset" 10176
"../../../Engine/Content/EngineMaterials/Substrate/Glints2/dict_0007_0127.uasset" 10177
"../../../Engine/Content/EngineMaterials/Substrate/Glints2/dict_0007_0128.uasset" 10178
"../../../Engine/Content/EngineMaterials/Substrate/Glints2/dict_0007_0134.uasset" 10179
"../../../Engine/Content/EngineMaterials/Substrate/Glints2/dict_0007_0136.uasset" 10180
"../../../Engine/Content/EngineMaterials/Substrate/Glints2/dict_0007_0138.uasset" 10181
"../../../Engine/Content/EngineMaterials/Substrate/Glints2/dict_0007_0133.uasset" 10182
"../../../Engine/Content/EngineMaterials/Substrate/Glints2/dict_0007_0139.uasset" 10183
"/Engine/EngineMaterials/Substrate/Glints2/dict_0007_0122" 10184
"../../../Engine/Content/EngineMaterials/Substrate/Glints2/dict_0007_0140.uasset" 10185
"../../../Engine/Content/EngineMaterials/Substrate/Glints2/dict_0007_0141.uasset" 10186
"../../../Engine/Content/EngineMaterials/Substrate/Glints2/dict_0007_0142.uasset" 10187
"../../../Engine/Content/EngineMaterials/Substrate/Glints2/dict_0007_0143.uasset" 10188
"../../../Engine/Content/EngineMaterials/Substrate/Glints2/dict_0007_0137.uasset" 10189
"../../../Engine/Content/EngineMaterials/Substrate/Glints2/dict_0007_0146.uasset" 10190
"../../../Engine/Content/EngineMaterials/Substrate/Glints2/dict_0007_0132.uasset" 10191
"../../../Engine/Content/EngineMaterials/Substrate/Glints2/dict_0007_0135.uasset" 10192
"../../../Engine/Content/EngineMaterials/Substrate/Glints2/dict_0007_0126.uasset" 10193
"../../../Engine/Content/EngineMaterials/Substrate/Glints2/dict_0007_0130.uasset" 10194
"../../../Engine/Content/EngineMaterials/Substrate/Glints2/dict_0007_0131.uasset" 10195
"../../../Engine/Content/EngineMaterials/Substrate/Glints2/dict_0007_0129.uasset" 10196
"../../../Engine/Content/EngineMaterials/Substrate/Glints2/dict_0007_0144.uasset" 10197
"../../../Engine/Content/EngineMaterials/Substrate/Glints2/dict_0007_0145.uasset" 10198
"../../../Engine/Content/EngineMaterials/Substrate/Glints2/dict_0007_0124.uasset" 10199
"/Engine/EngineMaterials/Substrate/Glints2/dict_0007_0121" 10200
"/Engine/EngineMaterials/Substrate/Glints2/dict_0007_0120" 10201
"/Engine/EngineMaterials/Substrate/Glints2/dict_0007_0119" 10202
"/Engine/EngineMaterials/Substrate/Glints2/dict_0007_0118" 10203
"/Engine/EngineMaterials/Substrate/Glints2/dict_0007_0117" 10204
"/Engine/EngineMaterials/Substrate/Glints2/dict_0007_0116" 10205
"/Engine/EngineMaterials/Substrate/Glints2/dict_0007_0115" 10206
"/Engine/EngineMaterials/Substrate/Glints2/dict_0007_0127" 10207
"/Engine/EngineMaterials/Substrate/Glints2/dict_0007_0125" 10208
"/Engine/EngineMaterials/Substrate/Glints2/dict_0007_0123" 10209
"../../../Engine/Content/EngineMaterials/Substrate/Glints2/dict_0007_0147.uasset" 10210
"../../../Engine/Content/EngineMaterials/Substrate/Glints2/dict_0007_0148.uasset" 10211
"../../../Engine/Content/EngineMaterials/Substrate/Glints2/dict_0007_0152.uasset" 10212
"../../../Engine/Content/EngineMaterials/Substrate/Glints2/dict_0007_0151.uasset" 10213
"../../../Engine/Content/EngineMaterials/Substrate/Glints2/dict_0007_0155.uasset" 10214
"../../../Engine/Content/EngineMaterials/Substrate/Glints2/dict_0007_0150.uasset" 10215
"../../../Engine/Content/EngineMaterials/Substrate/Glints2/dict_0007_0156.uasset" 10216
"/Engine/EngineMaterials/Substrate/Glints2/dict_0007_0146" 10217
"../../../Engine/Content/EngineMaterials/Substrate/Glints2/dict_0007_0153.uasset" 10218
"../../../Engine/Content/EngineMaterials/Substrate/Glints2/dict_0007_0154.uasset" 10219
"../../../Engine/Content/EngineMaterials/Substrate/Glints2/dict_0007_0157.uasset" 10220
"../../../Engine/Content/EngineMaterials/Substrate/Glints2/dict_0007_0149.uasset" 10221
"/Engine/EngineMaterials/Substrate/Glints2/dict_0007_0145" 10222
"/Engine/EngineMaterials/Substrate/Glints2/dict_0007_0144" 10223
"/Engine/EngineMaterials/Substrate/Glints2/dict_0007_0143" 10224
"/Engine/EngineMaterials/Substrate/Glints2/dict_0007_0142" 10225
"/Engine/EngineMaterials/Substrate/Glints2/dict_0007_0141" 10226
"/Engine/EngineMaterials/Substrate/Glints2/dict_0007_0140" 10227
"/Engine/EngineMaterials/Substrate/Glints2/dict_0007_0139" 10228
"/Engine/EngineMaterials/Substrate/Glints2/dict_0007_0138" 10229
"/Engine/EngineMaterials/Substrate/Glints2/dict_0007_0137" 10230
"/Engine/EngineMaterials/Substrate/Glints2/dict_0007_0136" 10231
"/Engine/EngineMaterials/Substrate/Glints2/dict_0007_0135" 10232
"/Engine/EngineMaterials/Substrate/Glints2/dict_0007_0134" 10233
"/Engine/EngineMaterials/Substrate/Glints2/dict_0007_0133" 10234
"/Engine/EngineMaterials/Substrate/Glints2/dict_0007_0132" 10235
"/Engine/EngineMaterials/Substrate/Glints2/dict_0007_0131" 10236
"/Engine/EngineMaterials/Substrate/Glints2/dict_0007_0130" 10237
"/Engine/EngineMaterials/Substrate/Glints2/dict_0007_0129" 10238
"/Engine/EngineMaterials/Substrate/Glints2/dict_0007_0151" 10239
"/Engine/EngineMaterials/Substrate/Glints2/dict_0007_0128" 10240
"/Engine/EngineMaterials/Substrate/Glints2/dict_0007_0126" 10241
"/Engine/EngineMaterials/Substrate/Glints2/dict_0007_0148" 10242
"/Engine/EngineMaterials/Substrate/Glints2/dict_0007_0124" 10243
"/Engine/EngineMaterials/Substrate/Glints2/dict_0007_0147" 10244
"../../../Engine/Content/EngineMaterials/Substrate/Glints2/dict_0007_0158.uasset" 10245
"../../../Engine/Content/EngineMaterials/Substrate/Glints2/dict_0007_0160.uasset" 10246
"../../../Engine/Content/EngineMaterials/Substrate/Glints2/dict_0007_0162.uasset" 10247
"../../../Engine/Content/EngineMaterials/Substrate/Glints2/dict_0007_0164.uasset" 10248
"../../../Engine/Content/EngineMaterials/Substrate/Glints2/dict_0007_0163.uasset" 10249
"../../../Engine/Content/EngineMaterials/Substrate/Glints2/dict_0007_0168.uasset" 10250
"../../../Engine/Content/EngineMaterials/Substrate/Glints2/dict_0007_0165.uasset" 10251
"../../../Engine/Content/EngineMaterials/Substrate/Glints2/dict_0007_0172.uasset" 10252
"../../../Engine/Content/EngineMaterials/Substrate/Glints2/dict_0007_0173.uasset" 10253
"../../../Engine/Content/EngineMaterials/Substrate/Glints2/dict_0007_0174.uasset" 10254
"../../../Engine/Content/EngineMaterials/Substrate/Glints2/dict_0007_0159.uasset" 10255
"../../../Engine/Content/EngineMaterials/Substrate/Glints2/dict_0007_0176.uasset" 10256
"../../../Engine/Content/EngineMaterials/Substrate/Glints2/dict_0007_0169.uasset" 10257
"../../../Engine/Content/EngineMaterials/Substrate/Glints2/dict_0007_0179.uasset" 10258
"../../../Engine/Content/EngineMaterials/Substrate/Glints2/dict_0007_0180.uasset" 10259
"../../../Engine/Content/EngineMaterials/Substrate/Glints2/dict_0007_0167.uasset" 10260
"../../../Engine/Content/EngineMaterials/Substrate/Glints2/dict_0007_0170.uasset" 10261
"../../../Engine/Content/EngineMaterials/Substrate/Glints2/dict_0007_0161.uasset" 10262
"../../../Engine/Content/EngineMaterials/Substrate/Glints2/dict_0007_0175.uasset" 10263
"../../../Engine/Content/EngineMaterials/Substrate/Glints2/dict_0007_0177.uasset" 10264
"../../../Engine/Content/EngineMaterials/Substrate/Glints2/dict_0007_0178.uasset" 10265
"/Engine/EngineMaterials/Substrate/Glints2/dict_0007_0157" 10266
"../../../Engine/Content/EngineMaterials/Substrate/Glints2/dict_0007_0181.uasset" 10267
"../../../Engine/Content/EngineMaterials/Substrate/Glints2/dict_0007_0171.uasset" 10268
"../../../Engine/Content/EngineMaterials/Substrate/Glints2/dict_0007_0166.uasset" 10269
"/Engine/EngineMaterials/Substrate/Glints2/dict_0007_0156" 10270
"/Engine/EngineMaterials/Substrate/Glints2/dict_0007_0155" 10271
"/Engine/EngineMaterials/Substrate/Glints2/dict_0007_0154" 10272
"/Engine/EngineMaterials/Substrate/Glints2/dict_0007_0153" 10273
"/Engine/EngineMaterials/Substrate/Glints2/dict_0007_0152" 10274
"/Engine/EngineMaterials/Substrate/Glints2/dict_0007_0168" 10275
"/Engine/EngineMaterials/Substrate/Glints2/dict_0007_0164" 10276
"/Engine/EngineMaterials/Substrate/Glints2/dict_0007_0163" 10277
"/Engine/EngineMaterials/Substrate/Glints2/dict_0007_0150" 10278
"/Engine/EngineMaterials/Substrate/Glints2/dict_0007_0162" 10279
"/Engine/EngineMaterials/Substrate/Glints2/dict_0007_0149" 10280
"/Engine/EngineMaterials/Substrate/Glints2/dict_0007_0160" 10281
"/Engine/EngineMaterials/Substrate/Glints2/dict_0007_0158" 10282
"../../../Engine/Content/EngineMaterials/Substrate/Glints2/dict_0007_0187.uasset" 10283
"../../../Engine/Content/EngineMaterials/Substrate/Glints2/dict_0007_0184.uasset" 10284
"../../../Engine/Content/EngineMaterials/Substrate/Glints2/dict_0007_0189.uasset" 10285
"../../../Engine/Content/EngineMaterials/Substrate/Glints2/dict_0007_0191.uasset" 10286
"../../../Engine/Content/EngineMaterials/Substrate/Glints2/dict_0007_0185.uasset" 10287
"../../../Engine/Content/EngineMaterials/Substrate/Glints2/dict_0007_0193.uasset" 10288
"/Engine/EngineMaterials/Substrate/Glints2/dict_0007_0181" 10289
"../../../Engine/Content/EngineMaterials/Substrate/Glints2/dict_0007_0194.uasset" 10290
"../../../Engine/Content/EngineMaterials/Substrate/Glints2/dict_0007_0182.uasset" 10291
"../../../Engine/Content/EngineMaterials/Substrate/Glints2/dict_0007_0188.uasset" 10292
"../../../Engine/Content/EngineMaterials/Substrate/Glints2/dict_0007_0195.uasset" 10293
"../../../Engine/Content/EngineMaterials/Substrate/Glints2/dict_0007_0186.uasset" 10294
"../../../Engine/Content/EngineMaterials/Substrate/Glints2/dict_0007_0183.uasset" 10295
"../../../Engine/Content/EngineMaterials/Substrate/Glints2/dict_0007_0190.uasset" 10296
"../../../Engine/Content/EngineMaterials/Substrate/Glints2/dict_0007_0192.uasset" 10297
"/Engine/EngineMaterials/Substrate/Glints2/dict_0007_0180" 10298
"/Engine/EngineMaterials/Substrate/Glints2/dict_0007_0179" 10299
"/Engine/EngineMaterials/Substrate/Glints2/dict_0007_0178" 10300
"/Engine/EngineMaterials/Substrate/Glints2/dict_0007_0177" 10301
"/Engine/EngineMaterials/Substrate/Glints2/dict_0007_0176" 10302
"/Engine/EngineMaterials/Substrate/Glints2/dict_0007_0175" 10303
"/Engine/EngineMaterials/Substrate/Glints2/dict_0007_0174" 10304
"/Engine/EngineMaterials/Substrate/Glints2/dict_0007_0173" 10305
"/Engine/EngineMaterials/Substrate/Glints2/dict_0007_0172" 10306
"/Engine/EngineMaterials/Substrate/Glints2/dict_0007_0171" 10307
"/Engine/EngineMaterials/Substrate/Glints2/dict_0007_0170" 10308
"/Engine/EngineMaterials/Substrate/Glints2/dict_0007_0169" 10309
"/Engine/EngineMaterials/Substrate/Glints2/dict_0007_0167" 10310
"/Engine/EngineMaterials/Substrate/Glints2/dict_0007_0166" 10311
"/Engine/EngineMaterials/Substrate/Glints2/dict_0007_0165" 10312
"/Engine/EngineMaterials/Substrate/Glints2/dict_0007_0187" 10313
"/Engine/EngineMaterials/Substrate/Glints2/dict_0007_0184" 10314
"/Engine/EngineMaterials/Substrate/Glints2/dict_0007_0161" 10315
"/Engine/EngineMaterials/Substrate/Glints2/dict_0007_0159" 10316
"../../../Engine/Content/EngineMaterials/Substrate/Glints2/dict_0007_0198.uasset" 10317
"../../../Engine/Content/EngineMaterials/Substrate/Glints2/dict_0007_0199.uasset" 10318
"../../../Engine/Content/EngineMaterials/Substrate/Glints2/dict_0007_0202.uasset" 10319
"../../../Engine/Content/EngineMaterials/Substrate/Glints2/dict_0007_0204.uasset" 10320
"../../../Engine/Content/EngineMaterials/Substrate/Glints2/dict_0007_0205.uasset" 10321
"../../../Engine/Content/EngineMaterials/Substrate/Glints2/dict_0007_0208.uasset" 10322
"../../../Engine/Content/EngineMaterials/Substrate/Glints2/dict_0007_0203.uasset" 10323
"../../../Engine/Content/EngineMaterials/Substrate/Glints2/dict_0007_0201.uasset" 10324
"/Engine/EngineMaterials/Substrate/Glints2/dict_0007_0195" 10325
"../../../Engine/Content/EngineMaterials/Substrate/Glints2/dict_0007_0213.uasset" 10326
"../../../Engine/Content/EngineMaterials/Substrate/Glints2/dict_0007_0207.uasset" 10327
"../../../Engine/Content/EngineMaterials/Substrate/Glints2/dict_0007_0215.uasset" 10328
"../../../Engine/Content/EngineMaterials/Substrate/Glints2/dict_0007_0214.uasset" 10329
"../../../Engine/Content/EngineMaterials/Substrate/Glints2/dict_0007_0200.uasset" 10330
"../../../Engine/Content/EngineMaterials/Substrate/Glints2/dict_0007_0206.uasset" 10331
"../../../Engine/Content/EngineMaterials/Substrate/Glints2/dict_0007_0197.uasset" 10332
"../../../Engine/Content/EngineMaterials/Substrate/Glints2/dict_0007_0211.uasset" 10333
"../../../Engine/Content/EngineMaterials/Substrate/Glints2/dict_0007_0212.uasset" 10334
"../../../Engine/Content/EngineMaterials/Substrate/Glints2/dict_0007_0210.uasset" 10335
"/Engine/EngineMaterials/Substrate/Glints2/dict_0007_0194" 10336
"../../../Engine/Content/EngineMaterials/Substrate/Glints2/dict_0007_0209.uasset" 10337
"../../../Engine/Content/EngineMaterials/Substrate/Glints2/dict_0007_0196.uasset" 10338
"/Engine/EngineMaterials/Substrate/Glints2/dict_0007_0193" 10339
"/Engine/EngineMaterials/Substrate/Glints2/dict_0007_0192" 10340
"/Engine/EngineMaterials/Substrate/Glints2/dict_0007_0191" 10341
"/Engine/EngineMaterials/Substrate/Glints2/dict_0007_0190" 10342
"/Engine/EngineMaterials/Substrate/Glints2/dict_0007_0189" 10343
"/Engine/EngineMaterials/Substrate/Glints2/dict_0007_0202" 10344
"/Engine/EngineMaterials/Substrate/Glints2/dict_0007_0188" 10345
"/Engine/EngineMaterials/Substrate/Glints2/dict_0007_0199" 10346
"/Engine/EngineMaterials/Substrate/Glints2/dict_0007_0186" 10347
"/Engine/EngineMaterials/Substrate/Glints2/dict_0007_0185" 10348
"/Engine/EngineMaterials/Substrate/Glints2/dict_0007_0198" 10349
"/Engine/EngineMaterials/Substrate/Glints2/dict_0007_0183" 10350
"/Engine/EngineMaterials/Substrate/Glints2/dict_0007_0182" 10351
"../../../Engine/Content/EngineMaterials/Substrate/Glints2/dict_0007_0217.uasset" 10352
"../../../Engine/Content/EngineMaterials/Substrate/Glints2/dict_0007_0216.uasset" 10353
"../../../Engine/Content/EngineMaterials/Substrate/Glints2/dict_0007_0220.uasset" 10354
"../../../Engine/Content/EngineMaterials/Substrate/Glints2/dict_0007_0223.uasset" 10355
"../../../Engine/Content/EngineMaterials/Substrate/Glints2/dict_0007_0224.uasset" 10356
"../../../Engine/Content/EngineMaterials/Substrate/Glints2/dict_0007_0226.uasset" 10357
"../../../Engine/Content/EngineMaterials/Substrate/Glints2/dict_0007_0225.uasset" 10358
"/Engine/EngineMaterials/Substrate/Glints2/dict_0007_0215" 10359
"../../../Engine/Content/EngineMaterials/Substrate/Glints2/dict_0007_0219.uasset" 10360
"../../../Engine/Content/EngineMaterials/Substrate/Glints2/dict_0007_0227.uasset" 10361
"../../../Engine/Content/EngineMaterials/Substrate/Glints2/dict_0007_0228.uasset" 10362
"../../../Engine/Content/EngineMaterials/Substrate/Glints2/dict_0007_0229.uasset" 10363
"../../../Engine/Content/EngineMaterials/Substrate/Glints2/dict_0007_0221.uasset" 10364
"/Engine/EngineMaterials/Substrate/Glints2/dict_0007_0214" 10365
"../../../Engine/Content/EngineMaterials/Substrate/Glints2/dict_0007_0222.uasset" 10366
"../../../Engine/Content/EngineMaterials/Substrate/Glints2/dict_0007_0230.uasset" 10367
"../../../Engine/Content/EngineMaterials/Substrate/Glints2/dict_0007_0218.uasset" 10368
"/Engine/EngineMaterials/Substrate/Glints2/dict_0007_0213" 10369
"/Engine/EngineMaterials/Substrate/Glints2/dict_0007_0212" 10370
"/Engine/EngineMaterials/Substrate/Glints2/dict_0007_0211" 10371
"/Engine/EngineMaterials/Substrate/Glints2/dict_0007_0210" 10372
"/Engine/EngineMaterials/Substrate/Glints2/dict_0007_0209" 10373
"/Engine/EngineMaterials/Substrate/Glints2/dict_0007_0208" 10374
"/Engine/EngineMaterials/Substrate/Glints2/dict_0007_0207" 10375
"/Engine/EngineMaterials/Substrate/Glints2/dict_0007_0206" 10376
"/Engine/EngineMaterials/Substrate/Glints2/dict_0007_0205" 10377
"/Engine/EngineMaterials/Substrate/Glints2/dict_0007_0204" 10378
"/Engine/EngineMaterials/Substrate/Glints2/dict_0007_0203" 10379
"/Engine/EngineMaterials/Substrate/Glints2/dict_0007_0201" 10380
"/Engine/EngineMaterials/Substrate/Glints2/dict_0007_0200" 10381
"/Engine/EngineMaterials/Substrate/Glints2/dict_0007_0220" 10382
"/Engine/EngineMaterials/Substrate/Glints2/dict_0007_0197" 10383
"/Engine/EngineMaterials/Substrate/Glints2/dict_0007_0217" 10384
"/Engine/EngineMaterials/Substrate/Glints2/dict_0007_0196" 10385
"/Engine/EngineMaterials/Substrate/Glints2/dict_0007_0216" 10386
"../../../Engine/Content/EngineMaterials/Substrate/Glints2/dict_0007_0231.uasset" 10387
"../../../Engine/Content/EngineMaterials/Substrate/Glints2/dict_0007_0233.uasset" 10388
"../../../Engine/Content/EngineMaterials/Substrate/Glints2/dict_0007_0232.uasset" 10389
"../../../Engine/Content/EngineMaterials/Substrate/Glints2/dict_0007_0235.uasset" 10390
"../../../Engine/Content/EngineMaterials/Substrate/Glints2/dict_0007_0234.uasset" 10391
"../../../Engine/Content/EngineMaterials/Substrate/Glints2/dict_0007_0237.uasset" 10392
"../../../Engine/Content/EngineMaterials/Substrate/Glints2/dict_0007_0240.uasset" 10393
"../../../Engine/Content/EngineMaterials/Substrate/Glints2/dict_0007_0246.uasset" 10394
"../../../Engine/Content/EngineMaterials/Substrate/Glints2/dict_0007_0238.uasset" 10395
"../../../Engine/Content/EngineMaterials/Substrate/Glints2/dict_0007_0243.uasset" 10396
"/Engine/EngineMaterials/Substrate/Glints2/dict_0007_0230" 10397
"../../../Engine/Content/EngineMaterials/Substrate/Glints2/dict_0007_0250.uasset" 10398
"../../../Engine/Content/EngineMaterials/Substrate/Glints2/dict_0007_0249.uasset" 10399
"../../../Engine/Content/EngineMaterials/Substrate/Glints2/dict_0007_0239.uasset" 10400
"../../../Engine/Content/EngineMaterials/Substrate/Glints2/dict_0007_0244.uasset" 10401
"../../../Engine/Content/EngineMaterials/Substrate/Glints2/dict_0007_0245.uasset" 10402
"../../../Engine/Content/EngineMaterials/Substrate/Glints2/dict_0007_0241.uasset" 10403
"../../../Engine/Content/EngineMaterials/Substrate/Glints2/dict_0007_0236.uasset" 10404
"/Engine/EngineMaterials/Substrate/Glints2/dict_0007_0229" 10405
"../../../Engine/Content/EngineMaterials/Substrate/Glints2/dict_0007_0247.uasset" 10406
"../../../Engine/Content/EngineMaterials/Substrate/Glints2/dict_0007_0248.uasset" 10407
"../../../Engine/Content/EngineMaterials/Substrate/Glints2/dict_0007_0242.uasset" 10408
"/Engine/EngineMaterials/Substrate/Glints2/dict_0007_0228" 10409
"/Engine/EngineMaterials/Substrate/Glints2/dict_0007_0227" 10410
"/Engine/EngineMaterials/Substrate/Glints2/dict_0007_0226" 10411
"/Engine/EngineMaterials/Substrate/Glints2/dict_0007_0225" 10412
"/Engine/EngineMaterials/Substrate/Glints2/dict_0007_0224" 10413
"/Engine/EngineMaterials/Substrate/Glints2/dict_0007_0223" 10414
"/Engine/EngineMaterials/Substrate/Glints2/dict_0007_0222" 10415
"/Engine/EngineMaterials/Substrate/Glints2/dict_0007_0221" 10416
"/Engine/EngineMaterials/Substrate/Glints2/dict_0007_0235" 10417
"/Engine/EngineMaterials/Substrate/Glints2/dict_0007_0219" 10418
"/Engine/EngineMaterials/Substrate/Glints2/dict_0007_0218" 10419
"/Engine/EngineMaterials/Substrate/Glints2/dict_0007_0234" 10420
"/Engine/EngineMaterials/Substrate/Glints2/dict_0007_0233" 10421
"/Engine/EngineMaterials/Substrate/Glints2/dict_0007_0232" 10422
"/Engine/EngineMaterials/Substrate/Glints2/dict_0007_0231" 10423
"../../../Engine/Content/EngineMaterials/Substrate/Glints2/dict_0007_0251.uasset" 10424
"../../../Engine/Content/EngineMaterials/Substrate/Glints2/dict_0007_0253.uasset" 10425
"../../../Engine/Content/EngineMaterials/Substrate/Glints2/dict_0007_0254.uasset" 10426
"../../../Engine/Content/EngineMaterials/Substrate/Volume/SubstrateSimpleVolumeEnvLUT2D.uasset" 10427
"../../../Engine/Content/MobileResources/HUD/VirtualJoystick_Background.uasset" 10428
"../../../Engine/Content/EngineMaterials/DefaultCalibrationColor.uasset" 10429
"../../../Engine/Content/EngineMaterials/PPM_DefaultCalibrationColor.uasset" 10430
"/Engine/EngineMaterials/Substrate/Glints2/dict_0007_0250" 10431
"../../../Engine/Content/EngineMaterials/DefaultCalibrationGrayscale.uasset" 10432
"../../../Engine/Content/EngineMaterials/PPM_DefaultCalibrationGrayscale.uasset" 10433
"../../../Engine/Content/EngineMaterials/Substrate/Glints2/AGlintTex2dArray2.uasset" 10434
"../../../Engine/Content/EngineMaterials/Substrate/Volume/SubstrateSimpleVolumeLUT2D.uasset" 10435
"../../../Engine/Content/EngineMaterials/Substrate/Glints2/dict_0007_0252.uasset" 10436
"../../../Engine/Content/EngineMaterials/Substrate/Volume/SubstrateSimpleVolumeEnvLUT3D.uasset" 10437
"../../../Engine/Content/MobileResources/HUD/VirtualJoystick_Thumb.uasset" 10438
"../../../Engine/Content/EngineMaterials/Substrate/Volume/SubstrateSimpleVolumeLUT3D.uasset" 10439
"../../../Engine/Content/MobileResources/HUD/DefaultVirtualJoysticks.uasset" 10440
"/Engine/EngineMaterials/Substrate/Glints2/dict_0007_0249" 10441
"../../../Engine/Content/EngineMaterials/Substrate/Glints2/dict_0007_0255.uasset" 10442
"/Engine/EngineMaterials/Substrate/Glints2/dict_0007_0248" 10443
"/Engine/EngineMaterials/Substrate/Glints2/dict_0007_0247" 10444
"/Engine/EngineMaterials/Substrate/Glints2/dict_0007_0246" 10445
"/Engine/EngineMaterials/Substrate/Glints2/dict_0007_0245" 10446
"/Engine/EngineMaterials/Substrate/Glints2/dict_0007_0244" 10447
"/Engine/EngineMaterials/Substrate/Glints2/dict_0007_0243" 10448
"/Engine/EngineMaterials/Substrate/Glints2/dict_0007_0242" 10449
"/Engine/EngineMaterials/Substrate/Glints2/dict_0007_0241" 10450
"/Engine/EngineMaterials/Substrate/Glints2/dict_0007_0240" 10451
"/Engine/EngineMaterials/Substrate/Glints2/dict_0007_0239" 10452
"/Engine/EngineMaterials/Substrate/Glints2/dict_0007_0238" 10453
"/Engine/EngineMaterials/Substrate/Glints2/dict_0007_0237" 10454
"/Engine/EngineMaterials/Substrate/Glints2/dict_0007_0236" 10455
"/Engine/EngineMaterials/Substrate/Glints2/dict_0007_0253" 10456
"/Engine/EngineMaterials/Substrate/Glints2/dict_0007_0251" 10457
"../../../Engine/Plugins/Interchange/Assets/Content/Functions/MX_Surface.uasset" 10458
"../../../Engine/Plugins/Interchange/Assets/Content/Functions/MX_Displacement.uasset" 10459
"../../../Engine/Content/Functions/Engine_MaterialFunctions02/Utility/BlendAngleCorrectedNormals.uasset" 10460
"../../../Engine/Plugins/NNE/NNEDenoiser/Content/NNEDIM_ColorAlbedoNormal_Default.uasset" 10461
"../../../Engine/Plugins/NNE/NNEDenoiser/Content/NNEDIM_HighQuality_Default.uasset" 10462
"../../../Engine/Plugins/NNE/NNEDenoiser/Content/NNEDTIM_ColorAlbedoNormal_Alpha.uasset" 10463
"../../../Engine/Plugins/NNE/NNEDenoiser/Content/NNEDTIM_ColorAlbedoNormal_Default.uasset" 10464
"../../../Engine/Plugins/NNE/NNEDenoiser/Content/NNEDT_Oidn2-3_Balanced.uasset" 10465
"../../../Engine/Content/Functions/MaterialLayerFunctions/MatLayerBlend_OverrideOpacity.uasset" 10466
"../../../Engine/Plugins/NNE/NNEDenoiser/Content/NNEDIM_HighQuality_Alpha.uasset" 10467
"../../../Engine/Plugins/NNE/NNEDenoiser/Content/NNEDT_Oidn2-3_Balanced_Alpha.uasset" 10468
"/Engine/EngineMaterials/PPM_DefaultCalibrationGrayscale" 10469
"../../../Engine/Plugins/NNE/NNEDenoiser/Content/NNEDOM_Output_Default.uasset" 10470
"../../../Engine/Plugins/NNE/NNEDenoiser/Content/NNEDTOM_Output_Alpha.uasset" 10471
"../../../Engine/Content/Functions/Engine_MaterialFunctions03/Procedurals/HeightToNormalSmooth.uasset" 10472
"../../../Engine/Plugins/NNE/NNEDenoiser/Content/NNEDIM_ColorAlbedoNormal_Alpha.uasset" 10473
"../../../Engine/Plugins/NNE/NNEDenoiser/Content/NNEDTOM_Output_Default.uasset" 10474
"../../../Engine/Plugins/NNE/NNEDenoiser/Content/NNEDOM_Output_Alpha.uasset" 10475
"/Engine/EngineMaterials/PPM_DefaultCalibrationColor" 10476
"/Engine/MobileResources/HUD/DefaultVirtualJoysticks" 10477
"/Engine/EngineMaterials/Substrate/Volume/SubstrateSimpleVolumeEnvLUT3D" 10478
"/Engine/EngineMaterials/Substrate/Volume/SubstrateSimpleVolumeLUT3D" 10479
"/Engine/EngineMaterials/Substrate/Glints2/AGlintTex2dArray2" 10480
"/InterchangeAssets/Functions/MX_Surface" 10481
"../../../Engine/Plugins/NNE/NNEDenoiser/Content/NNED_Oidn2-3_Fast_Alpha.uasset" 10482
"../../../Engine/Plugins/NNE/NNEDenoiser/Content/NNE_oidn2-3-0_rt_hdr_alb_nrm_small__dyn__fp16_opset11_ForwardAlpha.uasset" 10483
"../../../Engine/Plugins/NNE/NNEDenoiser/Content/NNE_oidn2-3-0_rt_hdr_alb_nrm_small__dyn__fp16_opset11_DenoiseAlpha.uasset" 10484
"../../../Engine/Plugins/NNE/NNEDenoiser/Content/NNE_oidn2-3-0_rt_hdr_calb_cnrm_large__dyn__fp16_opset11_DenoiseAlpha.uasset" 10485
"../../../Engine/Plugins/NNE/NNEDenoiser/Content/NNED_Oidn2-3_HighQuality.uasset" 10486
"/NNEDenoiser/NNEDT_Oidn2-3_Balanced_Alpha" 10487
"../../../Engine/Plugins/NNE/NNEDenoiser/Content/NNED_Oidn2-3_Balanced.uasset" 10488
"../../../Engine/Plugins/NNE/NNEDenoiser/Content/NNED_Oidn2-3_HighQuality_Alpha.uasset" 10489
"../../../Engine/Plugins/NNE/NNEDenoiser/Content/NNED_Oidn2-3_Balanced_Alpha.uasset" 10490
"../../../Engine/Plugins/NNE/NNEDenoiser/Content/NNED_Oidn2-3_Fast.uasset" 10491
"../../../Engine/Plugins/NNE/NNEDenoiser/Content/NNE_oidn2-3-0_rt_hdr_alb_nrm__dyn__fp16_opset11_ForwardAlpha.uasset" 10492
"../../../Engine/Plugins/NNE/NNEDenoiser/Content/NNE_oidn2-3-0_rt_hdr_calb_cnrm_large__dyn__fp16_opset11_ForwardAlpha.uasset" 10493
"../../../Engine/Plugins/NNE/NNEDenoiser/Content/NNE_oidn2-3-0_rt_hdr_alb_nrm__dyn__fp16_opset11_DenoiseAlpha.uasset" 10494
"/NNEDenoiser/NNEDT_Oidn2-3_Balanced" 10495
"/NNEDenoiser/NNEDTOM_Output_Default" 10496
"/NNEDenoiser/NNEDTOM_Output_Alpha" 10497
"/NNEDenoiser/NNEDTIM_ColorAlbedoNormal_Default" 10498
"/NNEDenoiser/NNEDTIM_ColorAlbedoNormal_Alpha" 10499
"/NNEDenoiser/NNEDOM_Output_Default" 10500
"/NNEDenoiser/NNEDOM_Output_Alpha" 10501
"/NNEDenoiser/NNEDIM_HighQuality_Default" 10502
"/NNEDenoiser/NNEDIM_HighQuality_Alpha" 10503
"/NNEDenoiser/NNEDIM_ColorAlbedoNormal_Default" 10504
"/NNEDenoiser/NNEDIM_ColorAlbedoNormal_Alpha" 10505
"/InterchangeAssets/Functions/MX_Displacement" 10506
"/NNEDenoiser/NNED_Oidn2-3_Fast_Alpha" 10507
"/NNEDenoiser/NNE_oidn2-3-0_rt_hdr_calb_cnrm_large__dyn__fp16_opset11_ForwardAlpha" 10508
"/NNEDenoiser/NNE_oidn2-3-0_rt_hdr_calb_cnrm_large__dyn__fp16_opset11_DenoiseAlpha" 10509
"/NNEDenoiser/NNE_oidn2-3-0_rt_hdr_alb_nrm__dyn__fp16_opset11_ForwardAlpha" 10510
"S:/Projects/MyProject2/Intermediate/ORTOptimizerPass_Optimized58201696464709BF7301958694C0FCC5.onnx" 10511
"S:/Projects/MyProject2/Intermediate/ORTOptimizerPass_Optimized02DE481E40170406E7056EBD002E99DF.onnx" 10512
"S:/Projects/MyProject2/Intermediate/ORTOptimizerPass_Optimized2A06B23145406894C5CDD69A32B334C2.onnx" 10513
"S:/Projects/MyProject2/Intermediate/ORTOptimizerPass_Optimized49F61DA349B1E5A3B30AA78224E5E29E.onnx" 10514
"S:/Projects/MyProject2/Intermediate/ORTOptimizerPass_Optimized13C89CFA417B94975EAD7A909E381FC7.onnx" 10515
"S:/Projects/MyProject2/Intermediate/ORTOptimizerPass_Optimized59D7E7BB45B2CBABB6A8EB93A5D953E6.onnx" 10516
"/NNEDenoiser/NNE_oidn2-3-0_rt_hdr_alb_nrm__dyn__fp16_opset11_DenoiseAlpha" 10517
"/NNEDenoiser/NNE_oidn2-3-0_rt_hdr_alb_nrm_small__dyn__fp16_opset11_ForwardAlpha" 10518
"/NNEDenoiser/NNE_oidn2-3-0_rt_hdr_alb_nrm_small__dyn__fp16_opset11_DenoiseAlpha" 10519
"/NNEDenoiser/NNED_Oidn2-3_HighQuality_Alpha" 10520
"/NNEDenoiser/NNED_Oidn2-3_HighQuality" 10521
"/NNEDenoiser/NNED_Oidn2-3_Fast" 10522
"/NNEDenoiser/NNED_Oidn2-3_Balanced_Alpha" 10523
"/NNEDenoiser/NNED_Oidn2-3_Balanced" 10524
"S:/Projects/MyProject2/Intermediate/ORTOptimizerPass_Optimized53A4C10941797A54153494A935E655FA.onnx" 10525
"S:/Projects/MyProject2/Intermediate/ORTOptimizerPass_Optimized1605C61F4809AF32DB05B0B2D85FA468.onnx" 10526
"S:/Projects/MyProject2/Intermediate/ORTOptimizerPass_Optimized4822D2934B235464BD3BF781B18B2B78.onnx" 10527
"S:/Projects/MyProject2/Intermediate/ORTOptimizerPass_Optimized1E8FFC964CBAF0502CCA4DA1B60A2CE1.onnx" 10528
"S:/Projects/MyProject2/Intermediate/ORTOptimizerPass_Optimized3EAC06EE4B9D81E9ABC177B40C3E9A0D.onnx" 10529
"S:/Projects/MyProject2/Intermediate/ORTOptimizerPass_Optimized36ED16EE4A10B8867E24269C603A8FCB.onnx" 10530
"S:/Projects/MyProject2/DerivedDataCache/VT/TEXTURE_7C16439390E24F1F9468894FB4D4BC55_VTCHUNK44B429B40BB45A070EB17C1259C28734996A2F49" 10531
"S:/Projects/MyProject2/DerivedDataCache/VT/TEXTURE_7C16439390E24F1F9468894FB4D4BC55_VTCHUNK967C747FFC357A828288FA05D93CD5DCECDA891B" 10532
"S:/Projects/MyProject2/DerivedDataCache/VT/TEXTURE_7C16439390E24F1F9468894FB4D4BC55_VTCHUNK2A5F9F60441DA258D18B46D59C64D5BAD50E8EE3" 10533
"S:/Projects/MyProject2/DerivedDataCache/VT/TEXTURE_7C16439390E24F1F9468894FB4D4BC55_VTCHUNKC0393DE8C5B4673D99D1BECB92AA8C1F72FEB491" 10534
"S:/Projects/MyProject2/DerivedDataCache/VT/TEXTURE_7C16439390E24F1F9468894FB4D4BC55_VTCHUNK02D4C3BCAD7DFA48AB32B8281FB06B8B83DB6275" 10535
"../../../Engine/Content/EngineResources/FilmGrains/Marcie_Grain_v3_128_M2_000.uasset" 10536
"../../../Engine/Content/EngineMaterials/DefaultBloomKernel.uasset" 10537
"../../../Engine/Content/EngineDebugMaterials/DebugEditorMaterial.uasset" 10538
"../../../Engine/Content/EngineMaterials/FastBlueNoise_vec2_128x128x64.uasset" 10539
"../../../Engine/Content/EngineMaterials/EnergyConservation/Sheen_Energy.uasset" 10540
"../../../Engine/Content/EngineMaterials/EnergyConservation/Diffuse_Energy.uasset" 10541
"../../../Engine/Content/EditorResources/BSPVertex.uasset" 10542
"../../../Engine/Content/EngineSounds/Master.uasset" 10543
"../../../Engine/Content/EngineMaterials/LTC/Sheen_LTC.uasset" 10544
"../../../Engine/Plugins/Interchange/Runtime/Content/Pipelines/DefaultMaterialXPipeline.uasset" 10545
"../../../Engine/Plugins/Interchange/Runtime/Content/Pipelines/DefaultGLTFAssetsPipeline.uasset" 10546
"../../../Engine/Plugins/Interchange/Runtime/Content/Pipelines/DefaultGLTFPipeline.uasset" 10547
"../../../Engine/Plugins/Interchange/Runtime/Content/Pipelines/DefaultTexturePipeline.uasset" 10548
"../../../Engine/Plugins/Interchange/Runtime/Content/Pipelines/DefaultSceneAssetsPipeline.uasset" 10549
"../../../Engine/Plugins/Interchange/Runtime/Content/Pipelines/DefaultSceneLevelPipeline.uasset" 10550
"../../../Engine/Plugins/Interchange/Runtime/Content/Pipelines/DefaultAssetsPipeline.uasset" 10551
"../../../Engine/Plugins/Interchange/Assets/Content/Functions/MX_UsdPreviewSurface.uasset" 10552
"../../../Engine/Plugins/Interchange/Assets/Content/Functions/MX_OrenNayarBSDF.uasset" 10553
"/Engine/EngineMaterials/EnergyConservation/Diffuse_Energy" 10554
"../../../Engine/Plugins/Interchange/Runtime/Content/Pipelines/DefaultMaterialPipeline.uasset" 10555
"../../../Engine/Plugins/Interchange/Assets/Content/Functions/MX_BurleyDiffuseBSDF.uasset" 10556
"../../../Engine/Content/EngineMaterials/FastBlueNoise_scalar_128x128x64.uasset" 10557
"../../../Engine/Plugins/Interchange/Runtime/Content/Pipelines/DefaultGLTFSceneAssetsPipeline.uasset" 10558
"../../../Engine/Content/EngineResources/Development/ZenLogo_64.uasset" 10559
"../../../Engine/Content/EngineMaterials/FastBlueNoise_scalar_128x128x8.uasset" 10560
"../../../Engine/Plugins/Interchange/Assets/Content/Functions/MX_TranslucentBSDF.uasset" 10561
"../../../Engine/Plugins/Interchange/Assets/Content/Functions/MX_SurfaceUnlit.uasset" 10562
"/Engine/EngineMaterials/EnergyConservation/Sheen_Energy" 10563
"/Interchange/Pipelines/DefaultMaterialXPipeline" 10564
"/Engine/EngineDebugMaterials/DebugEditorMaterial" 10565
"/Engine/EngineSounds/Master" 10566
"/Engine/EngineResources/FilmGrains/Marcie_Grain_v3_128_M2_000" 10567
"/Engine/EngineMaterials/DefaultBloomKernel" 10568
"/Engine/EditorResources/BSPVertex" 10569
"/InterchangeAssets/Functions/MX_TranslucentBSDF" 10570
"/InterchangeAssets/Functions/MX_BurleyDiffuseBSDF" 10571
"/InterchangeAssets/Functions/MX_OrenNayarBSDF" 10572
"/InterchangeAssets/Functions/MX_UsdPreviewSurface" 10573
"/InterchangeAssets/Functions/MX_SurfaceUnlit" 10574
"/Interchange/Pipelines/DefaultGLTFSceneAssetsPipeline" 10575
"/Interchange/Pipelines/DefaultSceneLevelPipeline" 10576
"/Interchange/Pipelines/DefaultSceneAssetsPipeline" 10577
"/Interchange/Pipelines/DefaultTexturePipeline" 10578
"/Interchange/Pipelines/DefaultMaterialPipeline" 10579
"/Interchange/Pipelines/DefaultGLTFPipeline" 10580
"/Interchange/Pipelines/DefaultGLTFAssetsPipeline" 10581
"/Engine/EngineMaterials/LTC/Sheen_LTC" 10582
"/Interchange/Pipelines/DefaultAssetsPipeline" 10583
"/Engine/EngineMaterials/FastBlueNoise_vec2_128x128x64" 10584
"/Engine/EngineMaterials/FastBlueNoise_scalar_128x128x8" 10585
"/Engine/EngineMaterials/FastBlueNoise_scalar_128x128x64" 10586
"/Engine/EngineResources/Development/ZenLogo_64" 10587
"../../../Engine/Plugins/Interchange/Assets/Content/Functions/MX_DielectricBSDF.uasset" 10588
"../../../Engine/Plugins/Interchange/Assets/Content/Functions/MX_GeneralizedSchlickBSDF.uasset" 10589
"../../../Engine/Plugins/Interchange/Assets/Content/Functions/MX_SheenBSDF.uasset" 10590
"../../../Engine/Plugins/Interchange/Assets/Content/Functions/MX_UniformEDF.uasset" 10591
"../../../Engine/Plugins/Interchange/Assets/Content/Functions/MX_ConicalEDF.uasset" 10592
"../../../Engine/Plugins/Animation/ControlRig/Content/Controls/ControlRigGizmoMaterial.uasset" 10593
"../../../Engine/Plugins/Interchange/Assets/Content/Functions/MX_SubsurfaceBSDF.uasset" 10594
"../../../Engine/Plugins/Interchange/Assets/Content/Functions/MX_AnisotropicVDF.uasset" 10595
"../../../Engine/Plugins/Interchange/Assets/Content/Functions/MX_MeasuredEDF.uasset" 10596
"../../../Engine/Plugins/Interchange/Assets/Content/Functions/MX_ConductorBSDF.uasset" 10597
"../../../Engine/Plugins/Interchange/Assets/Content/Functions/MX_AbsorptionVDF.uasset" 10598
"../../../Engine/Plugins/Interchange/Assets/Content/Functions/MX_ThinFilmBSDF.uasset" 10599
"/ControlRig/Controls/ControlRigGizmoMaterial" 10600
"/InterchangeAssets/Functions/MX_AnisotropicVDF" 10601
"/InterchangeAssets/Functions/MX_AbsorptionVDF" 10602
"/InterchangeAssets/Functions/MX_MeasuredEDF" 10603
"/InterchangeAssets/Functions/MX_ConicalEDF" 10604
"/InterchangeAssets/Functions/MX_UniformEDF" 10605
"/InterchangeAssets/Functions/MX_ThinFilmBSDF" 10606
"/InterchangeAssets/Functions/MX_SheenBSDF" 10607
"/InterchangeAssets/Functions/MX_SubsurfaceBSDF" 10608
"/InterchangeAssets/Functions/MX_GeneralizedSchlickBSDF" 10609
"/InterchangeAssets/Functions/MX_ConductorBSDF" 10610
"/InterchangeAssets/Functions/MX_DielectricBSDF" 10611
"S:/Projects/MyProject2/Saved/Cooked/Windows/MyProject2/Metadata/CookedSettings.txt" 10612
